Entity,Year,Poultry,Beef,Pork,Sheep,Fish,Other,HighConsumption
Afghanistan,1961,0.641744,4.8894787,,8.332486,0.03055924,0.86584514,0
Afghanistan,1962,0.6727264,5.106605,,8.072717,0.030578472,0.89696854,0
Afghanistan,1963,0.6731559,5.1608615,,8.251259,0.030597994,1.0913285,0
Afghanistan,1964,0.6837137,5.132955,,8.520909,0.030614045,1.0306728,0
Afghanistan,1965,0.7146252,5.0942564,,8.820517,0.030626792,1.0821466,0
Afghanistan,1966,0.7352231,6.953985,,9.169866,0.030634295,1.0517775,0
Afghanistan,1967,0.75566953,6.4946733,,10.017728,0.040847,1.1335043,0
Afghanistan,1968,0.77618355,6.9243746,,10.86657,0.040851764,1.1029978,0
Afghanistan,1969,0.90988785,7.146198,,10.131448,0.040893834,1.0836866,0
Afghanistan,1970,0.89128095,5.767715,,9.875803,0.040978435,1.0551946,0
Afghanistan,1971,0.87369996,5.632795,,9.744324,0.051394116,1.1203917,0
Afghanistan,1972,0.84595454,5.4058557,,7.7992883,0.051582593,1.0935509,0
Afghanistan,1973,0.8683518,5.4375367,,8.600818,0.05168761,1.0854398,0
Afghanistan,1974,0.83757704,5.2219315,,8.975517,0.051702287,1.0754075,0
Afghanistan,1975,0.8569405,5.0177484,,9.333425,0.051622923,1.0737567,0
Afghanistan,1976,0.83488446,5.009307,,10.987492,0.061843295,1.0616432,0
Afghanistan,1977,0.85268044,5.198269,,10.817741,0.06163955,1.1814247,0
Afghanistan,1978,0.86715496,5.182526,,10.915951,0.061210938,1.1630079,0
Afghanistan,1979,0.9289634,5.471697,,10.626933,0.061250333,1.0514641,0
Afghanistan,1980,0.96053064,5.362083,,11.684696,0.07388697,1.1083045,0
Afghanistan,1981,1.115663,6.101282,,13.666873,0.08135043,1.208635,0
Afghanistan,1982,1.2272962,6.8377934,,15.291109,0.087664016,1.3024367,0
Afghanistan,1983,1.267078,6.82746,,14.51604,0.098413825,1.2793797,0
Afghanistan,1984,1.3192084,6.6423297,,13.053219,0.09257602,1.1572003,0
Afghanistan,1985,1.2941338,6.4706693,,11.23045,0.08773789,0.976084,0
Afghanistan,1986,1.4120011,6.510296,,10.207368,0.09700772,0.74372584,0
Afghanistan,1987,1.457524,6.837502,,11.017166,0.11788797,0.7609132,0
Afghanistan,1988,1.2515424,6.8940897,,11.635103,0.116669215,0.8697159,0
Afghanistan,1989,1.2083802,6.724899,,11.989233,0.105076544,0.94568884,0
Afghanistan,1990,1.162701,8.095032,,12.625178,0.13162653,1.0530123,0
Afghanistan,1991,1.1385248,8.051835,,12.781995,0.12911105,1.0798379,0
Afghanistan,1992,1.0538758,7.1709375,,11.03133,0.12600689,1.1455172,0
Afghanistan,1993,0.845237,6.9461145,,9.395135,0.108363725,1.0619645,0
Afghanistan,1994,0.75729054,7.3382525,,8.682177,0.10666065,0.88528335,0
Afghanistan,1995,0.7604682,7.9152956,,8.1402235,0.096397385,0.78188986,0
Afghanistan,1996,0.7643044,8.364289,,8.461173,0.09688366,0.5382426,0
Afghanistan,1997,0.79125774,8.767991,,8.971152,0.085541375,0.55601895,0
Afghanistan,1998,0.81179804,9.246064,,9.414749,0.08434265,0.54822725,0
Afghanistan,1999,0.726315,7.730067,,9.971267,0.083007425,0.5395483,0
Afghanistan,2000,0.67445165,6.4494443,,8.683565,0.063229844,0.5269154,0
Afghanistan,2001,0.67225385,5.486459,,7.416478,0.06505682,0.5096118,0
Afghanistan,2002,1.1947181,7.147164,,5.656409,0.06343636,0.49691817,0
Afghanistan,2003,1.2657835,6.0635114,,5.3693724,0.061247587,0.4593569,0
Afghanistan,2004,1.5194441,6.4142976,,5.5576982,0.06118567,0.46909016,0
Afghanistan,2005,2.2710903,5.9272404,,5.4689484,0.061105568,0.59068716,0
Afghanistan,2006,1.4002738,4.7649603,,4.6944427,0.060443472,0.44325212,0
Afghanistan,2007,1.1189266,5.421708,,3.895899,0.081376486,0.45774272,0
Afghanistan,2008,2.0048554,5.08374,,4.8587055,0.08183083,0.47052726,0
Afghanistan,2009,1.5682641,4.977974,,5.0184455,0.07082483,0.43506685,0
Afghanistan,2010,2.2899997,4.7399993,,5.0399995,0.11999999,0.36999997,0
Afghanistan,2011,1.9200002,4.8000007,,4.6600003,0.14000002,0.36000007,0
Afghanistan,2012,2.0499997,4.3999996,,5.0299997,0.15999998,0.36999997,0
Afghanistan,2013,2.1099997,4.1799994,,5.199999,0.17999998,0.37999994,0
Afghanistan,2014,2.1099997,4.9899993,0.029999996,5.0599995,0.18999998,0.42999998,0
Afghanistan,2015,1.96,3.81,0.02,4.77,0.21,0.36,0
Afghanistan,2016,1.9999999,3.28,0.01,4.8,0.23,0.36,0
Afghanistan,2017,1.7900001,2.9200003,0.020000001,4.45,0.43000004,0.33000004,0
Afghanistan,2018,1.4599998,2.6699996,0.029999994,4.319999,0.4199999,0.31999993,0
Afghanistan,2019,1.8100002,2.7600002,0.040000003,3.4500005,0.38000003,0.31000003,0
Afghanistan,2020,1.6399997,3.1999996,0.05999999,4.0299997,0.35999995,0.29999998,0
Afghanistan,2021,1.53,3.0,0.02,3.91,0.35,0.3,0
Albania,1961,0.8679559,4.1227903,2.0189412,7.3493223,1.8113862,0.0,0
Albania,1962,0.86503154,4.043082,1.9933333,7.164717,1.5326102,0.0,0
Albania,1963,0.90036446,4.023504,1.6975621,6.6214304,1.5850166,0.0,0
Albania,1964,0.9722219,3.0755866,1.6452986,6.469015,1.5424675,0.0,0
Albania,1965,1.1841916,3.2821689,1.8089226,6.2659583,1.9860853,0.0,0
Albania,1966,1.4044856,3.3298402,2.0741742,6.1853175,1.9346557,0.0,0
Albania,1967,1.4106236,3.9627385,2.2922633,7.600662,2.3479457,0.0,0
Albania,1968,1.4616343,3.3673093,2.5347328,6.401588,2.7290008,0.0,0
Albania,1969,1.5039183,3.9397123,2.7033625,5.351366,3.1001015,0.0,0
Albania,1970,1.462968,4.2600894,2.7051108,4.986973,3.4411952,0.0,0
Albania,1971,1.5889691,4.472994,2.6911442,4.9046793,3.3432643,0.0,0
Albania,1972,1.5861275,4.3183007,2.6679947,4.54751,3.2547703,0.0,0
Albania,1973,1.703963,4.168297,2.4460115,4.424807,3.1697378,0.0,0
Albania,1974,1.840166,4.211325,2.4718647,4.4127364,3.2866645,0.0,0
Albania,1975,1.9964546,3.7364836,2.4177248,4.3775473,3.2053168,0.0,0
Albania,1976,2.1712477,4.5257235,2.4277666,4.388303,3.1331933,0.0,0
Albania,1977,2.2672246,4.0387807,2.4508054,4.0846753,3.0658014,0.0,0
Albania,1978,2.402442,4.768065,2.402442,4.3722606,3.1756418,0.0,0
Albania,1979,2.5242043,4.8819776,2.422496,4.3641915,3.115959,0.0,0
Albania,1980,2.6497884,4.899784,2.3801608,4.286149,3.0588784,0.0,0
Albania,1981,2.7593486,4.845229,2.9370694,4.209176,3.1334975,0.0,0
Albania,1982,2.8911333,4.7651906,2.8911333,3.9176269,3.0229766,0.0,0
Albania,1983,2.561932,5.15233,2.979432,3.6910799,3.1312501,0.0,0
Albania,1984,2.39564,5.2991557,3.0664191,3.1622448,2.481883,0.0,0
Albania,1985,3.0278015,5.3568797,3.2801185,3.0860286,3.5906622,0.0,0
Albania,1986,2.4648213,4.8113313,3.490187,2.8098962,2.8394742,0.0,0
Albania,1987,2.2900863,5.1024733,3.455218,2.9630504,3.2543333,0.0,0
Albania,1988,2.7910595,6.164868,3.680518,3.343137,3.4249263,0.0,0
Albania,1989,2.9142885,6.430103,3.66101,3.66101,2.6550102,0.0,0
Albania,1990,2.9186394,7.165835,4.0379744,3.6404536,2.290975,0.03138322,0
Albania,1991,3.0910754,11.966129,2.7557724,3.782638,0.6182151,0.0,0
Albania,1992,0.8346909,11.977814,3.6204717,4.47603,0.74078816,0.031300906,0
Albania,1993,3.9649317,9.244606,5.08298,4.6067743,0.8281842,0.0,0
Albania,1994,4.5921297,9.965024,5.4139876,5.6194515,0.90404344,0.030819662,0
Albania,1995,5.1529884,10.51046,5.204109,5.5721793,1.4211614,0.010224183,0
Albania,1996,6.8324656,12.17384,3.257932,5.1371155,1.0417211,0.25532383,0
Albania,1997,3.3169532,11.056511,2.8050776,4.8628173,1.1773136,0.3071253,0
Albania,1998,2.5615025,11.017547,5.153867,5.184728,1.7591041,0.33947626,0
Albania,1999,9.08031,11.469321,6.2672753,5.7294893,2.7509823,0.11376242,0
Albania,2000,5.5463705,11.788634,4.3103814,6.22149,3.4067593,0.09347816,0
Albania,2001,7.846101,11.868139,6.8562202,6.178934,3.4176905,0.04167915,0
Albania,2002,12.069329,13.553177,7.4401402,6.3533783,4.7545843,0.073147446,0
Albania,2003,10.241672,14.545688,8.440478,6.419371,4.555345,0.03141617,0
Albania,2004,9.713223,15.562159,9.209187,7.088028,4.882864,0.05250391,0
Albania,2005,10.03283,15.818568,9.674515,7.14523,5.05857,0.073770806,0
Albania,2006,7.8245554,19.25963,12.684462,7.2739778,5.0610795,0.07411622,0
Albania,2007,10.393446,19.531593,12.97851,8.946661,5.574376,0.053190615,0
Albania,2008,13.636848,21.626436,11.6046915,10.299831,5.8611712,0.07486898,0
Albania,2009,14.773573,21.192657,12.268302,11.644672,6.3438196,0.043008946,1
Albania,2010,14.699989,15.2899885,9.719994,7.359995,6.189996,0.049999963,0
Albania,2011,14.349951,14.999948,9.819965,7.5799737,6.4599776,0.01999993,0
Albania,2012,13.709995,14.999994,10.049996,8.039997,7.179997,0.009999996,0
Albania,2013,14.279955,15.139954,9.969969,8.099976,7.1599774,0.0,0
Albania,2014,11.83,13.55,6.75,8.58,7.7600007,0.0,0
Albania,2015,11.929992,13.919991,7.079995,9.109993,8.369994,0.0,0
Albania,2016,13.629981,13.989981,7.1099906,9.129988,8.899987,0.0,0
Albania,2017,11.549996,13.879995,8.259997,9.119997,8.749997,0.16999994,0
Albania,2018,9.509971,13.419958,5.9099813,10.929966,9.219972,0.0,0
Albania,2019,12.339987,13.369986,7.1699924,8.7099905,8.419991,0.5699994,0
Albania,2020,14.080001,11.8,5.66,8.29,8.44,0.0,0
Albania,2021,22.02,13.87,7.7,8.08,8.47,0.32,0
Algeria,1961,1.80413,4.046833,1.4054272,3.6182277,3.2992654,0.48841092,0
Algeria,1962,1.6593487,3.3186975,0.6033996,3.2684143,1.9409353,0.472663,0
Algeria,1963,1.5310111,2.3928385,0.15208721,2.8997958,1.378924,0.4562616,0
Algeria,1964,1.5631528,2.1965873,0.1328169,3.1263056,1.5529361,0.4699675,0
Algeria,1965,1.7122536,2.3105109,0.14440693,3.249156,1.4028102,0.5466833,0
Algeria,1966,1.7478747,2.3929238,0.13525221,3.037973,1.5814105,0.53060484,0
Algeria,1967,1.8000017,2.312793,0.03139538,2.8883748,1.4651177,0.5127912,0
Algeria,1968,1.8739215,2.526636,0.031582948,3.4004307,1.1896243,0.49479952,0
Algeria,1969,1.927381,2.5204215,0.031770017,3.4523418,1.5249609,0.48714027,0
Algeria,1970,1.9700289,2.1617072,0.021297608,3.6205935,1.5547255,0.4791962,0
Algeria,1971,2.0330017,2.685702,0.010700009,3.638003,1.4766012,0.4815004,0
Algeria,1972,2.0840583,2.911236,0.010742568,3.6417308,1.8262366,0.49415815,0
Algeria,1973,2.1770384,2.96379,0.0,3.7505414,1.8321611,0.5065386,0
Algeria,1974,2.2584565,3.1769676,0.0,3.533566,2.2260385,0.48627055,0
Algeria,1975,2.3016722,2.9975264,0.0,3.4899774,2.3016722,0.5352726,0
Algeria,1976,2.3080611,3.1683385,0.0,3.5565126,2.014308,0.503577,0
Algeria,1977,2.3386128,3.887294,0.010393835,3.6066606,2.3594005,0.5612671,0
Algeria,1978,2.3910933,3.253966,0.0,3.6594121,1.9336667,0.53019893,0
Algeria,1979,2.4324844,3.1081746,0.0,3.9605834,2.1829987,0.57173777,0
Algeria,1980,3.2112992,3.2840471,0.0,4.032311,2.5669608,0.55080533,0
Algeria,1981,3.7296278,3.4283488,0.010388936,4.062074,3.0127916,0.5090579,0
Algeria,1982,4.402582,3.4992223,0.010383449,4.7452364,3.374621,0.51917243,0
Algeria,1983,4.844066,4.3669205,0.0,4.626239,3.4022563,0.46677297,0
Algeria,1984,7.0197387,3.1992612,0.020707192,4.7937155,3.3027973,0.41414386,0
Algeria,1985,7.236169,3.9845378,0.0,4.480025,3.5406647,0.40258282,0
Algeria,1986,7.4374094,4.2279053,0.0,4.4439297,3.6724138,0.3806143,0
Algeria,1987,7.302898,3.8209255,0.0,4.919955,4.375576,0.40058088,0
Algeria,1988,7.519879,3.903762,0.0,4.910522,4.5304184,0.3903762,0
Algeria,1989,7.4810843,3.5350177,0.0,5.5183268,4.1824193,0.38021994,0
Algeria,1990,7.6093516,3.9177878,0.0,5.8201256,3.6093006,0.3804676,0
Algeria,1991,7.553481,4.270701,0.010290845,5.876073,3.0357995,0.37047046,0
Algeria,1992,7.452936,4.364703,0.0,6.1558785,3.5411744,0.3602939,0
Algeria,1993,7.4733,4.5189786,0.0,6.4953885,3.7160623,0.34998927,0
Algeria,1994,7.5338054,4.477056,0.0,6.3707995,4.8681555,0.34993085,0
Algeria,1995,7.318965,4.683726,0.010293902,6.341044,4.014622,0.3499927,0
Algeria,1996,7.4343133,4.365857,0.010296833,6.610567,2.9963784,0.3397955,0
Algeria,1997,7.474029,3.8399625,0.0,6.0739355,3.2634535,0.32943377,0
Algeria,1998,8.270255,4.202072,0.0102991965,6.086825,3.3781364,0.3192751,0
Algeria,1999,7.75044,4.586364,0.0,5.8952813,3.6897042,0.35041884,0
Algeria,2000,7.9362884,4.699932,0.0,5.9264493,3.9578373,0.3710473,0
Algeria,2001,7.74873,3.5240235,0.010304162,5.7085056,4.5956564,0.35034153,0
Algeria,2002,7.7866945,4.274442,0.0102998605,5.685523,4.6349373,0.35019526,0
Algeria,2003,8.081935,5.260979,0.010295458,5.6316156,5.1786156,0.33975014,0
Algeria,2004,8.285437,6.669519,0.010292467,6.031386,4.3537135,0.34994388,0
Algeria,2005,8.274703,6.65686,0.010304736,6.26528,4.5856075,0.3400563,0
Algeria,2006,7.8436537,5.831137,0.010320596,6.192358,5.2841454,0.3509003,0
Algeria,2007,7.848943,5.7214665,0.010327557,6.155224,5.2980366,0.3408094,0
Algeria,2008,7.7610044,5.508143,0.010334226,5.7148275,4.857086,0.3410295,0
Algeria,2009,7.7012453,5.92324,0.010337242,6.0266123,4.91019,0.341129,0
Algeria,2010,7.3099985,4.919999,0.0,7.439998,3.929999,0.35999992,0
Algeria,2011,7.329998,5.3999987,0.0,7.5099983,4.079999,0.36999992,0
Algeria,2012,7.469998,6.1799984,0.0,7.599998,4.129999,0.36999992,0
Algeria,2013,7.46,5.94,0.0,7.66,4.22,0.37,0
Algeria,2014,7.810001,6.2400002,0.0,7.790001,4.4100003,0.38000003,0
Algeria,2015,7.9,5.88,0.0,7.9,4.17,0.38,0
Algeria,2016,7.3,5.67,0.0,7.99,4.06,0.38,0
Algeria,2017,6.9500003,5.0700006,0.0,7.9600005,4.1400003,0.36000004,0
Algeria,2018,6.8100004,5.0300007,0.010000001,7.8700004,4.2600007,0.36000004,0
Algeria,2019,6.56,5.26,0.02,8.13,3.89,0.34,0
Algeria,2020,5.9300003,4.0100007,0.020000001,8.130001,3.8200002,0.35000002,0
Algeria,2021,5.8400006,3.5300004,0.010000001,8.180001,3.7600005,0.35000002,0
Angola,1961,0.5669149,3.0762105,1.4684026,0.30669168,6.6635737,0.7342013,0
Angola,1962,0.5689675,3.3485136,1.445737,0.3078021,9.112808,0.7275322,0
Angola,1963,0.580714,3.4561846,1.4424185,0.3090897,8.279858,0.7118429,0
Angola,1964,0.58358514,3.8874302,1.4213122,0.32003057,11.229308,0.8847904,0
Angola,1965,0.5967694,4.272111,1.5819124,0.33153853,9.965101,0.8714727,0
Angola,1966,0.6589931,4.402838,1.5472012,0.3533731,10.582092,0.8595562,0
Angola,1967,0.6943627,4.976266,1.5333843,0.3375374,13.154316,1.0319002,0
Angola,1968,0.7498976,5.103199,1.5484899,0.37981826,13.761108,1.0225877,0
Angola,1969,0.82421744,5.769522,1.5503138,0.4022966,12.431947,1.0106475,0
Angola,1970,0.94380784,6.528004,1.5140251,0.41291592,14.422564,0.9929645,0
Angola,1971,0.9694769,6.6688256,1.5668314,0.4308786,10.869892,0.9694769,0
Angola,1972,0.97113216,6.3414936,1.5441002,0.45643213,5.9918857,0.94199824,0
Angola,1973,0.96119976,6.449651,1.5859796,0.4613759,5.584571,0.91313976,0
Angola,1974,0.94233805,6.4155135,1.6371934,0.46640977,7.3007402,0.88522667,0
Angola,1975,0.92499524,7.4565945,1.6706547,0.47193635,4.237988,0.8494854,0
Angola,1976,0.8995226,6.568389,1.7334551,0.47787136,8.470505,0.8245624,0
Angola,1977,0.8746924,8.644567,2.0006263,0.48387235,13.69731,0.8002505,0
Angola,1978,0.8504406,8.254821,2.0059307,0.4806838,12.950731,0.77648926,0
Angola,1979,0.82791436,7.8099923,2.2077718,0.48754954,11.572403,0.74512297,0
Angola,1980,1.045153,8.361224,2.6128824,0.47673646,7.811144,0.7242727,0
Angola,1981,1.1443602,8.257703,2.407734,0.46689892,12.157682,0.695771,0
Angola,1982,1.3181399,9.016443,2.3616672,0.45768744,20.431168,0.6682237,0
Angola,1983,1.921911,7.239198,2.416117,0.44844592,20.299042,0.649789,0
Angola,1984,1.3427262,7.563111,2.9868808,0.44757542,22.460978,0.62112504,0
Angola,1985,1.4908745,7.3361936,2.9999304,0.4363535,24.099442,0.59998614,0
Angola,1986,1.6418189,7.1265764,2.6341271,0.4239862,23.256094,0.57734287,0
Angola,1987,2.1457145,8.144774,2.6106193,0.4291429,22.29755,0.56325006,0
Angola,1988,1.7274544,7.671669,2.595611,0.42521954,22.137993,0.54038316,0
Angola,1989,1.8275336,7.977887,2.7325141,0.4217385,20.190731,0.52717316,0
Angola,1990,1.9220126,6.849354,2.6296625,0.4280846,16.957392,0.5154488,0
Angola,1991,1.8119868,6.289685,2.4740589,0.4268623,10.427636,0.48784262,0
Angola,1992,2.4475288,6.5325503,2.482369,0.4267933,9.703015,0.49647382,0
Angola,1993,1.552518,6.183906,2.328777,0.43610057,10.1437,0.49715465,0
Angola,1994,1.0642123,5.4606304,2.3203318,0.44487563,10.0664015,0.505937,0
Angola,1995,1.2790412,4.663715,2.392764,0.46985185,9.075102,0.50465566,0
Angola,1996,1.0908111,5.5925713,2.6491127,0.5280911,9.964473,0.50211936,0
Angola,1997,2.2965255,5.883234,2.5889668,0.5848829,8.9366665,0.49887067,0
Angola,1998,2.7016623,6.095839,2.727311,0.61556864,7.4552197,0.48732513,0
Angola,1999,2.3070612,6.0358167,2.4007056,0.63848555,10.019967,0.46822274,0
Angola,2000,3.355101,7.3217645,2.4887204,0.6710202,10.243675,0.4501781,0
Angola,2001,2.470864,7.429574,2.776538,0.7641847,12.914722,0.43303803,0
Angola,2002,4.9039335,7.802099,3.0681455,0.83290386,13.59843,0.41645193,0
Angola,2003,5.8963523,8.142582,3.1566331,0.8848782,11.265181,0.39989692,0
Angola,2004,5.021771,6.698531,3.293941,0.8937049,11.354309,0.3830164,0
Angola,2005,5.690174,7.9271183,3.5808122,0.9526151,10.2150955,0.37424165,0
Angola,2006,6.8446093,7.540959,4.135638,0.95960397,11.820963,0.36515903,0
Angola,2007,7.090387,7.7087846,4.8539925,0.94877344,14.21466,0.34731883,0
Angola,2008,8.468258,7.2102613,5.4372463,1.2326677,14.420523,0.33771718,0
Angola,2009,7.837311,6.00412,5.7013917,1.0679598,13.597567,0.3447744,0
Angola,2010,11.019998,5.8099985,5.6599984,0.92999977,15.729995,0.37999988,0
Angola,2011,12.729994,5.9099975,6.5899973,0.89999956,19.579992,0.36999986,0
Angola,2012,13.869995,6.2199974,6.9299974,0.8799997,23.619993,0.3599999,0
Angola,2013,14.229993,6.309997,7.4099965,0.8799996,23.019989,0.33999985,0
Angola,2014,15.5,6.95,11.01,0.87,24.45,0.37,0
Angola,2015,9.669999,5.4299994,8.629999,0.8499999,20.189999,0.34999996,0
Angola,2016,8.800003,4.6500015,7.670002,0.8300002,18.750006,0.3300001,0
Angola,2017,10.509999,4.7099996,8.229999,0.79999995,17.989998,0.32999998,0
Angola,2018,12.039996,4.189999,7.8299975,0.7899998,14.779996,0.3199999,0
Angola,2019,9.699999,4.4299994,7.5899997,0.78999996,14.169999,0.31999996,0
Angola,2020,8.32,3.7599998,6.4399996,0.74999994,13.709999,0.28999996,0
Angola,2021,8.279998,3.5599992,7.1399984,0.7299999,13.279997,0.27999994,0
Antigua and Barbuda,1961,4.066543,10.420517,4.8290205,0.850455,36.002598,0.4789919,1
Antigua and Barbuda,1962,6.5889287,11.3514185,6.1077695,1.2961828,35.94943,0.5989935,1
Antigua and Barbuda,1963,6.3712497,10.345883,6.1246843,1.1933765,35.465965,0.039450463,1
Antigua and Barbuda,1964,7.2088547,10.194949,6.8770666,1.005419,36.215195,0.17092124,1
Antigua and Barbuda,1965,5.6617055,10.036202,6.0136766,0.8045052,37.298874,0.18101369,1
Antigua and Barbuda,1966,8.902834,11.186384,8.269073,0.8751938,36.69778,0.70417887,1
Antigua and Barbuda,1967,8.198397,8.97297,6.02557,0.8449881,32.049194,1.1668884,1
Antigua and Barbuda,1968,9.297966,7.2272835,6.8754687,0.9549262,25.933784,1.799282,1
Antigua and Barbuda,1969,8.672114,9.214122,7.5780625,1.2245346,34.89924,3.5732322,1
Antigua and Barbuda,1970,12.509297,10.776931,9.296361,1.2086278,30.608498,3.1021445,1
Antigua and Barbuda,1971,10.758545,11.410577,8.741317,1.2633139,30.49273,2.7813282,1
Antigua and Barbuda,1972,11.067963,9.794474,7.599518,1.2527816,35.16071,2.4745026,1
Antigua and Barbuda,1973,5.4413495,10.112896,6.5696917,1.0861609,39.934868,2.1723218,1
Antigua and Barbuda,1974,10.355586,8.626074,5.6397123,0.99903476,37.75922,1.181654,1
Antigua and Barbuda,1975,9.339609,6.9696965,5.536977,1.5619878,44.44663,0.010772329,1
Antigua and Barbuda,1976,6.987861,7.7424192,5.2053556,1.2466607,47.679302,0.0,1
Antigua and Barbuda,1977,5.3587575,11.14316,5.4133277,1.0804827,47.09377,0.0327419,1
Antigua and Barbuda,1978,13.272987,13.261954,5.902783,1.0922908,40.845055,0.077232674,1
Antigua and Barbuda,1979,13.632932,11.150222,8.030357,1.2413547,44.677784,0.0,1
Antigua and Barbuda,1980,15.195588,12.035682,15.10931,1.5098525,46.32012,0.032353982,1
Antigua and Barbuda,1981,30.788729,11.625085,8.990352,1.6453635,40.46734,0.064524055,1
Antigua and Barbuda,1982,32.82592,12.626981,8.618918,1.670907,31.91644,0.0,1
Antigua and Barbuda,1983,35.275272,13.137285,8.210803,1.7149146,32.50023,0.0,1
Antigua and Barbuda,1984,40.28465,14.910751,9.807278,1.6806619,41.750107,0.0,1
Antigua and Barbuda,1985,42.814594,14.362821,9.970799,1.7040634,52.59267,0.0,1
Antigua and Barbuda,1986,44.463326,15.363344,9.539331,1.526293,55.016838,0.0,1
Antigua and Barbuda,1987,47.191525,17.508427,9.6203375,1.4777935,49.67735,0.0,1
Antigua and Barbuda,1988,52.544296,18.663166,9.508765,1.9194713,45.43733,0.0,1
Antigua and Barbuda,1989,57.386303,13.820632,6.847008,2.230391,48.747192,0.0,1
Antigua and Barbuda,1990,62.199665,14.554036,6.8806243,2.4175165,30.7328,0.0,1
Antigua and Barbuda,1991,56.591206,15.681901,5.6591206,2.103907,30.1073,0.0,1
Antigua and Barbuda,1992,51.792164,14.3482895,5.844517,1.9189498,48.207527,0.0,1
Antigua and Barbuda,1993,46.927063,15.191575,5.6956067,2.290088,40.767513,0.0,1
Antigua and Barbuda,1994,52.46874,13.73135,4.753544,2.3967447,38.717415,0.0,1
Antigua and Barbuda,1995,48.442932,13.069851,4.353304,2.5543358,38.672844,0.0,1
Antigua and Barbuda,1996,61.09973,10.126473,5.0632367,2.2458713,35.733418,0.0,1
Antigua and Barbuda,1997,60.81788,9.12723,5.872559,2.5168111,40.73393,0.0,1
Antigua and Barbuda,1998,57.72059,10.999738,6.962763,2.5791786,36.934246,0.0,1
Antigua and Barbuda,1999,58.425907,10.777295,6.0834584,2.367505,42.090122,0.0,1
Antigua and Barbuda,2000,51.816437,9.600639,7.6160917,2.6287465,46.226456,0.0,1
Antigua and Barbuda,2001,52.575466,8.177024,7.1095543,3.0054967,43.869892,0.0,1
Antigua and Barbuda,2002,49.222958,8.702859,8.744301,3.6054704,46.54994,0.0,1
Antigua and Barbuda,2003,50.9783,8.193867,8.048659,2.8834112,53.135666,0.0,1
Antigua and Barbuda,2004,52.13603,8.06966,7.7684755,3.022228,53.953518,0.0,1
Antigua and Barbuda,2005,54.01094,10.110167,11.647993,3.803002,56.141037,3.657532,1
Antigua and Barbuda,2006,54.41076,10.176371,9.571123,3.0262394,57.16002,3.4570937,1
Antigua and Barbuda,2007,55.836166,11.304443,9.584202,3.8295848,58.406292,3.409764,1
Antigua and Barbuda,2008,56.399895,11.422893,11.239146,3.664717,58.615055,3.3584733,1
Antigua and Barbuda,2009,56.779976,11.565538,8.442741,3.2550328,57.18686,3.3058927,1
Antigua and Barbuda,2010,82.65071,7.5982265,8.238077,1.6096244,53.9974,1.2697036,1
Antigua and Barbuda,2011,62.23637,10.9576,8.478143,1.9695686,55.52784,0.1799606,1
Antigua and Barbuda,2012,74.574684,7.328495,11.267687,1.1697598,55.758553,0.119975366,1
Antigua and Barbuda,2013,62.77149,10.818533,8.708819,1.629779,54.002674,0.34995255,1
Antigua and Barbuda,2014,61.161774,11.368471,7.8989377,1.9297404,54.632652,0.40994486,1
Antigua and Barbuda,2015,65.88682,11.207757,7.8284335,1.9196159,55.158962,0.28994197,1
Antigua and Barbuda,2016,46.332325,10.298294,8.86853,1.9796721,54.400986,0.25995693,1
Antigua and Barbuda,2017,68.77019,10.958437,8.698759,1.7097561,55.89203,0.3099558,1
Antigua and Barbuda,2018,66.59982,10.7383585,7.728819,1.419783,56.691338,0.20996791,1
Antigua and Barbuda,2019,65.22505,9.699263,6.4295115,1.8598588,55.225803,0.33997416,1
Antigua and Barbuda,2020,66.00146,7.5690203,6.4791613,1.049864,54.902893,0.05999223,1
Antigua and Barbuda,2021,67.783455,8.349195,7.169308,2.4197664,54.574734,0.07999228,1
Argentina,1961,2.077591,84.57316,8.806959,7.033406,4.2261243,0.91211313,1
Argentina,1962,2.421226,87.224915,7.4055066,6.534271,4.1839595,0.8003216,1
Argentina,1963,2.8957407,87.70248,6.935603,5.740857,5.194109,0.8302474,1
Argentina,1964,3.9256682,66.08883,6.8699193,5.8986197,6.91039,1.2647127,1
Argentina,1965,5.7924447,67.68972,9.552984,6.6213813,6.712362,1.0108979,1
Argentina,1966,5.4621315,77.43909,9.874242,6.703984,6.118395,0.8884798,1
Argentina,1967,5.534385,80.21331,9.264299,7.01627,5.252122,0.8367104,1
Argentina,1968,5.990165,84.53684,7.852654,8.023801,5.6277356,0.59398276,1
Argentina,1969,6.227176,90.10795,8.67177,7.0420413,5.0903897,0.86516505,1
Argentina,1970,7.844556,82.03595,8.729583,6.386273,5.310161,0.8548554,1
Argentina,1971,8.753018,62.206802,10.191733,6.992354,6.5798554,1.2274349,1
Argentina,1972,8.318127,60.34166,8.751152,5.236593,5.9012375,0.67471486,1
Argentina,1973,8.263713,64.446884,9.8963,4.565198,5.5830455,0.6550504,1
Argentina,1974,11.095333,72.971214,9.382157,4.010847,6.3185954,1.2294556,1
Argentina,1975,10.730027,83.96624,9.732589,4.2416353,4.765543,1.0276647,1
Argentina,1976,9.811777,86.62369,9.207356,4.099993,3.3545399,1.0678115,1
Argentina,1977,9.230491,86.426384,8.827852,4.127046,4.5800147,1.2582457,1
Argentina,1978,9.702211,89.66251,7.832148,4.1322374,7.0479283,1.146168,1
Argentina,1979,10.815628,84.18515,9.359485,4.1374545,7.68241,1.205084,1
Argentina,1980,11.238043,85.32886,9.5122,3.8129075,6.0304146,1.204076,1
Argentina,1981,11.040441,85.004364,8.934634,3.7403126,6.0566993,1.2835388,1
Argentina,1982,11.827022,70.21041,7.948159,3.4879692,5.883442,1.1927251,1
Argentina,1983,12.203988,67.21211,7.043845,3.4768338,5.9016,1.1522648,1
Argentina,1984,11.881785,72.57307,7.032895,3.5264661,5.0292215,1.3224248,1
Argentina,1985,12.101091,82.11312,6.361087,3.1955698,6.82189,1.1219555,1
Argentina,1986,12.879936,72.20175,6.7003713,3.1849298,5.76893,1.1117208,1
Argentina,1987,14.517906,72.04887,6.568101,2.8635318,5.2564836,1.261556,1
Argentina,1988,12.348648,67.5273,6.004205,2.6518574,6.594619,0.9306518,1
Argentina,1989,10.821423,65.90867,5.2206864,2.6103432,5.420713,1.0001315,1
Argentina,1990,11.345598,64.19509,4.2483516,2.569003,5.9676843,1.3594725,1
Argentina,1991,12.448421,66.0086,4.52579,2.6475375,6.4340153,1.3187734,1
Argentina,1992,16.057352,64.95838,5.4722815,2.136986,8.697732,1.6077324,1
Argentina,1993,22.416937,64.6558,7.60539,2.1259162,9.262207,1.5769707,1
Argentina,1994,23.40896,61.360004,7.839558,2.7029521,8.06896,1.6058128,1
Argentina,1995,23.782768,55.7988,6.9175363,2.5317783,10.017469,1.5549505,1
Argentina,1996,22.928492,54.27705,6.536762,2.0327737,11.758201,1.6939781,1
Argentina,1997,23.806643,56.02384,6.1086116,1.4549059,11.948165,1.5047313,1
Argentina,1998,26.947317,56.097057,7.165355,1.2158183,11.570204,1.5048242,1
Argentina,1999,27.854704,60.05299,7.930023,1.7732966,10.191474,1.8828825,1
Argentina,2000,27.694094,58.822575,7.93393,2.0208127,8.511305,1.8416275,1
Argentina,2001,26.651634,56.445774,7.2496424,1.7204227,9.984419,1.5911424,1
Argentina,2002,18.83137,52.55104,4.747571,1.4302306,7.200814,1.5692809,1
Argentina,2003,19.491804,54.914318,5.0787807,1.587119,7.2809086,1.7061529,1
Argentina,2004,21.7953,56.004013,5.0723605,2.0507395,6.76645,1.5256709,1
Argentina,2005,24.086681,55.43399,5.3811727,2.344371,6.637439,1.572806,1
Argentina,2006,27.436695,54.90302,6.5085607,2.1826887,8.948037,1.59998,1
Argentina,2007,28.554247,54.356632,6.9338984,2.3573282,7.190344,1.4400415,1
Argentina,2008,31.101418,53.878258,7.6349697,2.0195725,7.684228,1.2412983,1
Argentina,2009,32.916912,53.68428,8.047232,2.0560772,6.0009913,1.3280883,1
Argentina,2010,33.969997,51.389996,7.9599996,1.8499999,5.7499995,1.0699999,1
Argentina,2011,37.680004,49.250004,8.66,1.5300001,5.9100003,0.9700001,1
Argentina,2012,38.589996,51.309998,8.679999,1.4799999,5.7599998,0.9699999,1
Argentina,2013,37.79,55.180004,10.16,1.48,7.0500007,1.0,1
Argentina,2014,38.97999,51.419983,10.509997,1.5699996,5.859998,0.96999973,1
Argentina,2015,44.49001,52.280006,11.420002,1.5500002,7.180001,0.98000014,1
Argentina,2016,44.060005,49.660004,12.610001,1.3100001,6.0500007,1.02,1
Argentina,2017,44.540005,51.63001,13.670002,1.2700001,7.270001,1.0300001,1
Argentina,2018,44.20001,52.14001,14.960003,1.2700002,7.3700013,1.1100003,1
Argentina,2019,45.160004,48.010002,14.720001,1.3400002,6.8500004,1.2100002,1
Argentina,2020,46.37,51.43,14.41,1.39,6.81,1.18,1
Argentina,2021,48.41999,48.489994,15.979998,1.2999997,6.769999,1.2999997,1
Armenia,1992,3.299871,7.6418066,4.698939,2.2867525,1.2446882,0.0,0
Armenia,1993,1.7935156,12.086735,1.3061472,2.446589,1.1891788,0.0,0
Armenia,1994,1.336005,13.93541,1.8040943,2.1941688,0.9166749,0.0,0
Armenia,1995,2.4831195,16.043282,1.4937516,2.133931,0.9602689,0.067897804,0
Armenia,1996,5.6940627,9.974228,0.7790863,1.6639744,0.5097725,0.0,0
Armenia,1997,6.062245,11.625696,0.7290041,1.4963768,0.49879226,0.0,0
Armenia,1998,6.157698,11.767833,0.951033,1.5754486,0.5571708,0.0,0
Armenia,1999,6.803642,10.268191,0.91680276,1.3993306,0.781695,0.01930111,0
Armenia,2000,5.1646495,10.2030945,2.6308646,2.5532007,1.0678786,0.02912396,0
Armenia,2001,5.9771385,10.38186,2.8127713,2.1779444,1.1915212,0.029299699,0
Armenia,2002,6.1233606,11.569619,3.0911198,1.9037372,1.0696255,0.019626155,0
Armenia,2003,5.916254,13.722559,3.071333,2.0180233,0.7776773,0.009844016,0
Armenia,2004,5.9419494,14.7463,3.346048,2.3590133,0.48364708,0.029611044,0
Armenia,2005,7.2326264,14.356418,4.749194,2.4933267,2.3943853,0.0,0
Armenia,2006,4.9810376,16.213179,6.409861,2.3813727,1.4288236,0.009922385,0
Armenia,2007,10.837812,16.619968,6.8868375,2.4283068,2.2491693,0.009952077,0
Armenia,2008,14.61845,22.780834,8.491673,2.4846377,3.1831303,0.0,0
Armenia,2009,11.143892,21.246487,5.1163783,3.0037446,3.404244,0.0,0
Armenia,2010,14.029971,19.57996,6.6499867,2.7799942,2.6199946,0.0499999,0
Armenia,2011,14.70998,21.189972,7.969989,2.859996,3.2699955,0.059999917,0
Armenia,2012,14.099961,19.909945,8.619976,2.909992,3.4799905,0.019999944,0
Armenia,2013,13.640018,20.70003,9.580012,3.100004,4.2900057,0.020000026,0
Armenia,2014,13.989965,22.649944,10.859973,3.0399926,5.549987,0.039999902,0
Armenia,2015,14.44996,22.979937,10.809971,3.1799912,6.699981,0.029999917,0
Armenia,2016,11.479996,24.759993,9.409997,2.729999,6.699998,0.039999988,0
Armenia,2017,15.9599495,25.599918,9.749969,2.8499908,6.019981,0.039999872,0
Armenia,2018,15.739984,26.009974,10.639989,3.019997,5.789994,0.069999926,0
Armenia,2019,19.619974,26.129963,10.169986,3.3599954,5.659992,0.10999985,0
Armenia,2020,16.24,25.930002,9.17,3.7900002,5.69,0.04,0
Armenia,2021,19.119993,26.609991,10.349997,3.8699985,5.719998,0.029999988,0
Australia,1961,4.795002,41.207047,10.329233,46.07197,12.80665,2.4374592,1
Australia,1962,4.650889,49.493046,11.297868,44.622585,11.677125,2.135816,1
Australia,1963,4.6595726,51.784115,10.785863,42.4051,8.820262,2.674016,1
Australia,1964,5.302078,54.937912,10.374498,40.699184,12.631126,2.356479,1
Australia,1965,6.314754,52.199295,10.808137,38.739162,12.789628,2.121597,1
Australia,1966,5.942793,48.698727,11.583922,38.039913,14.288848,2.1619298,1
Australia,1967,7.464011,44.033607,11.814637,37.685143,13.467672,1.8660028,1
Australia,1968,8.471889,46.18612,12.216709,38.16443,13.209189,1.6984705,1
Australia,1969,8.806054,47.82634,13.013619,40.42966,13.394256,1.9854771,1
Australia,1970,9.703055,45.205784,13.381405,37.63392,13.10476,1.6496218,1
Australia,1971,11.497401,45.655617,13.71389,41.101185,14.290784,1.2145143,1
Australia,1972,12.047407,46.53173,14.187606,43.00492,12.549801,1.0650752,1
Australia,1973,11.613148,48.257744,15.885343,33.646038,13.187641,1.6647518,1
Australia,1974,13.801673,40.864563,14.682418,23.650002,15.983519,1.8415575,1
Australia,1975,13.295872,71.02136,12.505523,26.351637,13.5859995,2.0108879,1
Australia,1976,14.197093,78.56459,11.834248,23.43822,12.9656105,1.8822662,1
Australia,1977,15.059747,78.85339,12.646583,17.903475,14.589129,1.6421531,1
Australia,1978,16.725348,81.01434,13.582464,17.245825,13.542427,1.6615247,1
Australia,1979,18.224384,62.1991,13.220436,18.234392,12.539898,1.6813271,1
Australia,1980,20.76236,52.575974,14.61166,20.082281,13.981588,2.6403,1
Australia,1981,19.74751,51.51915,15.307065,20.465965,16.095367,2.2850833,1
Australia,1982,18.586985,56.09944,14.883525,19.692049,16.665565,2.8671942,1
Australia,1983,20.234035,48.24503,15.334849,20.512852,14.966414,2.539212,1
Australia,1984,19.042673,47.566765,16.078485,21.986904,16.856958,2.305481,1
Australia,1985,21.787334,47.896122,16.175444,23.487906,17.415861,2.8709662,1
Australia,1986,22.198002,46.08967,16.72617,23.80147,17.748379,3.41739,1
Australia,1987,23.17059,46.34118,17.06937,22.106892,18.785337,3.813263,1
Australia,1988,23.23699,43.934475,17.425234,22.624699,19.141659,3.653678,1
Australia,1989,23.385513,45.94837,17.857664,21.52952,18.880968,3.5113385,1
Australia,1990,24.038893,46.69382,18.192137,22.915674,20.00734,3.7407205,1
Australia,1991,23.9203,44.661255,17.962791,21.713816,20.239483,4.192321,1
Australia,1992,25.105242,43.464893,19.222925,20.949476,21.441343,3.8245091,1
Australia,1993,25.886532,42.242798,18.487507,20.759491,20.35737,4.021209,1
Australia,1994,26.742344,42.282494,19.18363,19.918367,20.783945,4.2876325,1
Australia,1995,26.335821,41.12455,19.459917,18.36259,18.956556,4.218161,1
Australia,1996,26.94683,42.38386,18.508324,16.55478,21.066057,3.9876475,1
Australia,1997,31.11604,37.064987,18.966063,16.888971,20.670084,2.7324843,1
Australia,1998,32.8883,39.536694,19.642048,16.934193,20.672647,2.8594131,1
Australia,1999,31.190655,42.697395,19.026096,16.010258,21.353758,2.7729526,1
Australia,2000,32.780254,39.69682,19.099031,17.823061,21.873756,3.0684018,1
Australia,2001,32.01238,42.845158,17.90952,15.064649,21.473198,3.4928117,1
Australia,2002,34.093582,39.28658,20.033016,14.637565,23.069857,4.0288734,1
Australia,2003,35.056255,46.096798,21.037806,13.603165,25.09951,3.605902,1
Australia,2004,34.895603,37.493244,20.557865,13.099804,28.005777,3.2774878,1
Australia,2005,37.559258,43.12397,22.157116,13.082667,25.99239,3.3876579,1
Australia,2006,38.292168,36.181816,22.000664,13.844718,26.241755,3.6599805,1
Australia,2007,39.818085,44.060997,23.18302,14.544209,26.773174,2.9272003,1
Australia,2008,37.976765,38.516674,22.716787,12.662317,27.04622,2.6078465,1
Australia,2009,38.914143,39.178654,21.954697,11.628462,25.932587,2.5535815,1
Australia,2010,46.72001,38.81001,22.370005,10.260002,27.890005,2.1500006,1
Australia,2011,47.329994,42.119995,23.619999,9.219999,27.309996,2.3199997,1
Australia,2012,47.599995,37.049995,24.569998,9.989999,26.889996,2.2399998,1
Australia,2013,47.94998,35.969986,24.24999,9.969996,26.939991,2.309999,1
Australia,2014,47.750004,35.180004,24.560001,11.210001,26.280003,1.1400001,1
Australia,2015,48.2,33.19,26.12,11.81,25.46,1.1,1
Australia,2016,50.439983,34.30999,25.629992,11.949996,26.499992,1.0099998,1
Australia,2017,50.619987,28.259993,25.469994,10.109997,26.319994,0.94999975,1
Australia,2018,48.500004,28.120003,25.810001,10.810001,26.500002,0.89000005,1
Australia,2019,48.910004,25.960001,28.370003,9.410001,24.820002,0.90000004,1
Australia,2020,48.389996,36.77,24.099998,10.099999,24.519999,0.75999993,1
Australia,2021,49.399994,26.339996,25.219995,8.489999,24.279997,0.69999987,1
Austria,1961,4.0649047,18.242012,41.029507,0.49059197,7.038493,1.9123075,1
Austria,1962,5.848215,20.188358,42.08912,0.4806752,7.310269,1.7124054,1
Austria,1963,6.3515954,19.796139,41.716152,0.41074982,7.193131,1.5027434,1
Austria,1964,7.234097,19.357723,43.504776,0.36070293,7.334293,1.4428117,1
Austria,1965,6.3631964,18.538446,43.97119,0.37076893,7.7661057,1.0622028,1
Austria,1966,7.1798725,19.667042,41.807484,0.33045438,7.269996,1.081487,1
Austria,1967,7.2383976,20.405483,42.490597,0.33992478,7.54833,1.0897589,1
Austria,1968,7.420187,21.080532,42.891083,0.3100078,7.5901914,1.0400262,1
Austria,1969,7.543843,21.729874,43.850464,0.32058826,7.5137877,0.94172806,1
Austria,1970,8.175862,22.420925,44.330227,0.29092026,7.714403,0.9931416,1
Austria,1971,8.479808,22.318455,46.40312,0.26091716,7.8776917,0.99349236,1
Austria,1972,8.769627,22.10948,47.92726,0.27060562,7.576957,0.9922206,1
Austria,1973,9.484969,22.701897,48.10521,0.2801468,8.004194,1.0605557,1
Austria,1974,8.57349,25.249727,47.7952,0.32050428,7.2814565,0.9915601,1
Austria,1975,8.828751,25.008091,49.14135,0.38210994,6.837757,1.0055525,1
Austria,1976,9.547045,25.911968,52.30733,0.42297032,6.13307,1.158133,1
Austria,1977,9.888955,24.08925,53.86666,0.40199003,5.7585073,1.1557213,1
Austria,1978,10.355152,25.386177,54.725777,0.46156687,5.6792793,1.0937128,1
Austria,1979,10.678952,24.887474,57.10482,0.541468,6.397344,1.1230447,1
Austria,1980,10.740571,26.135725,56.35547,0.54053205,6.3262267,1.0710542,1
Austria,1981,10.916406,25.624617,61.836353,0.5488138,6.286413,1.0477355,1
Austria,1982,10.16269,24.354555,60.657,0.49866,6.273143,0.9175344,1
Austria,1983,11.198355,23.76651,60.46112,0.5699163,6.7990017,0.9498605,1
Austria,1984,11.933304,23.62634,61.618694,0.6507254,6.607366,0.9510603,1
Austria,1985,11.481044,21.158783,60.971756,0.6111201,6.8625784,0.9918179,1
Austria,1986,12.227009,22.519745,60.904537,0.68150544,7.276073,0.791749,1
Austria,1987,13.155728,21.979692,62.14878,0.79215133,7.8011866,0.68185174,1
Austria,1988,12.568387,21.485624,68.378845,0.8225122,8.164939,0.78238964,1
Austria,1989,13.360322,21.87327,67.28234,1.0015234,9.214015,0.79120344,1
Austria,1990,13.484649,21.725267,66.5842,1.0987492,9.279436,0.8490334,1
Austria,1991,14.225426,23.36038,66.35544,1.1256814,9.453732,1.2252992,1
Austria,1992,14.627798,24.830462,67.192406,1.1535176,10.441324,1.2927353,1
Austria,1993,14.976684,23.002752,65.45329,1.0953692,10.057481,0.96591645,1
Austria,1994,14.784905,21.937279,71.38369,1.2104017,12.1240225,0.9103021,1
Austria,1995,15.392688,20.275747,57.29054,1.1454089,8.741278,0.9846498,1
Austria,1996,15.558993,21.999975,59.760223,1.1674277,10.80877,1.1070435,1
Austria,1997,16.084156,20.268652,58.291237,1.1768894,10.672477,1.2271839,1
Austria,1998,16.488234,19.992737,57.81928,1.1547788,10.734423,1.2351114,1
Austria,1999,16.824915,18.227827,57.439198,1.0622042,10.792397,1.1123083,1
Austria,2000,17.08039,19.513296,60.372078,1.271518,9.621487,1.1213387,1
Austria,2001,17.910843,18.68174,56.135326,1.2114098,10.952745,0.95110685,1
Austria,2002,17.287786,18.92041,56.050087,1.1418352,10.386694,0.89143276,1
Austria,2003,16.81522,18.670208,54.747223,1.1230199,11.069768,1.0026964,1
Austria,2004,18.017908,18.28863,57.011593,1.1129594,12.152312,1.0126927,1
Austria,2005,18.466822,17.845919,55.740955,1.1516726,13.65984,1.0615417,1
Austria,2006,17.049011,18.210306,53.89009,1.1412725,13.495047,1.0011163,1
Austria,2007,17.704681,17.864994,56.210106,0.98192346,15.410187,0.8516683,1
Austria,2008,17.162931,17.89476,52.391045,1.182959,14.636611,0.48120365,1
Austria,2009,17.721516,17.410437,55.312,1.1339362,13.828,0.6522641,1
Austria,2010,18.860003,17.500002,67.600006,1.1300001,13.610002,1.2000002,1
Austria,2011,18.699999,17.399998,65.51999,1.1399999,14.319999,1.2499999,1
Austria,2012,18.959995,17.379997,48.38999,1.1399997,13.789998,1.3699998,1
Austria,2013,18.729996,17.169996,52.60999,1.1399997,13.879997,1.4599997,1
Austria,2014,19.19001,14.070006,47.700024,1.1400006,14.130007,1.3300008,1
Austria,2015,18.939997,14.209996,53.119987,1.1399997,14.099997,1.1899998,1
Austria,2016,18.229998,15.969999,49.369995,1.1399999,14.079999,1.1899999,1
Austria,2017,18.250006,15.510006,49.120014,1.1200004,14.140005,1.1800003,1
Austria,2018,18.659983,16.839985,48.559956,1.1399989,14.179987,1.3499987,1
Austria,2019,15.700003,16.220001,47.08001,1.1700002,14.490002,0.5900001,1
Austria,2020,15.970001,15.03,45.52,1.05,14.45,0.33,1
Austria,2021,17.389988,14.18999,43.54997,0.9599993,14.429991,0.2999998,1
Azerbaijan,1992,4.698706,8.958735,0.692133,3.5289035,4.1917915,0.0,0
Azerbaijan,1993,3.382615,8.124143,0.3323957,3.3630626,2.9622324,0.0,0
Azerbaijan,1994,2.7670426,5.318217,0.42192495,2.8553526,2.2862444,0.009812208,0
Azerbaijan,1995,3.5164523,6.372954,0.40385026,2.925452,1.3593009,0.07880005,0
Azerbaijan,1996,5.2056212,6.1143823,0.553159,3.862235,0.9383947,0.069144875,0
Azerbaijan,1997,5.0106225,6.0107665,0.6238522,3.23809,0.66346186,0.009902416,0
Azerbaijan,1998,7.4666004,5.957394,1.0822599,4.03117,1.012757,0.009928989,0
Azerbaijan,1999,5.5233192,6.6557984,0.87419444,4.301434,2.5331771,0.12914236,0
Azerbaijan,2000,4.3809605,6.888614,0.6640822,4.271932,2.567124,0.0,0
Azerbaijan,2001,3.5126956,6.906652,0.56401026,4.4428177,1.6425562,0.009894917,0
Azerbaijan,2002,3.2142365,7.595488,0.5637276,4.4999313,2.0274415,0.019779917,0
Azerbaijan,2003,3.4914832,8.436927,0.60334414,4.648717,1.3451606,0.0,0
Azerbaijan,2004,4.1552477,8.310495,0.6826479,4.758748,1.5829517,0.0,0
Azerbaijan,2005,4.659265,8.75467,0.69245976,4.8472185,1.8597491,0.019784564,0
Azerbaijan,2006,4.676914,9.136297,0.8404603,5.102088,1.7600226,0.0,0
Azerbaijan,2007,6.805871,8.366579,0.7803539,5.087117,1.6989983,0.02963369,0
Azerbaijan,2008,7.2012873,8.5823555,0.7201287,5.149413,2.1406565,0.019729553,0
Azerbaijan,2009,8.779442,10.10966,0.7094499,7.419663,2.1480565,0.00985347,0
Azerbaijan,2010,8.609997,12.449996,0.3399999,7.6099977,2.1999993,0.009999997,0
Azerbaijan,2011,9.539991,12.659988,0.29999974,7.5399933,2.1399982,0.039999966,0
Azerbaijan,2012,10.410004,12.270004,0.23000008,7.5500026,2.3000007,0.020000005,0
Azerbaijan,2013,10.250003,12.480002,0.21000005,7.650002,2.7000008,0.08000002,0
Azerbaijan,2014,11.250001,11.510001,0.34000003,6.9200006,1.8900001,0.050000004,0
Azerbaijan,2015,11.609994,12.569994,1.1999995,7.0399966,1.3399994,0.0,0
Azerbaijan,2016,11.569995,12.099996,0.7699997,7.6099973,2.1399992,0.0,0
Azerbaijan,2017,12.830002,12.520002,0.6100001,7.600001,3.1300006,0.0,0
Azerbaijan,2018,13.599995,12.649994,0.5999998,7.6199965,1.9999992,0.0,0
Azerbaijan,2019,14.269985,12.4099865,0.6599993,8.159991,2.0299978,0.0,0
Azerbaijan,2020,14.229997,13.219998,0.6799999,8.209998,2.0199997,0.0,0
Azerbaijan,2021,15.189997,12.889998,0.8199999,8.229999,2.0099998,0.0,0
Bahamas,1961,8.608715,29.604416,19.111347,3.8930526,9.440891,0.028695717,1
Bahamas,1962,8.333597,28.286337,18.937382,3.2280715,9.780004,0.019157695,1
Bahamas,1963,7.9557505,29.151936,18.46768,3.188044,12.330934,0.04786853,1
Bahamas,1964,8.795083,32.370926,18.507328,3.494863,9.673627,0.15446909,1
Bahamas,1965,10.882081,31.699133,18.255995,3.4115226,14.7285,0.22228052,1
Bahamas,1966,11.923643,33.918713,20.904964,3.5018468,17.991581,0.20258617,1
Bahamas,1967,13.123127,32.280766,19.051262,3.7715695,16.440174,0.3481449,1
Bahamas,1968,18.40133,35.63036,19.122011,2.796234,14.634583,0.60537016,1
Bahamas,1969,23.001255,32.702984,19.55534,3.5503383,13.983017,0.8638524,1
Bahamas,1970,22.71584,31.82859,20.385769,3.6979275,16.480303,1.914998,1
Bahamas,1971,21.867094,30.94222,21.838793,3.6696723,14.093804,0.9339268,1
Bahamas,1972,22.071947,28.243814,23.492605,3.5281246,11.017157,0.9314249,1
Bahamas,1973,21.187744,24.993309,21.832914,3.4689555,15.867432,1.019181,1
Bahamas,1974,22.16958,24.115265,21.15932,3.3207598,13.348519,0.83252853,1
Bahamas,1975,21.184101,23.140564,21.305796,3.3887072,14.013522,1.1420505,1
Bahamas,1976,22.76416,22.595606,21.312723,3.9516559,11.265028,0.30901575,1
Bahamas,1977,22.222618,17.338322,18.78864,3.5556188,12.079747,0.18713784,1
Bahamas,1978,22.742754,25.476395,16.83396,3.2972767,13.818501,0.15969716,1
Bahamas,1979,21.554068,32.715996,19.26348,3.2669058,11.715799,0.0938766,1
Bahamas,1980,33.18313,33.946934,22.263533,3.3664043,17.020615,0.32060993,1
Bahamas,1981,31.716536,32.933136,21.62534,3.470617,19.041239,0.2357756,1
Bahamas,1982,32.822243,39.312786,20.741308,4.405988,17.320745,0.075801946,1
Bahamas,1983,30.4793,39.998734,22.120079,4.3175044,18.116402,0.11411906,1
Bahamas,1984,35.46663,38.54695,22.334726,4.091203,17.795303,0.066756226,1
Bahamas,1985,33.079346,37.11155,22.893736,6.0291934,20.858524,0.11465978,1
Bahamas,1986,35.70492,36.019375,23.469769,5.803122,21.430576,0.04764468,1
Bahamas,1987,35.22001,33.851135,25.64739,5.5705605,20.428556,0.057036452,1
Bahamas,1988,37.677322,35.201683,24.565956,5.63684,21.747538,0.038086753,1
Bahamas,1989,30.951283,36.93083,23.244308,4.622286,23.510067,0.037965387,1
Bahamas,1990,35.19066,36.63763,21.392443,4.974547,22.073368,0.056743875,1
Bahamas,1991,37.107166,34.92328,21.356712,5.379358,23.030079,0.06617839,1
Bahamas,1992,25.545177,35.176502,21.309658,5.3486395,24.03586,0.037732903,1
Bahamas,1993,24.46008,34.691746,20.999369,4.10019,23.115292,0.06582874,1
Bahamas,1994,30.162243,35.67274,19.817146,6.2239547,22.811779,0.16897614,1
Bahamas,1995,31.237083,29.769634,18.787117,4.1126027,23.65681,0.16824284,1
Bahamas,1996,39.73936,20.526262,17.210766,3.8184059,21.448267,0.32596147,1
Bahamas,1997,44.754837,14.43406,20.920135,4.4782596,28.461006,0.8049764,1
Bahamas,1998,47.847565,14.094988,21.71713,3.466282,29.449604,0.63441235,1
Bahamas,1999,47.86332,14.097358,26.20041,5.5803947,29.640131,0.6220768,1
Bahamas,2000,49.50882,12.606412,26.019634,5.4918113,32.859188,4.6299915,1
Bahamas,2001,49.277634,18.273443,23.770185,4.871693,32.263474,3.051702,1
Bahamas,2002,55.33997,16.485428,26.717123,5.2083592,30.769096,3.08061,1
Bahamas,2003,48.81358,19.090412,24.159407,3.9861155,31.039423,0.9895274,1
Bahamas,2004,51.908997,15.84205,21.351105,4.2889915,31.233616,0.94789517,1
Bahamas,2005,50.123516,17.924904,23.780054,4.1052284,29.985193,0.46349353,1
Bahamas,2006,50.837494,18.911623,23.265583,4.792215,30.744488,1.505308,1
Bahamas,2007,51.77646,18.16718,22.833273,5.3640985,29.83242,0.7075638,1
Bahamas,2008,52.208584,18.330076,24.37296,5.189205,30.377474,1.1222495,1
Bahamas,2009,52.821465,21.188217,27.718765,5.030158,28.1131,0.36547992,1
Bahamas,2010,56.37894,28.489464,33.58937,3.0999417,28.359468,0.3099942,1
Bahamas,2011,45.749275,15.629752,24.57961,3.0599515,28.759544,0.14999764,1
Bahamas,2012,46.088432,24.159178,32.028908,5.3998165,29.06901,0.34998807,1
Bahamas,2013,48.26875,24.439367,28.379263,4.749877,27.219294,0.31999168,1
Bahamas,2014,48.489132,14.699736,36.19935,4.299923,29.589468,0.2599953,1
Bahamas,2015,49.149128,15.939716,37.76933,2.4599562,26.87952,0.28999484,1
Bahamas,2016,49.619247,10.249845,30.96953,2.049969,26.949593,0.3499947,1
Bahamas,2017,50.269115,7.9398603,32.429432,2.7399518,24.739565,0.4499921,1
Bahamas,2018,54.649864,9.499976,32.35992,1.6599958,28.019932,0.12999967,1
Bahamas,2019,51.939613,9.589929,28.559788,1.5899882,27.329798,0.09999926,1
Bahamas,2020,69.328636,7.279857,28.189445,1.5999686,27.199465,0.049999017,1
Bahamas,2021,70.188286,8.609789,30.919243,1.7599568,27.109337,0.4199897,1
Bahrain,2019,46.97984,14.0499525,0.96999675,22.499924,20.75993,0.76999736,1
Bahrain,2020,50.969723,14.619921,0.9799947,21.729881,20.999886,0.59999675,1
Bahrain,2021,45.310127,14.3500395,1.3300037,20.990057,21.20006,0.8600024,1
Bangladesh,1961,0.36337647,2.3079314,0.0,0.5303332,8.3773,0.05892591,0
Bangladesh,1962,0.431287,2.2936625,0.0,0.53910875,8.851185,0.06861384,0
Bangladesh,1963,0.48924458,2.2700949,0.0,0.54795396,8.591135,0.068494245,0
Bangladesh,1964,0.5474587,2.248491,0.0,0.5767868,9.297022,0.07820838,0
Bangladesh,1965,0.63555384,2.1804388,0.0,0.5671096,10.149306,0.078222014,0
Bangladesh,1966,0.7248321,2.2038815,0.0,0.48975143,9.951749,0.07836023,0
Bangladesh,1967,0.77553064,2.1793392,0.0,0.4810253,9.649957,0.08835159,0
Bangladesh,1968,0.81590647,2.1528134,0.0,0.48167974,10.134935,0.08847179,0
Bangladesh,1969,0.854851,2.1616924,0.0,0.4814678,9.845526,0.08843287,0
Bangladesh,1970,0.90320694,2.1500254,0.0,0.4810559,10.190531,0.09817467,0
Bangladesh,1971,0.8308083,2.1066926,0.0,0.49452874,10.800508,0.09890575,0
Bangladesh,1972,0.7532412,2.0714133,0.0,0.51537555,11.784261,0.099110685,0
Bangladesh,1973,0.6862861,1.9216012,0.0,0.5196166,11.490391,0.09804088,0
Bangladesh,1974,0.67046934,1.9239556,0.0,0.5247152,11.20364,0.097169474,0
Bangladesh,1975,0.65783095,1.915449,0.0,0.54174316,8.542129,0.106413834,0
Bangladesh,1976,0.6389585,1.9362378,0.0,0.5518278,8.345185,0.09681189,0
Bangladesh,1977,0.53410774,1.9324989,0.0,0.5632409,8.196126,0.0971105,0
Bangladesh,1978,0.81904864,2.1548781,0.0,0.5655336,8.044229,0.08775522,0
Bangladesh,1979,0.8523026,2.1944344,0.0,0.49962568,7.8372655,0.08816924,0
Bangladesh,1980,0.62908214,1.464582,0.0,0.29488227,7.5883036,0.09829409,0
Bangladesh,1981,0.6493454,1.4462693,0.0,0.2853184,7.457633,0.088547096,0
Bangladesh,1982,0.6685252,1.4255317,0.0,0.3342626,7.6683774,0.06881877,0
Bangladesh,1983,0.69716805,1.4041554,0.0,0.36331293,7.8063183,0.078554146,0
Bangladesh,1984,0.6281609,1.334842,0.0,0.42204562,7.783306,0.07852011,0
Bangladesh,1985,0.69763553,1.4149228,0.0,0.5502477,7.683817,0.08843268,0
Bangladesh,1986,0.7194536,1.3896294,0.0,0.58147615,7.805578,0.068988696,0
Bangladesh,1987,0.7523368,1.3759844,0.0,0.6038493,7.731251,0.079193346,0
Bangladesh,1988,0.775778,1.3625845,0.0,0.6365358,7.8075094,0.05967523,0
Bangladesh,1989,0.79912543,1.3485242,0.0,0.66926754,7.7415276,0.04994534,0
Bangladesh,1990,0.8318463,1.3429807,0.0,0.7015571,7.5768166,0.07015571,0
Bangladesh,1991,0.85538566,1.3082368,0.0,0.73462534,7.899738,0.070443526,0
Bangladesh,1992,0.87906104,1.3034353,0.0,0.7780195,8.01259,0.0808332,0
Bangladesh,1993,0.9319989,1.296694,0.0,0.82056427,8.519686,0.08104338,0
Bangladesh,1994,0.95426154,1.29942,0.0,0.86289614,8.547748,0.08121375,0
Bangladesh,1995,0.99727714,1.2822134,0.0,0.91586673,9.016199,0.08141038,0
Bangladesh,1996,0.8781082,1.2967411,0.0,0.99042434,9.577505,0.08168448,0
Bangladesh,1997,0.911191,1.3821437,0.0,1.0340482,10.330244,0.09214292,0
Bangladesh,1998,0.922643,1.322455,0.0,1.0456622,11.061465,0.09226431,0
Bangladesh,1999,0.95356774,1.3739579,0.0,1.0253416,11.955483,0.09228075,0
Bangladesh,2000,1.0041953,1.3628365,0.0,1.0144422,12.490959,0.09222202,0
Bangladesh,2001,1.0437008,1.3609041,0.0,1.0027714,13.148584,0.092091255,0
Bangladesh,2002,1.082649,1.3584182,0.0,1.0417944,13.859951,0.09192304,0
Bangladesh,2003,1.121619,1.3561394,0.0,1.0706363,14.346526,0.10196537,0
Bangladesh,2004,1.1499089,1.3432565,0.0,1.0990281,14.785997,0.09158567,0
Bangladesh,2005,1.1884526,1.3306607,0.0,1.1275064,15.287362,0.09141944,0
Bangladesh,2006,1.2594758,1.3305751,0.0,1.1579051,15.8958025,0.091413565,0
Bangladesh,2007,1.3107733,1.3310952,0.0,1.1990018,16.338942,0.10161033,0
Bangladesh,2008,1.3126086,1.322784,0.0,1.2312067,16.809532,0.10175262,0
Bangladesh,2009,1.3451588,1.3247775,0.0,1.2738246,18.913748,0.10190597,0
Bangladesh,2010,1.32,1.31,0.0,1.27,19.88,0.0,0
Bangladesh,2011,1.3600001,1.2000002,0.0,1.3000001,20.140001,0.0,0
Bangladesh,2012,1.41,1.19,0.0,1.33,21.09,0.0,0
Bangladesh,2013,1.46,1.24,0.0,1.36,21.92,0.0,0
Bangladesh,2014,1.5099999,1.3299999,0.0,1.3999999,22.709997,0.099999994,0
Bangladesh,2015,1.56,1.38,0.0,1.43,23.62,0.0,0
Bangladesh,2016,1.6199999,1.3199999,0.0,1.4699999,24.219997,0.0,0
Bangladesh,2017,1.5899999,1.2099999,0.0,1.4099998,25.669998,0.0,0
Bangladesh,2018,1.58,1.21,0.0,1.39,26.19,0.0,0
Bangladesh,2019,1.57,1.22,0.0,1.41,26.58,0.0,0
Bangladesh,2020,1.6100001,1.2500001,0.0,1.3800001,26.280003,0.0,0
Bangladesh,2021,1.6300001,1.2700001,0.0,1.3900001,25.980001,0.0,0
Barbados,1961,2.4917202,11.565155,21.680944,0.98279005,24.51019,0.07941738,1
Barbados,1962,3.0658023,11.013078,22.254353,0.9921691,24.070023,0.11906029,1
Barbados,1963,2.886758,14.116344,23.62975,0.99201304,23.113903,0.09920131,1
Barbados,1964,3.8532343,16.163824,24.077774,1.12633,19.434134,0.11856105,1
Barbados,1965,4.9432473,19.9114,25.348972,1.7103636,21.77995,0.24716237,1
Barbados,1966,5.8085427,14.486724,23.372705,1.4546095,28.94376,0.17811546,1
Barbados,1967,8.453478,16.315115,24.37403,1.6374298,27.392426,0.08877632,1
Barbados,1968,9.305313,16.970837,25.979801,1.9954067,21.791422,0.039513007,1
Barbados,1969,11.257118,18.67613,26.827156,2.5026808,21.208488,0.039568074,1
Barbados,1970,12.969653,18.969355,30.285624,2.5444279,22.691942,0.03960199,1
Barbados,1971,16.587101,19.092497,32.857315,5.8228154,21.568184,0.14854121,1
Barbados,1972,18.520338,21.608713,33.457375,3.5635073,21.05439,0.039594524,1
Barbados,1973,15.167014,17.103863,30.403557,4.5391784,21.782097,0.019865112,1
Barbados,1974,19.074516,14.916233,33.08764,2.8879733,24.741297,0.0,1
Barbados,1975,20.807297,17.840515,29.359196,2.5884676,27.666739,0.0,1
Barbados,1976,21.590857,23.142296,30.670752,2.7647436,30.790092,0.009945121,1
Barbados,1977,19.113466,23.52579,30.480637,3.3339741,24.663494,0.0,1
Barbados,1978,22.940733,22.891335,30.617283,2.6181285,30.192455,0.0,1
Barbados,1979,28.84521,18.918919,26.388206,3.3316953,29.955774,0.0,1
Barbados,1980,30.459497,13.9630575,29.016058,4.183026,26.620148,0.0,1
Barbados,1981,32.666523,23.037357,30.978228,3.543454,32.666523,0.0,1
Barbados,1982,33.39087,25.192877,28.442621,3.927183,29.689503,0.0,1
Barbados,1983,31.24998,25.994167,24.884062,4.312713,37.29171,0.0,1
Barbados,1984,31.672813,24.455229,22.046087,5.5164385,36.087933,0.06883257,1
Barbados,1985,30.214062,27.230078,23.162802,6.8247538,30.253452,0.20681071,1
Barbados,1986,34.315556,20.893307,19.60043,7.5894914,30.288881,6.6321692,1
Barbados,1987,37.0396,17.337477,20.089613,10.094484,28.40564,5.9613094,1
Barbados,1988,39.130352,14.728505,18.482635,9.29594,31.7512,5.1842747,1
Barbados,1989,52.643497,16.909729,20.638645,10.2595,27.667747,6.022097,1
Barbados,1990,48.173996,15.967953,18.809368,10.195078,28.294092,6.1830792,1
Barbados,1991,43.939034,15.09402,20.225586,11.796588,25.717964,1.3831173,1
Barbados,1992,38.072906,12.848102,17.862972,10.019713,27.0101,0.0,1
Barbados,1993,37.78407,11.925471,17.305986,8.1611185,27.354301,0.09034449,1
Barbados,1994,37.97058,13.784732,17.959194,8.128687,25.897678,0.0,1
Barbados,1995,42.180824,12.91393,14.979356,6.4268856,30.961346,0.040105373,1
Barbados,1996,44.832428,13.199598,13.290006,6.5294814,30.58811,0.060272135,1
Barbados,1997,45.452908,15.442914,12.644263,6.4530034,32.234818,0.040268354,1
Barbados,1998,48.69864,14.192462,12.262609,6.503203,25.570555,0.050256595,1
Barbados,1999,47.90761,16.955952,10.300438,6.474273,34.49589,0.020137709,1
Barbados,2000,42.10857,15.324129,6.971016,5.8411264,37.64954,0.0100883,1
Barbados,2001,44.777077,12.996865,5.09978,4.938203,38.556355,0.0,1
Barbados,2002,42.597397,14.428803,5.137222,4.5191336,40.814056,0.0,1
Barbados,2003,43.399063,11.173942,5.3691654,4.9740753,42.619015,0.0,1
Barbados,2004,41.998257,12.449555,5.865169,4.4469934,37.14607,0.0,1
Barbados,2005,51.416496,14.935897,6.3241167,4.40248,41.249104,0.010167391,1
Barbados,2006,44.651043,13.707494,7.3621855,4.9826946,41.96649,0.010168765,1
Barbados,2007,46.09828,13.61394,7.0560675,11.560156,42.946438,0.010167244,1
Barbados,2008,43.78306,13.856819,8.238638,5.291898,42.97755,0.02039267,1
Barbados,2009,44.8151,13.430265,8.294564,4.6262064,40.698387,0.0,1
Barbados,2010,41.828934,16.839571,8.889773,6.0098467,39.348995,0.03999898,1
Barbados,2011,43.22827,16.819328,8.089677,3.5798569,39.218433,0.0299988,1
Barbados,2012,43.4189,15.369611,8.129794,4.179894,39.369003,0.039998986,1
Barbados,2013,41.31955,17.47981,8.4999075,3.9399574,40.219566,0.0,1
Barbados,2014,45.13821,15.649379,8.289671,4.3698263,41.37836,0.0,1
Barbados,2015,48.587376,18.578997,9.139507,4.0497813,41.30777,0.0,1
Barbados,2016,46.008347,17.459372,9.4196615,3.809863,42.098488,0.0,1
Barbados,2017,47.15848,16.259476,8.639722,4.319861,43.188606,0.049998388,1
Barbados,2018,49.71787,16.55929,9.08961,4.099824,43.39814,0.049997855,1
Barbados,2019,50.117672,14.429331,9.749547,3.639831,42.61802,0.059997212,1
Barbados,2020,52.277393,13.949305,15.419231,3.989801,42.53788,0.07999601,1
Barbados,2021,55.26922,13.269813,13.879804,3.8999448,42.459396,0.079998866,1
Belarus,1992,11.552631,35.294807,29.4646,0.48013481,0.950471,0.55852413,1
Belarus,1993,12.513619,32.848248,25.613815,0.479037,1.1340467,0.57679963,1
Belarus,1994,8.936673,29.249067,24.03926,0.4292725,1.3951356,0.47805348,1
Belarus,1995,6.6811876,25.828732,24.971668,0.33113757,5.804647,0.5064457,1
Belarus,1996,6.140434,25.126148,25.729488,0.3308633,6.3837156,0.57414514,1
Belarus,1997,6.9283752,24.259045,27.275614,0.2432716,10.81099,0.55465925,1
Belarus,1998,5.7814436,25.39358,29.462004,0.2530598,7.4068666,1.4599605,1
Belarus,1999,7.437457,24.346964,29.117062,0.24337229,6.3179445,1.2752708,1
Belarus,2000,8.875037,19.88125,27.66637,0.21409081,9.5270405,1.0996482,1
Belarus,2001,9.267291,20.177994,26.926683,0.24310836,13.030608,1.1182984,1
Belarus,2002,9.3616905,19.190006,27.715658,0.16526349,14.591793,0.32080558,1
Belarus,2003,9.020126,16.737778,31.405205,0.18467931,14.016188,0.37907857,1
Belarus,2004,11.022797,17.3993,27.87776,0.1458042,14.96923,0.9234265,1
Belarus,2005,12.802141,20.963993,25.36108,0.09728071,15.448176,0.9825352,1
Belarus,2006,15.986733,22.202173,28.388386,0.097420685,15.645761,0.35071447,1
Belarus,2007,17.578047,21.645773,31.878498,0.09754743,16.553797,0.28288752,1
Belarus,2008,20.424501,20.834553,33.975746,0.097631454,17.671293,0.31242067,1
Belarus,2009,21.653307,19.866762,35.496582,0.09762537,17.601854,0.33192626,1
Belarus,2010,26.42001,18.170008,38.700016,0.10000004,16.430006,0.39000013,1
Belarus,2011,27.239992,19.799994,40.01999,0.09999998,14.109996,0.3399999,1
Belarus,2012,27.739988,18.699993,39.869984,0.09999996,14.839994,0.2499999,1
Belarus,2013,27.65999,16.319994,40.189983,0.099999964,15.879994,0.24999991,1
Belarus,2014,27.949999,13.449999,31.419998,0.099999994,15.459999,0.21999998,1
Belarus,2015,27.250004,13.4400015,33.030003,0.10000002,11.830002,0.22000003,1
Belarus,2016,26.909998,15.7699995,33.439995,0.099999994,10.939999,0.20999998,1
Belarus,2017,27.280018,16.50001,32.21002,0.10000006,11.540007,0.23000014,1
Belarus,2018,28.229992,16.119997,34.379993,0.09999997,11.009997,0.20999993,1
Belarus,2019,27.099997,19.239998,37.369995,0.109999985,11.739998,0.23999996,1
Belarus,2020,33.229984,18.65999,38.44998,0.10999995,11.789994,0.25999987,1
Belarus,2021,31.609993,18.439997,38.499992,0.10999998,11.859997,0.25999993,1
Belgium,2000,19.606968,19.456915,38.633728,2.140761,23.77845,1.6005688,1
Belgium,2001,22.1023,20.693428,39.058723,1.8585117,21.982397,2.5079916,1
Belgium,2002,25.269503,19.558657,35.782658,1.487616,21.685247,1.9968,1
Belgium,2003,21.863052,18.678434,35.48004,1.78698,24.798094,1.8768283,1
Belgium,2004,21.768383,19.581562,33.760967,1.6376216,24.554338,1.6076651,1
Belgium,2005,24.978657,18.704018,34.570457,1.6585827,24.519049,1.7684888,1
Belgium,2006,22.780823,20.669819,32.05523,1.4706987,24.021412,1.460694,1
Belgium,2007,24.866592,20.636969,34.05751,1.4733533,25.287552,2.0747218,1
Belgium,2008,13.066132,19.232622,33.072075,1.5767738,26.523945,1.9383268,1
Belgium,2009,11.152264,18.372576,33.66797,1.3374672,24.61744,2.1821833,1
Belgium,2010,11.990003,18.300003,36.260006,1.4200002,25.560005,1.3500003,1
Belgium,2011,12.789998,16.229998,35.259995,1.4899998,26.369997,1.2899997,1
Belgium,2012,12.75,15.859999,40.5,1.23,25.22,2.19,1
Belgium,2013,12.26,15.63,38.65,1.32,25.09,2.14,1
Belgium,2014,12.529991,12.679992,31.249979,1.3499992,26.339983,1.3199992,1
Belgium,2015,11.519994,12.2999935,28.519985,1.3099992,24.849987,1.7099991,1
Belgium,2016,12.630003,11.850003,41.41001,1.1200002,23.860006,1.4400004,1
Belgium,2017,11.369999,11.679999,28.669998,1.0599998,23.109999,1.7899998,1
Belgium,2018,11.660002,12.080002,31.240004,1.1500001,23.200005,1.8600003,1
Belgium,2019,12.750002,14.500002,31.690004,1.1600001,24.350002,1.9500003,1
Belgium,2020,15.480004,14.020005,32.880013,1.2800003,24.240007,1.5000005,1
Belgium,2021,14.520005,13.230004,35.37001,0.8800003,24.140007,2.1400008,1
Belize,1961,2.6947768,12.268326,9.492503,0.09117666,6.1392283,0.0,0
Belize,1962,2.9341996,16.001974,9.175676,0.090748444,7.0178795,0.0,1
Belize,1963,4.004976,8.202109,11.863223,0.15170364,7.838021,0.0,0
Belize,1964,8.267118,7.832007,11.778368,0.11130759,8.601042,0.0,1
Belize,1965,9.492719,8.835608,11.120331,0.08087513,5.4893994,0.0,1
Belize,1966,9.470368,8.169327,10.277214,0.10085589,6.2530646,0.0,0
Belize,1967,10.760166,8.021953,10.679033,0.08113226,7.859688,0.0,1
Belize,1968,11.939082,7.908884,12.04009,0.09090672,8.494727,0.0,1
Belize,1969,11.68207,6.646694,11.3900175,0.10070749,9.103957,0.0,1
Belize,1970,13.812158,7.233979,12.7427,0.11098155,8.071385,0.0,1
Belize,1971,13.159498,8.448072,12.865034,0.101539336,9.544697,0.0,1
Belize,1972,13.443773,8.701899,11.880072,0.11169298,6.498501,0.0,1
Belize,1973,9.93254,8.621078,11.040673,0.111830026,8.082261,0.0,0
Belize,1974,8.82947,10.856072,12.078144,0.091655396,8.014755,0.0,1
Belize,1975,9.241618,11.590148,14.020013,0.09150118,7.309927,0.0,1
Belize,1976,10.184137,10.507765,12.945081,0.14158683,8.029996,0.0,1
Belize,1977,12.140896,9.9480915,12.995889,0.100587375,8.20793,0.0,1
Belize,1978,12.364536,11.514225,12.264501,0.120044045,7.8928957,0.0,1
Belize,1979,13.389945,12.5947,12.78357,0.17893024,7.1273875,0.0,1
Belize,1980,14.365574,11.766278,12.212723,0.09920977,8.343541,0.0,1
Belize,1981,17.079754,10.17623,13.329569,0.20889623,7.6296864,0.0,1
Belize,1982,18.525785,10.065346,12.393453,0.22785725,7.955189,0.0,1
Belize,1983,18.001923,12.784264,12.41443,0.26987892,8.44621,0.0,1
Belize,1984,17.869148,11.769198,13.121405,0.2804575,9.16495,0.0,1
Belize,1985,17.635344,11.447328,13.072565,0.18170361,9.660575,0.0,1
Belize,1986,17.507116,9.709231,13.176088,0.15250102,7.6657176,0.0,1
Belize,1987,21.470804,11.376473,11.966666,0.1424603,9.992573,0.0,1
Belize,1988,25.678055,10.842528,12.3885355,0.122861505,8.231721,0.0,1
Belize,1989,18.053112,9.973756,8.396797,0.11263996,10.762237,0.0,1
Belize,1990,19.89102,13.744572,11.1295,0.11325115,7.309847,0.0,1
Belize,1991,20.741053,9.402611,7.220959,0.051212475,10.170798,0.0,1
Belize,1992,20.943504,11.270966,10.33855,0.051231664,8.965541,0.092217,1
Belize,1993,21.340425,9.951388,9.645506,0.030588282,11.236096,0.050980475,1
Belize,1994,17.835207,10.56675,11.360782,0.061079472,11.106284,0.040719647,1
Belize,1995,20.204597,12.222408,10.920854,0.050841965,11.439442,0.010168392,1
Belize,1996,20.881077,10.68804,9.213131,0.040408466,12.223562,0.0101021165,1
Belize,1997,24.980034,10.712901,9.658679,0.050201036,12.439816,0.010040207,1
Belize,1998,26.12964,8.143004,8.663196,0.04001476,12.514617,0.01000369,1
Belize,1999,25.966057,5.7314715,8.20348,0.049838882,16.237509,0.009967776,1
Belize,2000,26.114841,6.7896595,9.672531,0.049704686,16.014849,0.009940936,1
Belize,2001,30.107937,6.230931,10.240056,0.059248153,15.55264,0.0,1
Belize,2002,33.46875,7.530469,10.178437,0.07875,15.572812,0.0,1
Belize,2003,30.324083,9.684552,9.04934,0.10749756,14.385128,0.068407536,1
Belize,2004,30.118395,10.54582,9.104655,0.0876384,14.80115,0.0,1
Belize,2005,28.782606,7.110769,11.359768,0.10671003,13.629782,0.019401824,1
Belize,2006,27.016363,6.502866,11.034581,0.09662505,13.643456,0.0,0
Belize,2007,25.78198,5.7357445,12.568595,0.10586105,13.58871,0.009623732,0
Belize,2008,24.149998,5.780226,13.532077,0.11541217,14.936258,0.009617681,0
Belize,2009,24.938189,5.6142063,11.649957,0.06706389,15.022312,0.009580556,0
Belize,2010,28.039564,4.4799304,12.689802,0.109998286,15.239762,0.24999611,0
Belize,2011,27.99949,4.799913,12.709769,0.109998,14.289741,0.24999546,0
Belize,2012,27.469429,4.509907,14.819692,0.10999771,14.169705,0.2499948,0
Belize,2013,27.819597,4.5599337,13.049811,0.109998405,13.859798,0.24999638,0
Belize,2014,25.899042,4.7198253,13.919486,0.099996306,14.359469,0.24999076,0
Belize,2015,25.868994,4.389829,13.009494,0.109995715,14.519436,0.24999027,0
Belize,2016,25.9088,3.6798298,13.369381,0.10999491,14.349337,0.24998842,0
Belize,2017,25.779175,3.4598892,13.39957,0.109996475,16.529472,0.25999168,0
Belize,2018,25.859594,4.369931,24.13962,0.10999827,17.479725,0.24999608,1
Belize,2019,27.35979,4.7599635,25.269806,0.07999938,17.899862,0.27999786,1
Belize,2020,26.909252,5.0198603,26.079275,0.069998056,17.63951,0.21999387,1
Belize,2021,27.619518,5.299907,23.40959,0.08999843,17.409695,0.1999965,1
Benin,1961,1.5658842,2.2714987,1.0632548,0.7829421,8.21606,1.9621882,0
Benin,1962,1.5442818,2.1619947,1.1968185,0.82039976,10.375644,1.9303523,0
Benin,1963,1.5230495,2.053225,1.3013397,1.0410718,9.398564,2.2749345,0
Benin,1964,1.5213883,2.147276,1.3962108,1.0880815,10.611202,2.2339373,0
Benin,1965,1.5200288,2.3954883,1.4526857,1.1352113,9.543471,2.1934593,0
Benin,1966,1.5190102,2.6438468,1.2113625,1.1248366,7.7777166,2.1535335,0
Benin,1967,1.5473018,2.6909595,1.3743114,1.1821,13.291418,2.1143253,0
Benin,1968,1.595788,2.5763326,1.1920344,1.0959026,13.958339,2.4129083,0
Benin,1969,1.6440675,2.6439683,1.2402614,1.163346,13.037168,2.3651497,0
Benin,1970,1.769744,2.5680525,1.3273079,1.048381,15.350605,2.31798,0
Benin,1971,1.9246305,2.579005,1.3183719,0.92382264,15.445159,2.2710638,0
Benin,1972,2.0315123,2.7054737,1.2516426,0.96280205,14.759756,2.2144446,0
Benin,1973,2.1874366,2.746341,1.2238082,1.0310825,14.386973,1.8598028,0
Benin,1974,2.3347633,2.7689133,1.196325,1.2928028,14.095408,1.8137829,0
Benin,1975,2.5013075,2.9552126,1.1685646,1.4486337,14.100035,1.7769907,0
Benin,1976,2.6784778,2.9782352,1.2473778,1.4601089,12.367413,1.7308575,0
Benin,1977,2.8257604,2.8451147,1.2677212,1.3935256,11.893353,1.6935207,0
Benin,1978,2.964137,2.9157035,1.3077075,1.4723818,11.982476,1.6467429,0
Benin,1979,3.2482226,2.9088562,1.3186815,1.4544281,11.664513,1.609567,0
Benin,1980,3.3941524,3.12262,1.3188707,1.4934269,10.977658,1.56131,0
Benin,1981,3.6265373,3.219279,1.3575274,1.49328,10.869916,1.52237,0
Benin,1982,4.3048744,3.248047,1.3767841,1.5610018,10.82036,1.4834365,0
Benin,1983,6.3998055,3.2289927,1.3963213,1.6969181,9.405775,1.435108,0
Benin,1984,5.276439,3.4432645,1.3676065,1.7652794,9.602344,1.3967046,0
Benin,1985,5.635738,3.4823232,1.4744098,1.7266115,9.855266,1.3580091,0
Benin,1986,4.344771,3.2294836,1.4547223,1.2122686,10.309133,1.3189483,0
Benin,1987,4.0914826,3.2964554,1.4737095,1.1731503,10.209316,1.2798004,0
Benin,1988,3.4228733,3.1125844,1.0763142,1.1926725,8.930499,1.2411551,0
Benin,1989,2.670652,2.9328613,1.0294149,1.1653755,8.963678,1.2042212,0
Benin,1990,3.5071294,3.331773,1.0131707,1.1008489,8.095624,1.120333,0
Benin,1991,2.7221973,3.2509694,1.0967126,1.0967126,8.675779,1.1162968,0
Benin,1992,3.7148907,3.9612362,1.0937742,0.995236,8.523555,1.1528971,0
Benin,1993,5.0770464,4.1379395,1.0760599,0.9488892,10.173656,1.24236,0
Benin,1994,4.3572974,3.517101,1.1919065,0.9672028,8.665746,1.2602946,0
Benin,1995,4.623264,2.8808775,1.148391,0.95039254,9.850423,1.2275904,0
Benin,1996,4.2508245,2.5684137,1.2344315,1.0154194,8.730617,1.2344315,0
Benin,1997,5.009504,2.5495684,0.9461289,1.0158436,8.674508,1.3245806,0
Benin,1998,4.871587,3.0223722,0.5169847,0.9444913,7.764713,1.2725778,0
Benin,1999,7.9328036,2.799813,0.3772798,0.91341424,8.359726,1.1914098,0
Benin,2000,9.72142,2.5817866,0.54614717,0.9234852,7.904239,1.2213837,0
Benin,2001,7.869372,2.666235,0.5073805,0.905326,6.9540973,1.3331175,0
Benin,2002,11.005085,2.663969,0.5288028,0.89796704,8.500755,2.6440144,0
Benin,2003,10.789555,2.6723666,0.5504875,0.88078004,9.458376,3.302925,0
Benin,2004,9.052497,2.6796193,0.5519815,0.8932064,8.911992,1.1340711,0
Benin,2005,7.911503,2.7107942,0.5823187,0.8835181,9.949618,1.1646374,0
Benin,2006,7.737906,2.73339,0.5426584,0.8742829,12.50124,1.2561536,0
Benin,2007,8.276309,2.7084272,0.5839731,0.8658912,12.867545,0.71486366,0
Benin,2008,12.6437435,2.7000186,0.62463117,0.85634923,14.406816,0.78582627,0
Benin,2009,10.507875,3.385087,0.71530116,0.86642116,13.439603,0.8059732,0
Benin,2010,16.999989,3.6399977,0.6699996,0.86999947,13.489991,0.7699995,0
Benin,2011,16.939991,3.7099981,0.8099996,0.7899996,13.229993,0.76999956,0
Benin,2012,18.599987,3.4699976,0.8799994,0.76999944,12.839992,0.7899995,0
Benin,2013,18.18,3.1500003,0.74000007,0.82000005,13.360001,0.83000004,0
Benin,2014,19.42999,3.1999984,0.83999956,0.9499995,20.22999,0.88999957,0
Benin,2015,19.55998,3.259997,0.78999925,0.8899991,18.919981,0.83999914,0
Benin,2016,15.069985,3.249997,0.7299993,0.8199992,20.04998,0.78999925,0
Benin,2017,10.669994,3.2699983,0.7099996,0.8099996,17.39999,0.7699996,0
Benin,2018,9.579993,3.2599976,0.67999953,0.80999947,15.159989,0.75999945,0
Benin,2019,9.8099985,3.5099993,0.69999987,0.7699998,16.589996,0.6699999,0
Benin,2020,8.339999,3.3399997,0.84999996,1.2099999,16.119999,0.67999995,0
Benin,2021,10.199999,2.52,0.92999995,1.2899998,15.679999,0.67999995,0
Bermuda,1961,17.827961,54.062786,15.758931,5.778275,36.13834,0.0,1
Bermuda,1962,16.726892,53.812862,16.726892,5.369772,33.014156,0.0,1
Bermuda,1963,17.72244,52.310463,17.179066,4.3156657,32.25777,0.0,1
Bermuda,1964,15.3634205,53.057518,16.354273,5.6947913,32.614677,0.0,1
Bermuda,1965,17.666843,54.26988,16.397495,5.503981,29.74647,0.0,1
Bermuda,1966,20.039871,57.959877,18.731571,6.0638785,39.498276,0.020766707,1
Bermuda,1967,20.869778,46.407795,23.59546,4.5156827,39.186768,0.081363656,1
Bermuda,1968,18.816975,50.45308,24.194706,6.516305,38.904682,0.0,1
Bermuda,1969,20.137613,48.041164,23.935846,6.31045,34.72243,0.01993823,1
Bermuda,1970,21.005054,37.11359,25.321983,5.8058686,42.779564,0.0,1
Bermuda,1971,21.369864,37.417046,22.636225,5.500761,39.019787,0.0,1
Bermuda,1972,23.162264,34.904106,24.387674,7.07122,40.75996,0.0,1
Bermuda,1973,23.15359,36.557247,26.547049,6.576701,34.955612,0.0,1
Bermuda,1974,20.594858,48.478218,25.047249,7.339332,38.129963,1.2096684,1
Bermuda,1975,20.099482,51.510624,25.167429,7.226894,40.77671,1.1858999,1
Bermuda,1976,23.053583,51.947823,26.17478,6.3351,42.32671,0.8240781,1
Bermuda,1977,24.301777,51.011093,23.365507,6.6361747,35.156292,1.6667602,1
Bermuda,1978,25.461344,49.15397,25.975508,6.7869496,36.865475,1.5322053,1
Bermuda,1979,26.17899,59.70904,23.644863,7.08927,37.048508,0.7853697,1
Bermuda,1980,27.601292,59.686096,29.283915,5.8421516,42.09693,0.76292855,1
Bermuda,1981,27.818283,53.871315,27.319859,5.046542,39.126274,0.9137771,1
Bermuda,1982,27.219748,51.63993,26.726942,5.8298078,41.605534,0.51377803,1
Bermuda,1983,28.14468,52.460434,28.935436,4.526039,45.031487,0.47861564,1
Bermuda,1984,30.782911,50.417084,25.208542,6.3795567,46.102104,0.48517665,1
Bermuda,1985,32.663574,42.463688,24.031132,5.7028327,46.112667,1.3136325,1
Bermuda,1986,33.134575,43.147427,19.684008,4.659549,47.76556,1.066519,1
Bermuda,1987,31.72448,41.905193,26.074343,5.5141163,46.32067,0.7219621,1
Bermuda,1988,34.12682,46.80873,22.640333,5.758836,49.979214,0.65488565,1
Bermuda,1989,39.94399,40.863075,22.884148,6.3406434,45.788948,0.7848354,1
Bermuda,1990,47.037746,38.260567,26.394157,5.395721,48.039658,0.69925207,1
Bermuda,1991,48.002487,34.19866,20.208302,5.0468936,44.893517,0.538888,1
Bermuda,1992,38.615795,27.488688,18.685726,5.2961745,46.26697,7.1884,1
Bermuda,1993,38.19053,29.252762,14.574477,5.117676,41.14902,5.096915,1
Bermuda,1994,37.298523,29.273563,14.554262,4.8479824,40.289833,4.827353,1
Bermuda,1995,45.519787,33.316917,17.012238,5.0964932,42.07427,0.5024712,1
Bermuda,1996,38.438614,37.278515,17.83651,5.883355,34.813305,0.30038258,1
Bermuda,1997,41.51308,37.50996,20.993227,5.845173,42.84059,0.32930553,1
Bermuda,1998,37.952297,38.07502,22.826603,5.8089204,34.97625,0.32726312,1
Bermuda,1999,40.99895,36.320732,17.948658,2.3236182,36.80611,0.33047011,1
Bermuda,2000,47.257694,37.067272,15.342075,2.4732041,37.200684,0.32839224,1
Bermuda,2001,40.4807,35.749454,17.324108,2.3452294,47.07793,0.32629278,1
Bermuda,2002,39.833645,35.63743,17.44369,4.550968,46.3915,0.0810863,1
Bermuda,2003,36.80845,35.425827,19.663946,2.2224357,44.36678,0.0,1
Bermuda,2004,28.533278,31.908731,17.172995,1.9579661,45.012825,0.23454803,1
Bermuda,2005,28.504286,32.57923,17.061926,3.6989522,45.779613,0.233725,1
Bermuda,2006,39.03132,33.706097,17.842018,5.0107775,46.54748,0.2332953,1
Bermuda,2007,38.877987,38.0138,19.38241,4.886754,44.906696,0.2571976,1
Bermuda,2008,55.788834,36.723454,15.819334,5.156692,45.896614,0.0,1
Bermuda,2009,49.08718,35.076923,16.133333,5.2820516,45.743587,0.0,1
Bhutan,2019,4.119962,9.279916,1.8999827,0.28999737,6.379942,,0
Bhutan,2020,4.589988,3.089992,2.329994,0.6199984,6.339984,,0
Bhutan,2021,5.099934,5.379931,2.4399686,0.6299919,6.299919,0.0,0
Bolivia,1961,1.8477099,10.008429,4.9091115,4.80948,0.18114804,1.8477099,0
Bolivia,1962,1.8231857,10.612573,4.898111,4.8708987,1.1610336,1.9320326,0
Bolivia,1963,1.8989271,10.385042,4.8881474,4.8881474,1.1629792,1.8989271,0
Bolivia,1964,1.8564904,10.119693,4.868737,4.741331,1.3377652,1.8018878,0
Bolivia,1965,1.86843,10.226237,5.140461,4.5936036,1.1666294,1.713487,0
Bolivia,1966,2.4740252,10.39821,5.084989,4.491588,1.3237405,1.6980394,0
Bolivia,1967,2.6794665,10.534967,5.029715,4.4627295,1.3351609,1.6826684,0
Bolivia,1968,2.8490787,10.846653,5.3133945,4.4064527,0.8519753,1.6306623,0
Bolivia,1969,3.0560148,10.985135,5.5981054,4.3500032,1.2481022,1.5234188,0
Bolivia,1970,3.3841233,11.7064905,6.0049796,4.2485456,0.9471866,1.5725138,0
Bolivia,1971,3.8894107,10.046108,6.1659145,4.553007,1.5576078,1.548391,0
Bolivia,1972,4.046682,11.835159,6.3009977,4.5548267,1.274982,1.5336739,0
Bolivia,1973,4.185996,12.215329,6.4642153,4.565699,1.6947728,1.5188128,0
Bolivia,1974,4.0926785,12.677095,6.6448026,4.575262,1.5683962,1.4941527,0
Bolivia,1975,5.467439,12.720164,6.871492,4.5469007,1.5714238,1.4691417,0
Bolivia,1976,5.6342807,13.373267,7.049835,4.7309327,1.1641076,1.4528061,0
Bolivia,1977,6.2199574,13.941283,7.3389897,4.671962,1.6319228,1.4267668,0
Bolivia,1978,5.6764436,13.948366,7.4970136,4.6868005,1.6805261,1.4097747,0
Bolivia,1979,5.3557997,14.899031,7.664495,4.6454315,2.383471,1.383348,0
Bolivia,1980,5.2322574,19.487585,8.321068,4.3336945,2.93905,1.2636043,0
Bolivia,1981,4.9503975,17.963942,8.400675,4.3409734,2.615835,1.2844781,0
Bolivia,1982,3.9830167,17.679335,8.5390625,4.358773,0.9581786,1.221208,0
Bolivia,1983,3.7192018,18.012234,10.187788,3.869853,1.0451428,1.2711196,0
Bolivia,1984,3.5672219,18.58164,8.493385,2.3687108,1.2740078,1.0663917,0
Bolivia,1985,3.2827234,19.67742,8.637252,2.4029157,1.2771403,1.0406328,0
Bolivia,1986,3.157429,17.63609,8.230175,2.6074862,0.9386951,1.024031,0
Bolivia,1987,3.0982919,18.209593,8.620093,2.8416848,1.035932,1.0834517,0
Bolivia,1988,4.505407,19.269424,8.906037,2.9528036,0.7048628,1.0763445,0
Bolivia,1989,5.080267,19.385227,7.8400354,2.8552628,1.0695299,1.0790792,0
Bolivia,1990,6.060434,18.43023,9.210327,2.6807606,1.0818784,1.0148593,0
Bolivia,1991,7.1923637,18.23538,9.208915,2.3526425,0.72019666,0.97946745,0
Bolivia,1992,7.33067,17.059942,9.122397,2.3215394,0.7706355,0.99219316,0
Bolivia,1993,9.502319,17.283974,7.7236547,2.3006632,1.4789978,0.9569986,0
Bolivia,1994,11.437961,17.588654,7.896947,2.425352,1.5910311,0.9507381,0
Bolivia,1995,12.0735,17.749992,7.945142,2.4925935,1.2657701,0.9444593,0
Bolivia,1996,12.9279995,17.96044,8.305971,2.501563,1.2898685,0.9380861,0
Bolivia,1997,14.001639,18.25704,8.461775,2.5100977,1.549201,0.9314816,0
Bolivia,1998,16.070004,18.725391,8.762774,2.4881952,1.4752146,0.9244678,1
Bolivia,1999,16.389467,18.499783,8.806133,2.4949067,1.4397485,0.94668394,1
Bolivia,2000,15.778614,18.813725,8.927373,2.5012465,2.5407917,0.9688623,0
Bolivia,2001,14.798409,18.42615,11.13102,2.5176127,1.8931655,0.93171495,0
Bolivia,2002,15.320226,18.509455,11.316301,2.5434356,1.7883531,0.9041119,0
Bolivia,2003,15.022716,18.646484,11.508455,2.5884068,1.4335792,0.93580866,0
Bolivia,2004,16.130348,18.632647,11.703973,2.582052,1.5053662,0.9072075,0
Bolivia,2005,19.742739,18.63539,11.542368,2.5139818,1.6959401,1.2270626,0
Bolivia,2006,26.358923,20.853767,11.558831,2.523196,1.6754819,1.306477,1
Bolivia,2007,29.283606,24.989208,11.558007,2.5806239,1.3550767,1.4646785,1
Bolivia,2008,30.73438,25.091118,11.614969,2.5280223,2.2194843,1.5028794,1
Bolivia,2009,32.24183,20.192152,8.033116,1.7199619,2.057989,1.5310643,1
Bolivia,2010,37.439972,19.759985,8.239994,1.7499987,1.7699987,1.459999,1
Bolivia,2011,36.190002,19.670002,8.430001,1.7600001,2.2300003,1.6800001,1
Bolivia,2012,34.28001,20.010006,8.770003,1.7700005,2.1700008,1.6600004,1
Bolivia,2013,34.179993,19.649996,8.779998,1.6999997,2.1799996,1.6699996,1
Bolivia,2014,34.169994,20.219997,8.859999,1.6799998,2.3399997,1.6299999,1
Bolivia,2015,45.77,21.57,8.98,1.88,2.6,1.68,1
Bolivia,2016,41.610012,22.090008,9.490003,2.1300008,2.5800006,1.7200006,1
Bolivia,2017,44.31998,22.439991,9.409996,2.539999,2.509999,1.7799993,1
Bolivia,2018,41.800014,22.770008,9.460004,2.8400009,2.3600008,1.8100005,1
Bolivia,2019,41.58001,22.320004,10.100002,3.1900008,2.7700005,1.8500004,1
Bolivia,2020,39.86997,21.499985,9.569993,3.0699975,2.7399979,1.7599987,1
Bolivia,2021,42.379986,21.489992,9.579996,3.1199987,2.699999,1.7899994,1
Bosnia and Herzegovina,1992,3.4204137,6.676105,3.7498586,0.44571966,0.14534336,0.0,0
Bosnia and Herzegovina,1993,3.4467542,7.504076,3.4073627,0.45300198,0.84691674,0.0,0
Bosnia and Herzegovina,1994,5.105807,7.6343966,4.415307,0.33066177,0.19450693,0.0,0
Bosnia and Herzegovina,1995,6.449564,6.928353,5.2478986,0.33796844,0.7416529,0.0,0
Bosnia and Herzegovina,1996,9.741445,7.4042115,7.3863697,0.3479087,0.16949399,0.0,0
Bosnia and Herzegovina,1997,8.141676,6.971092,6.298443,0.16597839,0.5590851,0.0,0
Bosnia and Herzegovina,1998,6.31746,6.4059396,6.936819,0.28313547,0.44239917,0.0,0
Bosnia and Herzegovina,1999,4.932793,5.7187877,5.7820287,0.33427355,1.5810235,0.0,0
Bosnia and Herzegovina,2000,3.7061603,6.256439,5.4308095,0.3577729,1.9998589,0.0,0
Bosnia and Herzegovina,2001,3.7912095,7.3604946,6.528278,0.3328867,2.7370684,0.0,0
Bosnia and Herzegovina,2002,6.0534725,8.439581,5.83993,0.33424082,4.0665965,0.018568935,0
Bosnia and Herzegovina,2003,5.5780087,7.9060593,3.8459396,0.41904908,4.814409,0.018624404,0
Bosnia and Herzegovina,2004,6.5676885,5.8921547,4.709971,0.43159094,5.8452425,0.037529647,0
Bosnia and Herzegovina,2005,5.979732,7.5244174,5.45852,0.50225955,6.5578046,0.028429788,0
Bosnia and Herzegovina,2006,5.375995,7.381251,5.0513344,0.5442837,5.9393764,0.009548836,0
Bosnia and Herzegovina,2007,7.2015033,7.404227,4.9618936,0.51163495,5.9658566,0.057920936,0
Bosnia and Herzegovina,2008,10.221874,8.469274,4.9934444,0.4895534,5.5319533,0.07832854,0
Bosnia and Herzegovina,2009,11.307352,8.564971,6.696973,0.5067442,5.594059,0.08942546,0
Bosnia and Herzegovina,2010,11.829991,9.409992,7.149995,0.59999955,5.419996,0.059999954,0
Bosnia and Herzegovina,2011,14.409987,10.019992,8.2999935,0.6999994,4.769996,0.0,0
Bosnia and Herzegovina,2012,16.899973,9.439984,8.939985,0.66999894,4.8199925,0.0,0
Bosnia and Herzegovina,2013,13.939984,9.76999,8.82999,0.48999947,4.539995,0.069999926,0
Bosnia and Herzegovina,2014,14.19,10.9,8.6,0.46,5.67,0.23,0
Bosnia and Herzegovina,2015,16.049963,14.249968,9.399979,0.3999991,5.5799875,0.09999978,0
Bosnia and Herzegovina,2016,17.730024,13.390019,9.350014,0.40000057,6.0600085,0.110000156,0
Bosnia and Herzegovina,2017,18.260027,12.160018,10.380015,0.4000006,5.600008,0.17000026,0
Bosnia and Herzegovina,2018,19.319988,12.139993,11.129993,0.4599997,6.1299963,0.4999997,0
Bosnia and Herzegovina,2019,20.539951,13.969967,11.029973,0.43999895,7.209983,0.25999936,0
Bosnia and Herzegovina,2020,19.78,12.81,10.52,0.29,7.3,0.34,0
Bosnia and Herzegovina,2021,19.719952,14.209965,12.07997,0.41999894,7.4099817,0.39999902,0
Botswana,1961,0.32768065,20.13188,0.26624054,4.136968,0.75776154,5.04833,0
Botswana,1962,0.36910275,22.412739,0.3383442,4.2856927,0.93300974,4.9316225,1
Botswana,1963,0.40062216,23.842154,0.3698051,4.4273887,0.9142403,6.646219,1
Botswana,1964,0.43322992,22.455753,0.38165495,4.4560795,0.8870899,6.4881344,1
Botswana,1965,0.46971542,21.909615,0.42796296,4.467516,0.87680215,6.3881297,0
Botswana,1966,0.51184636,19.524805,0.44786555,4.787896,1.0450196,6.344762,0
Botswana,1967,0.55606145,20.650597,0.47973928,4.7864895,1.0358007,6.30203,0
Botswana,1968,0.5809896,21.943531,0.5027795,5.5082283,1.374264,6.3238487,0
Botswana,1969,0.4688725,24.30132,0.6404112,6.953036,1.3608739,6.278317,1
Botswana,1970,0.585053,31.861988,0.50314564,7.0440383,1.345622,6.2249646,1
Botswana,1971,0.31998888,32.982555,0.9125608,6.672361,1.8251216,6.1627483,1
Botswana,1972,0.6258996,34.152866,0.85027885,6.2826157,1.9131273,9.447542,1
Botswana,1973,0.5710721,16.805836,0.8507809,6.060357,1.8297617,9.078881,0
Botswana,1974,0.83705795,5.137013,0.9058572,4.9076824,1.7314485,9.746565,0
Botswana,1975,0.9723148,5.3929553,0.80272496,4.737208,1.650674,6.5009418,0
Botswana,1976,1.059785,5.455104,0.6916492,4.3506966,2.0861032,6.1021304,0
Botswana,1977,1.211814,5.5082455,0.605907,4.054069,2.533793,5.5192623,0
Botswana,1978,1.3162642,3.7964973,0.45688504,4.0575743,2.871849,6.004775,0
Botswana,1979,1.4089504,2.7103477,0.3549265,4.0117445,2.3123999,5.4099402,0
Botswana,1980,1.5843261,4.795511,0.36152408,3.4982772,3.2643497,5.008172,0
Botswana,1981,1.72552,6.2707925,0.28407952,3.1038318,3.924506,4.5978794,0
Botswana,1982,1.4133168,5.370604,0.26172534,3.2558632,2.7010055,3.8735352,0
Botswana,1983,1.2848145,2.224923,0.2506955,3.3530526,2.6531942,4.0320196,0
Botswana,1984,1.3553777,17.943115,0.44831726,3.3258884,3.054813,4.003577,0
Botswana,1985,1.8939804,12.102742,0.4162594,3.2988558,2.6536536,3.1739779,0
Botswana,1986,2.0135915,5.0235996,0.4151735,3.695044,3.0826633,3.6535268,0
Botswana,1987,1.7179942,10.38041,0.41397452,3.591229,3.7050717,3.6636744,0
Botswana,1988,2.5207171,10.692387,0.5165404,4.1013308,4.566217,4.029015,0
Botswana,1989,2.9301496,9.791239,0.9492034,4.405542,3.9103053,4.725382,0
Botswana,1990,4.75612,16.094463,0.93884367,4.6942186,6.6234903,4.652951,0
Botswana,1991,5.5324054,15.172828,0.90830535,5.026644,7.9889584,5.2846856,0
Botswana,1992,5.1249876,17.726067,0.9383781,4.9187512,5.0321817,5.1559234,0
Botswana,1993,5.218165,14.923745,0.72045666,4.755014,4.0963106,4.9505663,0
Botswana,1994,4.5521235,9.391967,1.0070161,4.41854,3.5656588,5.158388,0
Botswana,1995,5.5274315,15.443993,0.93320274,6.8195586,2.9739428,4.0507154,0
Botswana,1996,4.8255787,16.105753,1.1782198,5.0817137,3.1453347,4.630916,0
Botswana,1997,5.63808,10.703143,1.319986,5.8017993,4.000888,3.9087958,0
Botswana,1998,4.659955,7.65418,1.4409071,5.0482845,2.8409374,4.08768,0
Botswana,1999,4.6603403,4.3442125,1.4174777,4.772515,3.8037353,5.465957,0
Botswana,2000,5.4469275,4.9896293,2.0730844,4.288439,4.7660613,6.798497,0
Botswana,2001,5.596099,3.5924323,0.728606,4.391875,3.6632688,6.729486,0
Botswana,2002,5.2200027,6.6812005,0.6650969,3.9301178,3.1138625,6.701355,0
Botswana,2003,3.3813152,5.518467,0.521746,3.0702744,2.7391665,7.3546114,0
Botswana,2004,3.62202,10.756301,0.4290547,3.4623716,2.6441743,7.822765,0
Botswana,2005,2.785031,12.488041,0.3667123,3.9149015,3.0427208,8.14696,0
Botswana,2006,3.2636876,10.724949,0.42270654,3.8928323,2.4084442,6.7436438,0
Botswana,2007,3.5340726,7.184974,0.45757964,3.787202,2.8038924,9.0639715,0
Botswana,2008,4.701747,6.6865005,0.7226046,4.017681,2.7748015,10.627104,0
Botswana,2009,4.353662,7.9261413,0.69544274,3.734432,3.3438408,10.679333,0
Botswana,2010,5.019985,4.1899877,0.5199985,3.6399896,3.5799894,9.929972,0
Botswana,2011,4.7499933,17.079977,0.5699992,3.609995,2.8399959,10.699985,0
Botswana,2012,4.830002,12.170005,0.5900002,3.5700014,4.550002,10.950005,0
Botswana,2013,5.7799873,3.2699926,0.64999855,3.099993,3.519992,9.969978,0
Botswana,2014,4.439994,3.2099955,0.66999906,2.969996,3.709995,11.519984,0
Botswana,2015,2.839991,4.9799848,0.75999767,2.4699924,3.0599906,12.329962,0
Botswana,2016,3.100001,3.7900014,0.9200004,2.500001,3.7800014,11.5300045,0
Botswana,2017,3.1199896,3.6399882,0.7599975,2.5799913,2.6699913,11.149962,0
Botswana,2018,3.5899982,3.1199985,0.73999965,2.4899988,2.309999,11.379995,0
Botswana,2019,3.4099932,5.5599885,0.53999895,2.2399955,2.429995,11.139977,0
Botswana,2020,3.2599947,8.219987,0.45999926,2.2599964,2.3899963,11.199982,0
Botswana,2021,3.899994,12.399981,0.41999933,2.019997,2.349996,11.389982,0
Brazil,1961,1.7221456,17.51014,6.9781737,0.56741214,4.5890703,0.597276,0
Brazil,1962,1.7728381,16.96148,7.4698234,0.5876261,5.8463817,0.57766634,1
Brazil,1963,2.0729058,16.662973,7.1056824,0.5879877,5.2420607,0.5879877,0
Brazil,1964,2.1336057,17.009024,6.9292336,0.60817736,5.1744924,0.5583267,0
Brazil,1965,2.6423357,16.74144,6.949841,0.63814896,5.0952206,0.5384382,0
Brazil,1966,2.7618062,16.102228,7.537637,0.6081956,5.4039674,0.5084914,0
Brazil,1967,3.030767,16.509705,7.3874946,0.5782384,5.8621416,0.45860294,0
Brazil,1968,3.180177,17.525866,7.7460737,0.6180908,6.65943,0.39876828,0
Brazil,1969,3.5390334,18.083961,7.566553,0.5981465,6.5895805,0.31901145,0
Brazil,1970,3.9273305,17.692923,7.854661,0.58810276,7.3363333,0.29903534,0
Brazil,1971,3.8567445,16.503279,8.012462,0.5979449,7.105579,0.21924646,0
Brazil,1972,4.3136806,18.41035,7.5414696,0.5578894,6.883957,0.11954773,0
Brazil,1973,5.0585413,19.45746,6.641825,0.5576345,8.245024,0.13940862,1
Brazil,1974,5.196676,18.586578,6.709884,0.56745315,7.3768907,0.1095085,0
Brazil,1975,5.0674996,19.15495,6.8595424,0.5774361,8.044282,0.12942533,0
Brazil,1976,5.406652,20.023533,6.8603745,0.5775061,6.5317936,0.17922606,0
Brazil,1977,5.994381,19.94476,7.119572,0.48791474,6.352849,0.10953188,0
Brazil,1978,7.079322,21.845333,7.1490197,0.3982741,6.213075,0.11948222,0
Brazil,1979,8.681798,22.152521,7.4372735,0.42811617,7.307843,0.15929903,1
Brazil,1980,10.024842,22.37919,7.914349,0.41811657,6.560448,0.07964125,1
Brazil,1981,9.776296,22.091244,7.7254643,0.3982198,5.893653,0.06968846,1
Brazil,1982,10.376055,21.03093,6.681701,0.3883552,6.41284,0.089620434,1
Brazil,1983,10.099636,21.414415,6.653409,0.4482087,6.404404,0.069721356,1
Brazil,1984,8.377037,22.112988,5.528247,0.49804026,6.7135825,0.08964725,0
Brazil,1985,9.172281,22.129,5.666697,0.5676656,6.5928884,0.069713324,0
Brazil,1986,10.2442875,26.561476,6.1127234,0.75662374,7.227748,0.06968903,1
Brazil,1987,11.4834385,24.80781,7.1945634,0.6766671,7.0851026,0.049754936,1
Brazil,1988,12.053165,24.30523,7.4387527,0.7160297,5.85752,0.059669137,1
Brazil,1989,12.819427,27.6363,7.155029,0.73537797,6.18115,0.059625242,1
Brazil,1990,14.040691,27.316792,6.8912587,0.75466233,5.7592654,0.04964884,1
Brazil,1991,15.50947,28.180994,7.720005,0.7541393,5.189669,0.0694602,1
Brazil,1992,16.461283,28.12301,7.8042345,0.75364906,4.5913095,0.08924792,1
Brazil,1993,17.064596,27.737402,9.166523,0.7729608,5.281899,0.059458524,1
Brazil,1994,18.668798,30.15729,10.30993,0.78240585,5.5956874,0.059423227,1
Brazil,1995,22.672516,34.018677,10.742219,0.85145694,6.0295033,0.04950331,1
Brazil,1996,21.494894,36.524487,10.89101,0.613857,6.8811383,0.029702755,1
Brazil,1997,24.759459,34.18786,11.64685,0.61403453,6.397844,0.029711349,1
Brazil,1998,25.335617,32.261547,13.326713,0.60440856,5.905369,0.02972501,1
Brazil,1999,27.919725,34.136227,13.087371,0.6047952,5.859573,0.029744023,1
Brazil,2000,29.35972,34.59863,13.742215,0.6250971,5.9929943,0.039688706,1
Brazil,2001,28.301075,34.04073,12.889401,0.5858819,6.087214,0.029790604,1
Brazil,2002,30.59535,34.730392,12.295792,0.56658053,6.123046,0.029820029,1
Brazil,2003,32.264442,33.18003,13.266041,0.547361,5.921451,0.029856056,1
Brazil,2004,34.018364,33.301136,12.969812,0.5877257,6.0864477,0.019922905,1
Brazil,2005,27.443382,36.023174,10.184145,0.5879301,6.01881,0.019929834,1
Brazil,2006,29.48239,36.47686,11.019778,0.597818,6.5859613,0.03985453,1
Brazil,2007,31.55007,37.037468,10.974803,0.5975392,6.9613314,0.04979493,1
Brazil,2008,36.397976,37.234024,11.475763,0.6071306,7.574203,0.06967072,1
Brazil,2009,34.85508,37.630356,11.61836,0.5968336,8.276092,0.06963058,1
Brazil,2010,37.539997,38.449997,12.259999,0.59999996,8.589999,0.19999999,1
Brazil,2011,40.36,38.82,12.49,0.6,9.13,0.16,1
Brazil,2012,40.59,39.06,11.669999,0.61,9.59,0.26,1
Brazil,2013,42.579998,38.989998,11.709999,0.60999995,9.679999,0.27,1
Brazil,2014,44.52,38.73,11.940001,0.61,9.94,0.23000002,1
Brazil,2015,46.16,37.78,12.82,0.6,9.05,0.23,1
Brazil,2016,45.82,36.84,13.0,0.6,8.86,0.2,1
Brazil,2017,47.49,36.93,13.61,0.6,8.98,0.41,1
Brazil,2018,47.63,37.34,14.37,0.6,8.43,0.66,1
Brazil,2019,46.99,37.06,14.3,0.64,8.13,0.53,1
Brazil,2020,48.37,34.76,14.14,0.67,8.07,0.48999998,1
Brazil,2021,50.63,34.66,12.55,0.67,8.03,0.33,1
Brunei,1961,4.30096,24.135298,4.5601697,0.11520428,21.20719,0.0,1
Brunei,1962,4.727606,29.497192,4.583764,0.076715715,20.780369,0.1342525,1
Brunei,1963,4.7434177,27.75282,4.9442477,0.14345014,21.364506,0.16257681,1
Brunei,1964,4.7228456,24.842548,4.5800176,0.13330613,19.919744,0.066653065,1
Brunei,1965,6.426681,22.330805,5.212115,0.17214325,19.031393,0.114762165,1
Brunei,1966,8.494778,21.246449,4.9125285,0.24705172,24.866705,0.057011932,1
Brunei,1967,8.145182,20.996899,3.7075949,0.40341705,25.50172,0.07684134,1
Brunei,1968,8.572522,21.373642,3.83457,0.29792398,21.98871,0.16337767,1
Brunei,1969,8.843237,21.22183,3.603159,0.33900687,24.999336,0.2615196,1
Brunei,1970,9.729357,20.053394,3.616825,0.3607076,25.493254,0.17547938,1
Brunei,1971,13.857037,18.073969,3.6285236,0.3922728,26.684357,0.31381825,1
Brunei,1972,11.120964,17.949453,3.3155665,0.4243136,28.488218,0.43418136,1
Brunei,1973,14.921516,16.619173,2.7102954,0.46660763,23.816845,0.39711288,1
Brunei,1974,12.024467,18.730228,3.3129652,0.48896176,24.687578,0.39915246,1
Brunei,1975,16.466333,17.797354,3.5594707,0.5344247,26.28765,0.41342294,1
Brunei,1976,17.400154,21.112862,3.6823583,0.47546932,39.767445,0.21244374,1
Brunei,1977,16.709188,20.646765,3.1827028,0.4488427,35.591187,0.59165627,1
Brunei,1978,15.40662,16.744993,3.8414385,0.51082957,38.37352,0.79689413,1
Brunei,1979,16.617517,20.039679,3.607142,0.59605193,35.629517,1.0482293,1
Brunei,1980,22.51124,20.24163,4.5392194,0.6675322,38.788757,0.8421176,1
Brunei,1981,29.474874,22.975023,4.4699287,0.66638845,43.766342,1.2302557,1
Brunei,1982,32.35788,20.035934,5.1086016,0.61303216,42.8816,1.1647611,1
Brunei,1983,30.235664,21.044998,5.49,1.3318331,48.403496,1.8604999,1
Brunei,1984,25.277805,21.285507,6.417995,0.89953005,47.937878,1.152207,1
Brunei,1985,22.396976,27.597172,6.0033135,0.8031188,48.09678,0.4718323,1
Brunei,1986,28.72626,17.606417,4.653196,0.20924434,38.1024,1.0063657,1
Brunei,1987,31.02298,21.800468,4.794912,0.69491476,33.16729,1.3104107,1
Brunei,1988,24.512995,24.394335,7.574406,0.7613959,24.24601,0.5141894,1
Brunei,1989,32.74907,22.417109,6.7074037,1.1031265,39.673157,0.15758951,1
Brunei,1990,27.079897,21.879772,4.405389,0.5494472,28.512384,0.15698491,1
Brunei,1991,34.757305,22.01068,4.8814793,0.64564663,23.155235,0.27391067,1
Brunei,1992,30.775951,21.481398,5.6179104,0.8725899,19.520523,0.53924096,1
Brunei,1993,29.905558,20.553308,8.26066,0.93424135,35.215984,0.72772485,1
Brunei,1994,34.200138,24.812057,11.511457,1.3566022,58.078304,2.270834,1
Brunei,1995,32.31993,23.482988,11.144804,1.0059911,34.77573,2.0218449,1
Brunei,1996,31.615068,28.973059,11.953365,1.1973156,37.096992,1.2566866,1
Brunei,1997,26.227236,19.160728,10.213777,1.4350753,58.17498,0.23752968,1
Brunei,1998,30.53599,15.109571,8.1884775,1.6337348,53.50729,0.18812704,1
Brunei,1999,40.950687,19.615788,4.8393555,1.2023861,31.15273,0.1192449,1
Brunei,2000,42.561684,11.343816,4.4937816,0.83512753,33.206264,0.03976798,1
Brunei,2001,47.732327,10.246832,5.700422,1.0346315,39.783573,0.019896759,1
Brunei,2002,52.3476,12.168303,4.5407085,0.8563617,35.777996,0.109534636,1
Brunei,2003,56.23222,11.098464,4.83933,1.0598532,37.14486,0.059991695,1
Brunei,2004,52.807236,8.502436,6.0087886,2.0530026,40.83973,0.16023436,1
Brunei,2005,46.310074,7.4357014,6.7834473,1.7159312,37.389236,0.030104054,1
Brunei,2006,51.600796,11.074557,5.23049,1.3478571,36.03003,0.04023454,1
Brunei,2007,54.641106,9.536039,5.814168,1.5289853,32.068455,0.03017734,1
Brunei,2008,55.17649,9.009437,7.0017343,1.5032542,32.940437,0.050444774,1
Brunei,2009,56.012882,9.165561,6.68238,1.756396,29.031006,0.1009423,1
Bulgaria,1961,3.6541846,7.109231,14.4176,6.2031527,2.4991834,0.90607846,1
Bulgaria,1962,3.5238113,8.152546,14.5730505,7.3064337,2.1600766,0.4578964,1
Bulgaria,1963,3.4649136,9.110333,12.784337,6.8003907,4.0722694,0.24891621,1
Bulgaria,1964,3.962127,8.52156,13.93713,8.123356,4.270735,0.18914676,1
Bulgaria,1965,4.0611563,8.311436,17.439085,8.112359,4.2104635,0.17916867,1
Bulgaria,1966,4.5580077,9.603662,15.933123,8.767696,3.6026173,0.23884755,1
Bulgaria,1967,5.294042,10.647791,17.97188,8.946135,5.2144322,0.1492681,1
Bulgaria,1968,5.1876545,10.852335,16.944351,8.417517,6.5491657,0.3577693,1
Bulgaria,1969,6.385595,10.31214,14.684886,8.4678545,7.773768,0.12890175,1
Bulgaria,1970,7.739859,9.788646,14.094066,8.205042,7.6705766,0.1682578,1
Bulgaria,1971,9.054841,8.936219,15.628498,8.689089,8.3826475,0.34598193,1
Bulgaria,1972,9.268788,9.239144,20.00003,8.270763,8.310289,0.33596888,1
Bulgaria,1973,10.506911,10.487161,19.167212,8.364055,5.7077017,0.19749832,1
Bulgaria,1974,12.296367,11.813189,17.95644,8.391506,9.200088,0.29582277,1
Bulgaria,1975,10.794293,11.789023,27.704695,6.510062,11.454164,0.32501066,1
Bulgaria,1976,11.563273,12.734362,26.53156,7.469383,9.80172,0.40348443,1
Bulgaria,1977,12.916275,13.053996,25.094757,5.6564035,8.145221,0.3836517,1
Bulgaria,1978,13.826866,12.596718,26.246443,5.5996346,7.2627954,0.65935946,1
Bulgaria,1979,14.52905,12.263503,29.50136,5.013754,5.959373,0.6993644,1
Bulgaria,1980,13.010342,12.092313,28.912968,5.142935,6.406458,0.58240527,1
Bulgaria,1981,12.675378,12.26937,31.757763,6.8922367,6.0505123,0.37630028,1
Bulgaria,1982,13.568611,12.49505,31.530867,6.3021975,6.560647,0.24850936,1
Bulgaria,1983,14.59153,12.555503,32.76607,6.3975177,9.65117,0.18963,1
Bulgaria,1984,14.895796,13.052604,30.262407,6.8919353,9.606637,0.20034696,1
Bulgaria,1985,14.238204,13.987,31.370268,8.239469,7.74711,0.20096265,1
Bulgaria,1986,15.44189,13.759701,33.35166,7.9274406,8.5922575,0.14102182,1
Bulgaria,1987,16.131119,13.659496,34.229446,7.061778,7.021425,0.14123556,1
Bulgaria,1988,16.584667,14.374051,37.368496,6.641942,6.4703417,0.23216516,1
Bulgaria,1989,17.273127,15.730344,39.063686,7.229908,6.4232235,0.22183818,1
Bulgaria,1990,18.63242,14.487411,22.525911,6.780913,3.7828238,0.25151753,1
Bulgaria,1991,9.916468,12.433185,23.522783,8.2720785,2.8977344,0.33088318,1
Bulgaria,1992,8.375923,15.054697,23.240938,6.1197147,2.2861576,0.44924492,1
Bulgaria,1993,9.970582,15.829789,29.345688,6.147202,1.5790067,0.5561281,1
Bulgaria,1994,10.075006,12.616004,28.257477,4.993011,1.255668,0.5635676,1
Bulgaria,1995,10.884271,10.529349,30.543,5.0872135,0.9661762,0.6408311,1
Bulgaria,1996,12.0854225,9.524534,28.524353,6.096884,1.1031518,0.7879656,1
Bulgaria,1997,13.237946,9.18672,26.80117,5.6184874,2.8585289,1.5376912,1
Bulgaria,1998,15.363616,10.219372,32.47489,5.914399,5.203487,0.8392721,1
Bulgaria,1999,14.921852,10.425532,24.21095,6.413431,4.249269,0.7510336,1
Bulgaria,2000,16.194288,8.6751585,24.049358,6.6199956,3.280356,0.87937254,1
Bulgaria,2001,17.66765,10.952166,20.264963,5.5896535,3.466375,0.64192134,1
Bulgaria,2002,20.418095,6.5823436,19.806242,5.6448283,3.8290095,0.64145774,1
Bulgaria,2003,14.050686,7.296497,21.002077,1.4987398,4.5258,0.56202745,0
Bulgaria,2004,15.971886,9.433456,21.99827,1.6739955,3.6434019,0.7877626,0
Bulgaria,2005,17.026974,12.376998,17.538176,2.084133,4.089619,0.8159577,0
Bulgaria,2006,17.717543,13.57527,12.809637,2.002426,5.5655665,0.893239,0
Bulgaria,2007,18.821682,4.987109,19.350767,1.8321992,4.5070143,1.2443278,0
Bulgaria,2008,19.613285,5.0255375,21.59808,1.984794,6.1499286,2.1216764,0
Bulgaria,2009,21.387873,4.8373847,24.684315,1.638469,6.3295617,1.872536,0
Bulgaria,2010,21.539999,4.7099996,25.699997,1.7999997,6.309999,0.9099999,0
Bulgaria,2011,21.020006,4.300001,27.400007,1.8500005,5.5800014,0.88000023,0
Bulgaria,2012,21.209978,3.7699964,25.089975,1.7999983,5.649995,0.90999913,0
Bulgaria,2013,20.840002,3.6900005,25.330004,1.6000003,6.540001,0.9900001,0
Bulgaria,2014,21.149994,3.8899992,26.929993,1.8599995,6.3299985,0.95999974,0
Bulgaria,2015,21.379984,3.8099973,27.30998,1.5199989,6.929995,0.7899995,0
Bulgaria,2016,21.879993,3.879999,27.849993,1.6499995,7.179998,0.7899998,1
Bulgaria,2017,21.8,3.64,28.8,1.36,7.12,0.79,0
Bulgaria,2018,22.44002,3.2700028,31.550026,1.4900013,6.960006,0.74000067,0
Bulgaria,2019,22.809978,3.9599965,31.369974,1.3699988,7.029994,0.74999934,0
Bulgaria,2020,21.329998,3.3099995,29.909996,1.2899998,7.109999,0.66999996,0
Bulgaria,2021,21.140018,3.8200033,34.56003,1.6300014,7.200006,0.6500006,0
Burkina Faso,1961,1.3819033,3.0159788,0.23199837,1.8459,0.5951262,1.2911212,0
Burkina Faso,1962,1.309372,3.1122766,0.21151394,1.8935534,1.0172813,1.2590116,0
Burkina Faso,1963,1.2975688,3.4400663,0.21123214,1.941324,1.8407373,1.2472756,0
Burkina Faso,1964,1.2455916,3.6564143,0.2611724,2.0793343,1.7378012,1.2355466,0
Burkina Faso,1965,1.1136739,3.9831402,0.27089366,2.1972487,1.3444352,1.224038,0
Burkina Faso,1966,1.172946,4.0200973,0.32080573,2.3759673,1.5839784,1.2330971,0
Burkina Faso,1967,1.2729509,4.009294,0.29067382,2.2251582,1.5435783,1.232858,0
Burkina Faso,1968,1.2126508,3.657996,0.2806134,2.124644,1.4631984,1.2527384,0
Burkina Faso,1969,1.3028862,4.469902,0.29064384,2.3953063,1.4732637,1.1926421,0
Burkina Faso,1970,1.2930652,4.781334,0.32076034,2.5059402,1.3231366,1.17278,0
Burkina Faso,1971,1.2934364,4.812787,0.35093236,2.5367396,1.1831434,1.1530634,0
Burkina Faso,1972,1.2642792,3.953381,0.30101886,2.4583209,1.1940416,1.1238037,0
Burkina Faso,1973,1.2747835,2.3789268,0.24090397,1.8168174,1.0941056,1.0639925,0
Burkina Faso,1974,1.1943212,2.187916,0.23083517,1.7864635,1.4251562,1.063849,0
Burkina Faso,1975,1.2333164,2.687226,0.28075495,1.8549881,1.1531007,1.0428041,0
Burkina Faso,1976,1.4409727,3.1521277,0.28018913,1.4809997,1.2708578,1.0607159,0
Burkina Faso,1977,1.2964405,3.2610464,0.28920594,1.5357833,1.336331,1.0172071,0
Burkina Faso,1978,1.1517493,3.3956745,0.2879373,1.6581217,1.4198288,0.98295844,0
Burkina Faso,1979,1.1861445,3.6572785,0.29653612,1.6309485,1.3937197,0.9686846,0
Burkina Faso,1980,1.289221,3.1295598,0.29524148,1.8600212,1.4171592,0.95461416,0
Burkina Faso,1981,1.3139035,2.823912,0.41182047,2.0296867,1.5296189,0.9314987,0
Burkina Faso,1982,1.4175576,3.3825858,0.48881295,2.3267498,1.5250964,0.9091921,0
Burkina Faso,1983,1.5595933,3.801509,0.54585767,2.4563594,1.5011085,0.90651363,0
Burkina Faso,1984,1.4670506,3.5073195,0.60236514,2.467754,1.3601793,0.89383215,0
Burkina Faso,1985,1.6077427,4.1065235,0.6198526,2.5762625,1.5012056,0.87166774,0
Burkina Faso,1986,1.7586153,4.2515974,0.62807685,2.6379228,1.7489524,0.8696449,0
Burkina Faso,1987,1.901104,4.2557707,0.63691807,2.7213771,1.9590055,0.8588743,0
Burkina Faso,1988,2.035056,4.263009,0.65584755,2.7584174,2.160439,0.85838866,0
Burkina Faso,1989,2.0062876,4.176551,0.65590173,2.9804945,1.9677051,0.848814,0
Burkina Faso,1990,2.0938685,6.2623067,0.8394772,3.1166797,1.6403577,0.68509054,0
Burkina Faso,1991,2.1259847,6.387618,0.90837526,3.1986406,1.4688622,0.68611324,0
Burkina Faso,1992,2.1211975,6.102075,0.9685833,3.2060106,1.4044458,0.68769413,0
Burkina Faso,1993,2.1258852,6.086438,1.0386745,3.2130957,1.2522337,0.7377501,0
Burkina Faso,1994,2.1791213,6.0704093,1.1187453,3.2200408,2.0915675,0.78798586,0
Burkina Faso,1995,2.1732945,6.0618343,1.198723,3.245323,2.2804973,0.77965724,0
Burkina Faso,1996,2.1876519,5.9672112,1.2989182,3.2521787,2.226717,0.8008368,0
Burkina Faso,1997,2.2118104,6.067798,1.3897215,3.2687817,2.6228547,0.80251527,0
Burkina Faso,1998,2.2227669,5.9045305,1.4785806,3.2705026,1.7037948,0.7931459,0
Burkina Faso,1999,2.0248513,5.839789,1.5846664,3.2769334,2.8269668,0.7923332,0
Burkina Faso,2000,2.227255,5.773279,1.6899786,3.272502,2.2663295,0.80103034,0
Burkina Faso,2001,2.2234612,5.695181,1.8333802,3.2669272,1.6383396,0.80941784,0
Burkina Faso,2002,2.2485065,5.6456013,1.9564927,3.2705548,1.6255437,0.78843737,0
Burkina Faso,2003,2.2538393,8.05359,2.0886874,3.2544663,1.5835165,0.7674712,0
Burkina Faso,2004,2.2392223,7.9293675,2.2295287,3.247357,1.8127037,0.77548826,0
Burkina Faso,2005,2.2247262,8.057378,2.3698173,3.211344,2.4665444,0.7931633,0
Burkina Faso,2006,2.2302506,7.965181,2.5295484,3.2053819,2.558513,0.8496193,0
Burkina Faso,2007,2.2379236,7.880964,2.3150935,3.202546,2.691296,0.5787734,0
Burkina Faso,2008,2.2282395,7.803662,1.977442,3.2024915,2.5176213,0.6173477,0
Burkina Faso,2009,2.2666585,7.7259307,1.9580073,3.2022583,4.1475034,0.6365935,0
Burkina Faso,2010,2.3199983,7.6599946,2.4199984,3.209998,5.1399965,0.65999955,0
Burkina Faso,2011,2.3099997,7.579999,2.3999999,3.2099998,6.4699993,0.59999996,0
Burkina Faso,2012,2.2899992,7.509998,2.3399992,3.199999,6.6499977,0.5699998,0
Burkina Faso,2013,2.1699996,6.5599985,2.3199995,3.1999993,6.6499987,0.47999987,0
Burkina Faso,2014,2.1699996,6.3599987,2.2599995,3.2299993,6.3199987,0.5099999,0
Burkina Faso,2015,2.7599995,5.879999,2.1899998,2.9899995,6.659999,0.44999993,0
Burkina Faso,2016,2.3899996,5.719999,2.0799994,2.1899996,7.029999,0.4199999,0
Burkina Faso,2017,2.1,5.3,2.04,2.08,7.9299994,0.44,0
Burkina Faso,2018,2.089999,5.319998,1.999999,2.259999,8.499996,0.4299998,0
Burkina Faso,2019,9.750001,6.250001,15.320002,4.1100006,8.900001,0.40000007,0
Burkina Faso,2020,9.209999,5.1599994,14.779999,3.4699998,8.66,0.44999996,0
Burkina Faso,2021,9.249995,4.9999976,15.269994,3.3899984,8.439996,0.41999978,0
Burundi,2010,0.7499999,0.85999984,0.40999994,0.5099999,2.0199995,0.17999998,0
Burundi,2011,0.72999954,1.0599992,0.39999974,0.32999977,1.429999,0.21999985,0
Burundi,2012,0.39000005,1.2400002,0.52000004,0.61000013,1.9200002,0.21000002,0
Burundi,2013,0.35999992,0.89999974,0.5299998,0.3999999,2.0099995,0.19999994,0
Burundi,2014,0.49999952,1.089999,0.48999956,0.4599996,2.2899978,0.119999886,0
Burundi,2015,0.4899999,1.0499997,0.47999987,0.44999987,2.5699992,0.069999985,0
Burundi,2016,0.49000007,1.0500001,0.48000005,0.44000003,2.7700002,0.17000002,0
Burundi,2017,0.4799999,1.0199997,0.4699999,0.42999992,2.3899996,0.12999997,0
Burundi,2018,0.43999976,0.9299995,0.43999976,0.38999978,2.4299986,0.07999995,0
Burundi,2019,0.5500001,1.3400003,0.8200001,0.8900001,2.6000004,0.06000001,0
Burundi,2020,0.63000005,1.1200001,0.8300001,0.7500001,2.5300002,0.060000006,0
Burundi,2021,0.6599998,1.1899996,0.84999967,0.7499997,2.459999,0.049999982,0
Cambodia,1961,0.7046489,2.4248211,1.6787224,0.0,5.21233,0.0,0
Cambodia,1962,0.7388403,2.4142387,2.0083969,0.0,5.327975,0.0,0
Cambodia,1963,0.70005965,2.455433,2.5390222,0.0,5.57958,0.0,0
Cambodia,1964,0.8169474,2.4508421,3.288737,0.0,6.2527895,0.0,0
Cambodia,1965,0.9324428,2.462068,3.7821555,0.0,7.1766663,0.0,0
Cambodia,1966,0.9411141,2.4678102,4.1722727,0.0,6.577342,0.0,0
Cambodia,1967,1.0206466,2.9473772,4.5824947,0.0,6.748765,0.0,0
Cambodia,1968,1.1404355,3.3383656,4.852034,0.0,7.381727,0.0,0
Cambodia,1969,1.1880976,3.491974,5.341274,0.0,7.6348186,0.0,0
Cambodia,1970,1.2142047,4.155511,5.8093414,0.0,8.174947,0.0,0
Cambodia,1971,1.2418814,4.1967025,5.834701,0.0,11.615873,0.0,0
Cambodia,1972,1.2681657,4.10799,5.7663608,0.0,12.822565,0.0,0
Cambodia,1973,1.2558365,4.0295973,5.6676445,0.0,12.329039,0.0,0
Cambodia,1974,1.2368295,3.8965604,4.454776,0.0,12.291677,0.0,0
Cambodia,1975,1.2466191,2.9649322,3.5713954,0.0,12.58973,0.0,0
Cambodia,1976,1.3313566,2.6627133,2.5331123,0.0,13.431385,0.0,0
Cambodia,1977,1.4929147,2.2692301,1.9825906,0.0,14.021454,0.0,0
Cambodia,1978,1.3559167,2.3377874,1.3442278,0.0,6.8614063,0.0,0
Cambodia,1979,1.1868448,2.1049702,0.8733387,0.0,4.971313,0.0,0
Cambodia,1980,0.9401782,2.1937492,0.8429184,0.0,3.177154,0.0,0
Cambodia,1981,1.0730847,2.475532,1.413072,0.0,8.106571,0.0,0
Cambodia,1982,1.4683738,2.8738174,4.363168,0.0,10.3835,0.0,0
Cambodia,1983,1.3720616,3.1211784,4.786505,0.0,9.90817,0.0,0
Cambodia,1984,1.5031837,3.4163268,5.655335,0.0,9.029614,0.0,0
Cambodia,1985,1.7291384,3.6375167,6.515899,0.0,9.552436,0.0,0
Cambodia,1986,1.8656576,3.8256464,6.058147,0.0,9.569356,0.0,0
Cambodia,1987,1.8044447,4.0029635,6.274075,0.0,10.29778,0.0,0
Cambodia,1988,2.14067,4.0240483,7.255637,0.0,10.446058,0.0,0
Cambodia,1989,1.9848323,4.2868285,8.113257,0.0,9.433069,0.0,0
Cambodia,1990,1.8295314,4.3502192,6.799759,0.0,12.349337,0.0,0
Cambodia,1991,1.8838317,4.4259915,6.6946926,0.0,12.59939,0.0,0
Cambodia,1992,1.9907746,4.6117945,8.40327,0.0,7.6129622,0.0,0
Cambodia,1993,2.016668,4.584231,8.292933,0.0,7.191144,0.0,0
Cambodia,1994,1.8631386,4.481339,7.6192565,0.0,7.3839126,0.0,0
Cambodia,1995,1.8146353,4.635209,7.4656463,0.0,8.885796,0.0,0
Cambodia,1996,1.963779,4.69125,7.696427,0.0,7.5774097,0.0,0
Cambodia,1997,2.0336509,4.6554656,8.483515,0.0,6.8984632,0.0,0
Cambodia,1998,2.0628092,4.556205,8.571673,0.0,6.949464,0.0,0
Cambodia,1999,2.1308663,4.4828606,8.613926,0.0,19.971848,0.0,0
Cambodia,2000,2.1583924,5.6783876,8.663827,0.0,20.908165,0.0,0
Cambodia,2001,2.2038178,5.43878,8.572648,0.0,32.683228,0.0,0
Cambodia,2002,2.1144936,4.957425,8.549029,0.0,29.279161,0.0,0
Cambodia,2003,2.073451,4.9459395,9.153528,0.0,25.660223,0.0,0
Cambodia,2004,2.0405817,4.9297223,9.192719,0.0,21.537228,0.0,0
Cambodia,2005,1.9761889,5.0816283,9.144915,0.0,27.475075,0.0,0
Cambodia,2006,1.8907712,5.2297926,9.021393,0.0,36.407402,0.0,0
Cambodia,2007,1.9144846,5.222233,9.04118,0.010023479,34.48077,0.0,0
Cambodia,2008,1.9795886,5.238911,8.788174,0.009997922,32.153316,0.0,0
Cambodia,2009,2.2980921,5.3155875,8.692783,0.0099917045,34.611267,0.0,0
Cambodia,2010,1.9699996,5.0499988,7.289998,0.0,36.13999,0.0,0
Cambodia,2011,1.8999994,4.9899983,7.529998,0.0,40.709988,0.0,0
Cambodia,2012,1.7299988,4.6599965,6.6499953,0.0,41.19997,0.0,0
Cambodia,2013,1.7299987,3.9499972,6.839995,0.0,42.12997,0.0,0
Cambodia,2014,1.9700005,5.230001,7.3900013,0.0,42.750008,0.0,0
Cambodia,2015,1.8199992,4.139998,7.2199965,0.0,41.92998,0.0,0
Cambodia,2016,1.8499993,4.0999985,7.209997,0.0,42.529984,0.009999996,0
Cambodia,2017,2.2499995,4.309999,7.1199985,0.009999998,43.51999,0.0,0
Cambodia,2018,2.4099998,4.6699996,6.929999,0.0,44.069996,0.0,0
Cambodia,2019,1.7900004,3.890001,5.7600017,0.0,44.91001,0.020000005,0
Cambodia,2020,1.8499995,3.8499987,6.499998,0.0,44.389988,0.0,0
Cambodia,2021,1.9399987,4.1299973,6.559995,0.009999993,43.87997,0.009999993,0
Cameroon,1961,0.5474616,4.305997,0.60010225,1.6634413,12.402112,4.937683,0
Cameroon,1962,0.56954134,4.250466,0.5906354,1.6769828,11.601768,5.030948,0
Cameroon,1963,0.63222295,4.520394,0.5900747,1.6859277,10.947994,4.931339,0
Cameroon,1964,0.8317719,3.6008353,0.5790817,1.69513,10.570873,4.8011136,0
Cameroon,1965,0.88397914,3.9252884,0.56827235,1.6942934,10.481467,4.8513618,0
Cameroon,1966,1.0096364,4.154233,0.59947157,1.8194488,10.5591135,4.7537045,0
Cameroon,1967,1.1142688,4.3309317,0.51508653,1.8816426,11.4475355,4.625267,0
Cameroon,1968,1.1556174,4.3283124,0.69337046,1.9120215,11.73477,4.6855035,0
Cameroon,1969,1.2808957,4.588126,0.7454393,1.9108444,12.2315035,4.567128,0
Cameroon,1970,1.2486838,5.194104,0.81846493,1.9307379,12.109084,4.5959954,0
Cameroon,1971,1.2162977,5.242663,0.88076735,1.897844,10.778915,4.466749,0
Cameroon,1972,1.1733773,5.259245,0.9428925,1.8962615,10.549919,4.326829,0
Cameroon,1973,1.2145814,5.3085585,0.91093606,1.622932,9.6224165,4.35574,0
Cameroon,1974,1.21406,5.2853475,0.92101103,1.6222353,8.665876,4.228278,0
Cameroon,1975,1.1090891,5.3257213,0.88936406,1.6113182,9.280775,4.1015377,0
Cameroon,1976,1.1628807,5.5001116,1.2885976,1.6238424,9.889724,4.2429433,0
Cameroon,1977,1.1551881,5.5869093,1.4072291,1.8483008,10.449201,4.1376734,0
Cameroon,1978,1.1671703,5.551945,1.5246819,1.9137387,9.242727,4.027263,0
Cameroon,1979,1.1785066,5.639996,1.6309689,1.8203717,11.827155,3.9143255,0
Cameroon,1980,0.92256546,5.7136154,1.7193265,1.7402939,12.014318,3.899936,0
Cameroon,1981,0.76075304,4.950105,1.5215061,1.5840336,12.390895,3.9392414,0
Cameroon,1982,0.7859798,5.2817845,1.2261285,1.4881217,13.057745,3.9089396,0
Cameroon,1983,1.0891122,5.4984303,1.0785383,1.459199,12.593521,3.9440668,0
Cameroon,1984,1.5569484,6.4396234,1.133289,1.482808,12.550911,3.9400327,0
Cameroon,1985,1.5670607,6.236478,1.5458843,1.5458843,13.404722,4.1505933,0
Cameroon,1986,1.8729665,6.370203,1.9999474,1.9152935,15.068386,4.1057124,0
Cameroon,1987,1.9560449,6.7985773,1.7657269,1.9560449,12.23321,4.123554,0
Cameroon,1988,1.521695,6.6679826,1.521695,2.0817633,13.177456,4.026151,0
Cameroon,1989,1.4792558,6.667217,1.5637847,2.2188835,12.901223,4.0573874,0
Cameroon,1990,1.5100014,6.4623837,1.520561,2.3547575,11.995536,3.9069967,0
Cameroon,1991,1.5303046,6.4483867,1.3086742,2.2585185,8.379737,3.7043924,0
Cameroon,1992,1.5615608,6.4150605,1.1922728,2.215728,11.542888,3.7350845,0
Cameroon,1993,1.5397682,6.3067217,1.1073674,2.1725495,9.544454,3.7123177,0
Cameroon,1994,1.6025884,5.60906,1.0332478,2.140299,9.594444,3.6901708,0
Cameroon,1995,1.6131907,5.5249143,1.0016544,2.0982022,11.092005,3.679762,0
Cameroon,1996,1.835063,6.4438133,0.93862414,2.0670824,10.4936075,3.490838,0
Cameroon,1997,2.1629047,5.45474,0.9284664,2.0362957,12.481543,3.4711983,0
Cameroon,1998,2.5013587,5.3826704,1.0765342,2.015863,13.477786,3.5251215,0
Cameroon,1999,2.5964015,6.2060328,0.928794,2.0053506,13.098106,3.493532,0
Cameroon,2000,2.3430362,6.163663,1.1926265,2.1108434,13.41441,3.4723372,0
Cameroon,2001,2.4166322,6.120728,1.0869567,2.068384,14.858594,3.450824,0
Cameroon,2002,2.9210792,5.662886,1.1178137,2.0141737,13.730127,3.479986,0
Cameroon,2003,3.2541282,5.507797,1.1057718,1.9587958,15.807271,3.4436893,0
Cameroon,2004,4.86842,5.5413766,1.8296007,1.9137203,15.66727,3.4068425,0
Cameroon,2005,3.4753213,5.459719,1.8269061,1.8584044,15.140222,3.3703268,0
Cameroon,2006,3.5963013,5.3263006,1.8033931,1.8033931,14.04969,3.3970892,0
Cameroon,2007,3.7145731,5.2317934,1.820664,1.7578825,16.061605,3.4111292,0
Cameroon,2008,3.621151,5.885675,1.8471,1.6488239,16.383883,3.3289545,0
Cameroon,2009,3.3195736,5.7129965,1.7170209,1.5297096,18.918447,3.4444478,0
Cameroon,2010,3.429999,4.159999,1.9899995,1.8399996,18.299995,3.0899992,0
Cameroon,2011,3.4399981,4.2499976,1.6499991,1.6299992,21.139988,3.1199982,0
Cameroon,2012,3.3599992,4.209999,1.4899997,1.4299997,19.209995,3.1599994,0
Cameroon,2013,3.3799996,4.3099995,1.4999999,1.6199998,20.369999,3.2199998,0
Cameroon,2014,3.4399986,4.3399982,1.5999993,1.5599992,20.14999,3.2999985,0
Cameroon,2015,3.53,4.42,1.62,1.45,20.39,3.36,0
Cameroon,2016,3.5800006,3.8800008,1.4700004,1.4700004,21.230003,3.3900008,0
Cameroon,2017,3.2099998,3.4599998,1.3899999,1.4399999,19.569998,3.0999997,0
Cameroon,2018,3.2399998,3.3099997,1.3599999,1.3599999,21.579998,3.0599997,0
Cameroon,2019,3.3599997,3.2199998,1.3499999,1.3199999,19.289999,2.8499997,0
Cameroon,2020,0.68,4.18,1.68,1.61,18.77,2.9,0
Cameroon,2021,4.13,4.19,1.8699999,1.5399998,18.28,2.8699996,0
Canada,1961,13.866152,36.682728,26.300636,1.6218892,15.157656,0.25029153,1
Canada,1962,13.896549,36.9005,26.059788,1.7132733,15.629861,0.040076565,1
Canada,1963,14.935925,38.146214,26.315678,1.833182,15.627125,0.010017388,1
Canada,1964,15.745198,40.699287,27.476524,1.5815268,14.2937975,0.010009662,1
Canada,1965,16.39016,43.14042,25.120245,1.330013,13.26013,0.020000195,1
Canada,1966,17.712988,42.429253,25.075918,1.5585032,15.25535,0.15984648,1
Canada,1967,18.248474,42.579773,28.786043,1.6680323,12.954719,0.23971722,1
Canada,1968,17.851784,43.194317,28.302828,1.9101908,15.071506,0.25002497,1
Canada,1969,19.486269,42.661297,27.214619,1.8243318,14.394177,0.35083303,1
Canada,1970,20.429447,41.168884,31.04916,1.7199535,14.079619,0.21999405,1
Canada,1971,19.488144,42.599213,32.506783,1.264042,15.686066,0.22892101,1
Canada,1972,19.753946,42.715546,31.229765,1.6735567,14.255117,0.24904118,1
Canada,1973,20.183819,42.735737,29.366455,1.3788944,18.105486,0.22981575,1
Canada,1974,19.765692,44.18272,30.648823,0.9702794,18.095211,0.21006048,1
Canada,1975,18.389801,49.68946,26.269716,1.109988,15.379834,0.13999848,1
Canada,1976,19.444096,52.584026,27.251722,0.9097237,19.174177,0.33989677,1
Canada,1977,20.013113,50.097794,27.174227,0.7701198,21.173294,0.17002645,1
Canada,1978,20.54339,46.653114,28.262178,0.77087766,20.583435,0.21023937,1
Canada,1979,21.93064,40.456524,31.804434,0.9413151,22.81187,0.18025184,1
Canada,1980,22.079538,40.25916,34.58928,0.7799837,20.55957,0.06999854,1
Canada,1981,21.834345,41.443344,33.260456,0.6785811,22.033928,0.13970788,1
Canada,1982,21.892529,41.094578,30.950474,0.69753164,19.411308,0.14947107,1
Canada,1983,21.999264,40.860046,31.663797,0.7472576,19.95676,0.039853737,1
Canada,1984,22.756472,39.157894,31.126783,0.8080992,18.775835,0.09976533,1
Canada,1985,24.339134,39.538593,31.78887,0.7099747,19.309313,0.06999751,1
Canada,1986,24.69748,39.752518,30.791664,0.86200625,21.670437,0.09020995,1
Canada,1987,25.937853,37.631973,30.595425,0.84318095,24.72327,0.15056804,1
Canada,1988,26.97917,37.768833,31.003965,0.8029516,24.510096,0.010036894,1
Canada,1989,26.86685,37.05462,29.331148,0.7613276,24.492712,0.020034937,1
Canada,1990,27.790798,35.761024,27.600792,0.79002273,23.74068,0.020000573,1
Canada,1991,27.743301,34.981556,27.403383,0.82979965,23.254387,0.019995172,1
Canada,1992,27.911335,34.08163,29.91143,0.8000383,23.181108,0.0100004785,1
Canada,1993,28.947906,32.538887,29.127956,0.8102213,23.396389,0.010002731,1
Canada,1994,30.970478,33.201233,30.00015,0.780264,23.397917,0.02000677,1
Canada,1995,30.415783,33.366344,29.205553,0.75014263,22.624302,0.010001902,1
Canada,1996,30.77183,33.161194,27.162788,0.7198089,23.403786,0.0099973455,1
Canada,1997,31.87319,33.3724,26.825851,0.7096257,23.217754,0.0099947285,1
Canada,1998,33.31578,33.875713,30.066193,0.7599038,24.09695,0.019997468,1
Canada,1999,34.82858,34.638474,31.83698,0.78041625,24.983326,0.020010673,1
Canada,2000,35.946026,34.03517,30.403553,0.90040135,23.500475,0.04001784,1
Canada,2001,36.681335,32.72335,30.81432,0.9795016,24.747408,0.02998474,1
Canada,2002,36.635033,32.699863,30.252867,0.97879857,23.940613,0.059926443,1
Canada,2003,36.218525,34.559963,27.266304,1.0291055,25.018257,0.02997395,1
Canada,2004,36.612675,33.162422,28.862108,1.0600773,24.171764,0.02000146,1
Canada,2005,36.722225,32.427284,25.269054,1.0712318,23.63718,0.010011512,1
Canada,2006,36.86947,32.3485,25.371569,1.1427732,23.757652,0.020048652,1
Canada,2007,37.6209,32.91327,27.442781,1.1643609,23.52812,0.020075187,1
Canada,2008,37.751347,31.412575,26.500277,1.0949699,22.431812,0.030136783,1
Canada,2009,36.71303,30.945848,25.942266,1.105209,23.12901,0.040189415,1
Canada,2010,36.609993,29.369995,24.619997,0.9499998,22.799995,0.009999998,1
Canada,2011,36.739998,28.859997,24.679996,0.95999986,23.299995,0.009999999,1
Canada,2012,36.890003,29.870003,24.350002,0.9700001,22.660002,0.010000001,1
Canada,2013,36.769997,29.489996,22.819996,0.9699999,23.849997,0.019999998,1
Canada,2014,37.38999,31.109995,22.969995,0.97999984,23.189997,0.019999996,1
Canada,2015,38.22001,28.990007,25.100006,0.98000026,22.210005,0.010000003,1
Canada,2016,38.87,27.17,23.26,0.99,22.81,0.02,1
Canada,2017,39.160007,26.940006,24.190006,1.0000002,22.350004,0.010000002,1
Canada,2018,40.51999,27.929993,23.539995,0.9899998,23.109995,0.009999997,1
Canada,2019,40.77999,26.429996,24.699997,1.0599998,20.869997,0.45999995,1
Canada,2020,40.600006,28.040007,21.300003,1.0500002,20.670004,0.6900001,1
Canada,2021,40.86,25.93,18.41,1.09,20.52,0.56,1
Cape Verde,1961,0.18184866,0.7981136,1.5457135,0.67688113,4.6977572,0.0,0
Cape Verde,1962,0.18122633,0.6846328,1.5907644,0.704769,4.9635873,0.0,0
Cape Verde,1963,0.1701315,0.7906111,1.7113228,0.69053376,5.1539836,0.0,0
Cape Verde,1964,0.1690154,0.7357141,1.9983585,0.7058878,5.6272182,0.0,0
Cape Verde,1965,0.20813793,0.6244138,2.3192513,0.7037044,6.3432517,0.0,0
Cape Verde,1966,0.17696871,0.5210745,2.8413308,0.7373696,7.1377378,0.0,0
Cape Verde,1967,0.18514682,0.6041633,2.650523,0.68211985,10.358478,0.0,0
Cape Verde,1968,0.20343852,0.61031556,2.6447008,0.6684409,9.610048,0.0,0
Cape Verde,1969,0.25016513,0.5388172,2.7710602,0.6542781,6.6389985,0.0,0
Cape Verde,1970,0.27762207,0.8615858,2.7092087,0.6031101,10.453908,0.0,0
Cape Verde,1971,0.32898033,0.8418026,2.8350363,0.58055353,8.359971,0.0,0
Cape Verde,1972,0.36524066,1.095722,3.0107675,0.5429253,8.686805,0.0,0
Cape Verde,1973,0.36337265,1.1708673,3.4217591,0.48449683,10.305652,0.0,0
Cape Verde,1974,0.34824058,1.0549641,2.6732583,0.553088,6.452693,0.0,0
Cape Verde,1975,0.34850943,1.0967797,2.4805672,0.5945161,9.778765,0.0,0
Cape Verde,1976,0.34661898,0.94810486,2.1306872,0.7034326,8.950925,0.0,0
Cape Verde,1977,0.35067987,0.85165113,2.474798,0.731418,16.251507,0.020038849,0
Cape Verde,1978,0.54797333,0.8023895,2.6811552,0.7534633,20.255444,0.3131276,0
Cape Verde,1979,0.6732377,1.9331539,2.9718635,0.7694145,20.139425,0.076941445,0
Cape Verde,1980,0.9519337,1.075685,3.5221546,0.7329889,20.799751,0.038077347,0
Cape Verde,1981,1.0113233,0.97351676,3.648325,0.8790006,40.282803,0.028354857,1
Cape Verde,1982,0.95947,1.1019655,5.823318,1.025968,32.33699,0.009499703,0
Cape Verde,1983,0.93860376,1.3025521,4.60682,0.8907158,30.016165,0.009577589,0
Cape Verde,1984,1.1915727,1.3368864,4.272224,0.88157004,26.350225,0.019375166,0
Cape Verde,1985,1.0030597,0.788814,7.118803,0.72064495,24.589573,0.019476889,0
Cape Verde,1986,1.3565545,1.395592,7.426892,0.83930707,17.244833,0.0,0
Cape Verde,1987,1.2929062,1.3415117,8.719826,0.8748989,10.664046,0.0,0
Cape Verde,1988,1.3264183,1.8976495,9.197791,1.4038733,14.852012,0.0,0
Cape Verde,1989,1.3911102,2.0673442,9.757092,1.149598,15.765914,0.0,0
Cape Verde,1990,1.351722,2.211031,10.514466,1.1586189,13.739288,0.0,0
Cape Verde,1991,1.5743172,1.2362736,10.923637,1.294224,19.500286,0.009658388,0
Cape Verde,1992,1.7679216,5.2651215,19.775602,1.2752222,11.341747,0.0,0
Cape Verde,1993,2.0122318,3.492383,18.845325,1.3253642,13.582565,0.0,0
Cape Verde,1994,1.883664,2.699271,13.0594225,1.3010875,15.85579,0.03883843,0
Cape Verde,1995,1.4645084,3.4430497,15.731342,1.1347516,16.158087,0.038794927,0
Cape Verde,1996,1.4086096,3.5458105,14.6981125,1.0880295,17.583334,0.0,0
Cape Verde,1997,1.4753101,2.7176764,13.238967,1.0676587,19.149914,0.0,0
Cape Verde,1998,1.8579674,1.9644134,16.818476,1.228968,17.08943,0.5709379,0
Cape Verde,1999,2.181438,1.4285524,17.383938,1.1389809,18.590487,0.028957142,0
Cape Verde,2000,4.166736,1.5721711,17.332462,1.1381361,21.566717,0.06751655,0
Cape Verde,2001,5.952422,1.5098826,16.202202,1.0743395,18.757387,0.11614481,0
Cape Verde,2002,6.0328755,1.1251022,15.935716,1.105704,17.186905,0.18428399,0
Cape Verde,2003,8.423791,2.1886294,15.427404,0.90463346,17.392307,0.15563586,0
Cape Verde,2004,11.056309,1.5196335,15.1086645,1.5293748,17.144585,0.17534234,0
Cape Verde,2005,12.809852,1.9341127,14.996662,1.5356271,14.005308,0.19438317,0
Cape Verde,2006,12.5211115,2.4443219,15.091031,1.4395413,10.395615,0.31882462,0
Cape Verde,2007,14.901395,2.5890455,13.827421,1.7164413,12.4178295,0.12465774,0
Cape Verde,2008,15.186482,2.4803953,13.485368,0.9693499,12.516019,0.22808234,0
Cape Verde,2009,17.973715,2.2997308,12.120711,1.3289427,12.620243,0.10367638,0
Cape Verde,2010,17.249702,3.2999432,10.909812,1.969966,13.199773,0.07999862,0
Cape Verde,2011,16.739746,2.1599674,10.349844,1.6599748,12.199815,0.13999788,0
Cape Verde,2012,14.869526,2.4399223,10.02968,1.6899462,12.23961,0.13999555,0
Cape Verde,2013,16.669722,1.9899669,9.869836,1.7199714,12.089799,0.13999766,0
Cape Verde,2014,17.699903,2.0699887,10.139945,1.7599903,12.069934,0.109999396,0
Cape Verde,2015,18.710032,2.0900037,10.140018,1.7800032,11.970021,0.15000027,0
Cape Verde,2016,21.70965,2.0699666,10.359833,1.799971,10.779826,0.44999275,0
Cape Verde,2017,23.29963,2.9299533,11.289821,1.8999697,9.7898445,0.22999634,0
Cape Verde,2018,24.78961,3.0899513,11.169825,1.8499709,9.459851,0.20999669,0
Cape Verde,2019,24.249706,3.0399632,10.279876,1.8899771,9.6598835,0.12999843,0
Cape Verde,2020,26.20973,2.049979,8.349915,1.94998,9.569901,0.029999692,0
Cape Verde,2021,22.929375,2.0099452,11.229693,2.1999402,9.479741,0.039998908,0
Central African Republic,1961,0.3039461,5.4352717,0.28606692,1.0101738,1.4035159,6.239835,0
Central African Republic,1962,0.33060986,5.4863367,0.33060986,1.0186357,1.4385997,6.1743627,0
Central African Republic,1963,0.33930463,5.6074557,0.35716277,1.0179138,1.7411685,6.1253414,0
Central African Republic,1964,0.35701275,5.4801455,0.44626594,0.9996357,1.820765,6.0692167,0
Central African Republic,1965,0.3656167,5.341571,0.5082964,1.0255102,1.9440109,6.0014644,0
Central African Republic,1966,0.36531693,5.6490474,0.67717284,1.0246694,2.6463203,5.9341726,0
Central African Republic,1967,0.36501163,5.8847,0.7033151,1.0327158,2.9022875,5.8936024,0
Central African Republic,1968,0.3553968,6.112825,0.7196785,1.0039959,2.8342896,5.8373923,0
Central African Republic,1969,0.3634491,6.40025,0.7180336,1.028295,3.4660635,5.770863,0
Central African Republic,1970,0.3627276,6.635261,0.7431492,1.0527948,3.9634626,5.7063246,0
Central African Republic,1971,0.36218205,6.916794,0.7508653,1.0600451,4.31085,5.6447396,0
Central African Republic,1972,0.3795606,7.3881907,0.7591212,1.1033738,4.0868964,5.578658,0
Central African Republic,1973,0.37930095,7.8065434,0.7762438,1.1467237,4.9220915,5.548379,0
Central African Republic,1974,0.39708516,8.206428,0.77652216,1.1824315,5.576841,5.047394,0
Central African Republic,1975,0.432732,8.495677,1.333521,1.1745583,3.9210818,5.033821,0
Central African Republic,1976,0.45360592,9.036541,1.6899043,1.2007216,5.0875015,4.5894246,0
Central African Republic,1977,0.4952702,8.671731,1.6749138,1.233673,6.051301,4.61952,0
Central African Republic,1978,0.5383901,8.824122,1.9163036,1.2592853,5.7489114,4.6538806,0
Central African Republic,1979,0.59278816,7.3264914,1.8987746,1.3522981,5.5944386,5.52034,0
Central African Republic,1980,0.6213928,8.774818,1.8830084,1.4028412,5.6772704,5.5454597,0
Central African Republic,1981,0.68061876,9.653283,2.3486142,1.437927,5.377847,5.5695705,0
Central African Republic,1982,0.6839331,10.581422,2.3253727,1.44603,5.3151374,6.038152,0
Central African Republic,1983,0.69688535,12.344826,2.3893213,1.4833702,5.465572,6.4611225,0
Central African Republic,1984,0.71913004,11.58711,2.4308624,1.6307034,5.3377686,6.522814,0
Central African Republic,1985,0.70889837,11.753329,2.445186,1.6335485,5.640365,6.5239196,0
Central African Republic,1986,0.7895233,11.894792,2.545174,1.6206003,5.7032666,6.6797824,0
Central African Republic,1987,0.8697941,13.329857,2.6513002,1.802465,5.606504,6.727805,0
Central African Republic,1988,0.88354933,14.284047,2.6927218,1.8407278,5.532702,6.700249,0
Central African Republic,1989,0.8899047,14.458334,2.7115917,1.8635651,5.4441223,6.637642,0
Central African Republic,1990,0.8917697,14.506812,2.872328,1.8146477,5.267663,6.5534706,0
Central African Republic,1991,0.8637505,14.560366,2.7866237,2.046266,4.8945866,6.488412,0
Central African Republic,1992,0.8566406,14.72606,2.7534878,2.0600166,4.650335,6.435003,0
Central African Republic,1993,0.8902131,14.6784,2.8426123,2.0434437,4.6432705,6.352885,0
Central African Republic,1994,0.88362974,14.1682,2.9420855,2.1789508,4.5085196,6.3059034,0
Central African Republic,1995,0.88980794,14.646838,3.0593398,2.3494928,4.389053,6.1986623,0
Central African Republic,1996,0.95612526,18.275936,3.3763175,2.3803537,4.292604,6.1849356,0
Central African Republic,1997,0.96061075,14.478483,3.416605,2.436188,4.3673124,6.1795983,0
Central African Republic,1998,0.7576382,14.345929,3.3454156,2.5090616,4.2211275,6.1595006,0
Central African Republic,1999,0.7129519,13.956277,3.2912982,2.480682,4.394909,6.1138067,0
Central African Republic,2000,0.8516339,17.85528,3.193627,3.0097516,4.2001038,6.0678916,0
Central African Republic,2001,0.85741186,17.427618,3.2562385,3.0153923,4.643512,5.992249,0
Central African Republic,2002,1.0446175,17.557241,3.1817708,3.1626034,5.0314145,5.9897795,0
Central African Republic,2003,1.0557376,16.264065,3.2147686,3.2242796,5.7066894,5.973002,0
Central African Republic,2004,1.0219613,17.978949,3.2835238,3.1983604,6.0939174,5.828964,0
Central African Republic,2005,1.0540469,18.059965,3.2186077,3.3033078,6.4748597,5.7596135,0
Central African Republic,2006,1.0421876,18.167864,3.1547296,3.417624,6.769524,5.755504,0
Central African Republic,2007,1.1638863,19.26044,3.02235,3.5855207,7.4526267,5.6974115,0
Central African Republic,2008,1.1991304,18.12748,3.794124,4.0564337,7.663193,5.620924,0
Central African Republic,2009,1.2430114,18.075068,3.869223,4.1776395,8.187053,5.542148,0
Central African Republic,2010,1.2600011,18.250015,4.0300035,4.3400035,8.890008,3.840003,0
Central African Republic,2011,1.2899953,18.599934,3.849986,4.9799824,8.699968,4.2299848,0
Central African Republic,2012,1.4500012,18.850016,3.440003,4.9400043,8.060007,4.400004,0
Central African Republic,2013,1.399998,19.139973,3.549995,4.939993,7.4699893,4.639993,0
Central African Republic,2014,1.7199968,19.269964,3.8899927,4.939991,7.459986,4.919991,0
Central African Republic,2015,1.8099959,19.369957,3.7599914,4.9799886,7.389983,4.50999,0
Central African Republic,2016,1.8199993,19.169992,3.6099985,4.939998,7.239997,4.599998,0
Central African Republic,2017,2.1699998,19.709995,3.7499995,4.989999,7.409999,4.5799994,0
Central African Republic,2018,2.429993,19.479942,3.7399888,5.1599846,6.999979,4.4999866,0
Central African Republic,2019,3.0899944,19.159966,3.6299937,4.969991,6.749988,4.4399924,0
Central African Republic,2020,8.3399935,18.999987,3.5499973,4.929996,6.579995,4.4599967,0
Central African Republic,2021,2.6599927,18.909948,3.5199902,4.839987,6.4399824,4.4799876,0
Chad,1961,0.4560279,7.3162737,0.039654598,3.0633178,4.441315,1.0607606,0
Chad,1962,0.44624817,8.855548,0.039666507,3.0840707,1.9734087,1.0412457,0
Chad,1963,0.43653268,9.097738,0.039684787,3.2045467,1.9346335,1.0814105,0
Chad,1964,0.42666054,9.098784,0.03968935,3.1850705,2.5004292,1.0616902,0
Chad,1965,0.436658,9.576704,0.039696183,3.1657705,2.9970617,1.0420247,0
Chad,1966,0.4566606,7.912141,0.029782211,3.6929944,4.4772596,1.0026678,0
Chad,1967,0.47643986,8.824064,0.029777491,3.6229284,1.9653145,0.9925831,0
Chad,1968,0.49634582,8.308828,0.029780747,3.6332514,3.3453708,0.9728378,0
Chad,1969,0.5163617,4.8259964,0.039720133,3.564882,3.5053017,0.9532832,0
Chad,1970,0.5367018,5.227873,0.039755683,3.528317,4.0948353,0.9342586,0
Chad,1971,0.56763273,4.690439,0.029875407,3.2564194,4.859733,0.90622073,0
Chad,1972,0.5487914,5.7972326,0.029934075,3.7118254,4.8892326,0.89802223,0
Chad,1973,0.54944986,5.2347584,0.019979995,3.0069892,4.9350586,0.88910973,0
Chad,1974,0.56006175,4.380483,0.04000441,3.2103539,4.400485,0.8900981,0
Chad,1975,0.58069384,5.6066995,0.030035889,3.4941752,3.504187,0.8710408,0
Chad,1976,0.6014332,5.4028745,0.030071659,3.7489336,3.518384,0.8720781,0
Chad,1977,0.6224055,5.9931626,0.030116396,3.543696,3.9251704,0.8532979,0
Chad,1978,0.6533928,6.835494,0.03015659,3.9203568,4.242027,0.8343323,0
Chad,1979,0.67274684,7.5407896,0.030122992,4.32767,4.187096,0.8233618,0
Chad,1980,0.68592244,7.5246716,0.040950593,4.4431396,3.8595934,0.81901187,0
Chad,1981,0.67974484,8.50204,0.04183045,4.569977,3.3359785,0.82615143,0
Chad,1982,0.6528983,8.36526,0.040806144,4.4784746,2.5809886,0.80592144,0
Chad,1983,0.6361575,7.5146103,0.039759845,3.6877255,2.5645099,0.82501674,0
Chad,1984,0.6646199,6.424659,0.05034999,2.8397393,2.9001596,0.81566983,0
Chad,1985,0.64577764,6.4270253,0.041001756,3.0443804,3.1673856,0.7892838,0
Chad,1986,0.6453663,12.149277,0.05121955,3.3497584,3.3600023,0.78878105,0
Chad,1987,0.6426151,11.658874,0.0510012,3.3150778,3.6006844,0.7752182,0
Chad,1988,0.62100905,12.348918,0.05090238,3.227211,3.8584006,0.7329943,0
Chad,1989,0.630319,12.159057,0.050832175,3.0295978,4.0055757,0.77264905,0
Chad,1990,0.65372133,12.624993,0.05107198,2.9111028,4.259403,0.73543656,0
Chad,1991,0.64048535,12.453882,0.050832175,3.1007626,5.012052,0.70148396,0
Chad,1992,0.62354773,12.531298,0.050286107,3.1277957,5.541529,0.69394827,0
Chad,1993,0.6290113,10.835226,0.050726715,3.226219,6.097351,0.6898833,0
Chad,1994,0.62508076,8.617917,0.061483353,3.2381234,6.3840218,0.68656415,0
Chad,1995,0.6180702,9.068406,0.060793784,3.434849,6.3124213,0.6687317,0
Chad,1996,0.5912871,9.15994,0.05010908,3.3472865,7.0353146,0.6814835,0
Chad,1997,0.5909595,9.67571,0.060097575,3.9163587,6.5105705,0.6410408,0
Chad,1998,0.5911394,10.309873,0.06011587,3.7973192,6.652823,0.63121665,0
Chad,1999,0.5815341,9.755735,0.0601587,3.6596544,7.0887003,0.601587,0
Chad,2000,0.562838,8.904901,0.05025339,3.688599,8.864698,0.6130914,0
Chad,2001,0.545198,8.995767,0.050481297,3.735616,7.9659486,0.6057756,0
Chad,2002,0.53729355,8.6271105,0.060825687,3.7407799,7.572798,0.58798164,0
Chad,2003,0.536606,8.514824,0.060747854,3.68537,6.7531366,0.5771046,0
Chad,2004,0.5227852,8.334402,0.050267804,3.6092284,6.2633686,0.55294585,0
Chad,2005,0.5104581,8.15732,0.050044913,3.5732067,5.51495,0.53047603,0
Chad,2006,0.47960082,8.1232395,0.049958423,3.507081,5.0358086,0.5095759,0
Chad,2007,0.47871354,8.048371,0.049865995,3.5205393,4.218663,0.45876718,0
Chad,2008,0.46713427,7.990978,0.049695134,3.4885983,3.67744,0.4472562,0
Chad,2009,0.4549928,7.932701,0.059346884,3.4520106,3.5707042,0.44510165,0
Chad,2010,0.45999986,22.689993,0.05999998,12.519997,7.7199974,0.75999975,0
Chad,2011,0.45000005,23.070002,0.060000006,12.950002,7.780001,0.7600001,0
Chad,2012,0.43999994,23.459995,0.05999999,13.399998,7.939999,0.7899999,0
Chad,2013,0.43000004,23.850002,0.050000004,13.860001,9.19,0.78000003,0
Chad,2014,0.47000006,25.190004,0.15000002,14.240002,8.910001,0.79000014,0
Chad,2015,0.46999976,26.099987,0.14999993,14.779992,7.1299963,0.7999996,0
Chad,2016,0.4399998,25.709988,0.15999992,14.729993,7.579996,0.73999965,0
Chad,2017,0.40999964,26.529978,0.13999988,16.769985,7.129994,0.7199994,0
Chad,2018,0.39999992,27.259995,0.12999997,16.469995,6.8999987,0.7199999,0
Chad,2019,0.47000006,26.920004,0.15000002,17.120003,6.7200007,0.8100001,0
Chad,2020,0.4699998,27.409986,0.14999993,17.649992,6.5099974,0.83999956,0
Chad,2021,0.4699999,27.339994,0.13999997,18.319996,6.3099985,0.85999984,0
Chile,1961,2.3877172,18.790297,3.5202312,3.2276652,9.42818,0.19818996,1
Chile,1962,2.3614457,19.602844,2.987371,3.2149801,10.820921,0.18019062,1
Chile,1963,2.5453815,19.037928,2.9362452,3.1650436,13.899499,0.19066529,1
Chile,1964,2.7209156,16.651236,3.0658205,2.7209156,13.48961,0.25867862,1
Chile,1965,2.8862886,15.990041,3.6463447,2.9151516,12.757397,0.25014502,1
Chile,1966,3.9306633,17.53829,3.9499786,2.9069524,13.868383,0.24144122,1
Chile,1967,4.505274,18.302069,3.933637,3.0035157,13.709597,0.23253025,1
Chile,1968,4.954116,19.835892,4.3907065,3.458167,13.890952,0.26227674,1
Chile,1969,5.597976,18.400305,4.381025,3.3198435,11.71194,0.3310108,1
Chile,1970,5.6963964,19.313122,4.535658,2.8969686,14.611646,0.28286898,1
Chile,1971,4.6799564,17.518084,4.543173,3.0971737,12.036965,0.34195924,1
Chile,1972,6.4400682,15.346546,5.6766562,2.231513,15.698891,0.3425568,1
Chile,1973,5.7516356,10.356864,4.9187756,1.8126962,15.520598,0.26455566,0
Chile,1974,5.910959,20.908913,5.2247777,3.0388012,13.262897,0.55874735,1
Chile,1975,4.1157064,20.255156,2.8221989,2.0872512,12.258926,0.14698952,1
Chile,1976,3.525075,18.389143,2.3010907,1.5373245,12.797981,0.21542126,0
Chile,1977,4.117945,16.109869,2.6409624,1.633484,15.131736,0.25431487,0
Chile,1978,5.332662,16.26169,3.0472355,1.6603527,16.98443,0.33207056,1
Chile,1979,7.0746994,15.398449,3.786184,1.5515548,17.24275,0.42936108,1
Chile,1980,9.767535,14.714728,4.4105153,1.3563311,16.63701,0.47813112,1
Chile,1981,11.336037,16.716017,4.9796543,1.3279078,17.253038,0.4198532,1
Chile,1982,10.333299,17.088558,5.0346727,1.3099926,14.018875,0.27372977,1
Chile,1983,7.317488,17.603115,4.98608,1.2930502,15.369664,0.47020006,1
Chile,1984,6.1364174,16.691055,4.9582253,1.1781921,14.246306,0.5694595,0
Chile,1985,5.912781,14.826223,5.371678,1.2494562,16.931606,0.5017501,0
Chile,1986,5.8238096,14.456056,6.030747,1.2317703,15.431618,0.364604,0
Chile,1987,7.7833834,13.870009,6.9448695,1.2922981,16.296768,0.36500025,0
Chile,1988,8.34443,15.493978,7.7618017,1.1356325,16.333359,0.33575225,1
Chile,1989,8.177009,17.204346,8.631835,1.0381932,18.0349,0.40538976,1
Chile,1990,8.833843,18.380732,9.121042,0.92101735,18.05392,0.4060399,1
Chile,1991,9.753208,17.780008,8.929692,0.992188,17.31368,0.42664084,1
Chile,1992,14.509229,17.04511,9.536909,1.0740211,17.005333,0.34806237,1
Chile,1993,17.130434,19.154575,10.290225,1.0170572,18.007895,0.23930757,1
Chile,1994,20.261898,20.48181,11.015595,0.88964427,18.05278,0.2698921,1
Chile,1995,21.143972,22.255758,11.859055,0.82131964,17.107487,0.38061154,1
Chile,1996,22.220488,23.113321,12.499652,0.80254585,17.21461,0.40127292,1
Chile,1997,22.12329,24.523409,13.296065,0.8335147,15.455171,0.4217785,1
Chile,1998,23.828978,23.075214,14.6230135,0.86431557,13.668246,0.39195704,1
Chile,1999,24.131605,21.526318,15.621669,0.86507636,13.992106,0.32188886,1
Chile,2000,26.525412,21.854523,15.885047,0.82545877,12.623479,0.33219683,1
Chile,2001,28.18732,19.84597,16.995,0.7051867,12.552324,0.34251928,1
Chile,2002,26.7131,20.90678,16.592363,0.69554865,13.386791,0.35281453,1
Chile,2003,26.990976,21.31238,18.367176,0.5850062,15.754822,0.32276204,1
Chile,2004,29.614817,22.206066,17.108765,0.5854326,17.472136,0.30280998,1
Chile,2005,29.402777,22.898006,17.948725,0.5555317,16.171022,0.27271557,1
Chile,2006,33.556496,20.643156,21.017015,0.66688615,15.762763,0.2930257,1
Chile,2007,34.600048,22.160603,20.897459,0.67704535,15.76404,0.262734,1
Chile,2008,33.67925,20.890427,22.809761,0.73742807,16.18301,0.27274737,1
Chile,2009,31.423204,20.935345,21.42996,0.6359338,15.060528,0.21197793,1
Chile,2010,33.099987,22.859993,22.279993,0.54999983,14.199995,0.3599999,1
Chile,2011,36.190002,21.980003,22.120005,0.6000001,14.6900015,0.21000002,1
Chile,2012,35.73,22.73,21.87,0.52,13.39,0.22,1
Chile,2013,36.189987,26.07999,22.989992,0.49999982,13.079995,0.49999982,1
Chile,2014,36.080006,24.180002,22.750002,0.5400001,13.550001,0.6700001,1
Chile,2015,38.159992,25.829996,22.169996,0.4999999,13.009998,0.6699999,1
Chile,2016,40.710003,27.880001,23.500002,0.47000003,12.790001,0.55,1
Chile,2017,40.069996,26.059998,24.319998,0.48999995,13.469999,0.5899999,1
Chile,2018,39.569992,26.839996,24.269997,0.5299999,14.119998,0.6599999,1
Chile,2019,38.53001,28.78001,23.050007,0.40000013,14.830005,0.7600002,1
Chile,2020,36.189983,28.599989,21.599993,0.39999986,14.629994,0.84999967,1
Chile,2021,37.130013,33.33001,26.040009,0.3700001,14.480003,0.9000002,1
China,1961,0.94810325,0.09077585,2.0575857,0.15129307,4.3269815,0.11094825,0
China,1962,0.9698906,0.121236324,2.6570964,0.15154542,4.425126,0.1111333,0
China,1963,0.97862935,0.15977621,4.7833004,0.17974825,4.303972,0.109846145,0
China,1964,0.9781219,0.16796033,6.244172,0.19760038,4.0508075,0.12844025,0
China,1965,0.99283844,0.18677159,6.9891896,0.21626183,4.2269363,0.12779108,0
China,1966,0.9915502,0.19634658,7.4022655,0.25525054,4.1134605,0.1374426,0
China,1967,1.0141951,0.1969311,7.709852,0.2560104,4.027241,0.13785177,0
China,1968,1.0074155,0.19753247,7.3975906,0.2567922,4.079046,0.13827273,0
China,1969,1.0286402,0.19781542,6.982884,0.25716004,3.9365268,0.13847078,0
China,1970,1.0197862,0.18811591,6.712768,0.25742176,3.8019214,0.13861172,0
China,1971,1.0405762,0.20811525,7.5813417,0.277487,4.0532928,0.1387435,0
China,1972,1.072333,0.2184382,8.241077,0.29787028,4.329048,0.14893514,0
China,1973,1.0941459,0.23872273,8.066839,0.31829697,4.346743,0.13925493,0
China,1974,1.1357375,0.23910265,7.9601254,0.31880352,4.662502,0.13947655,0
China,1975,1.1380633,0.24957529,8.046308,0.3394224,4.8118114,0.13976216,0
China,1976,1.2001047,0.24002093,7.8006806,0.31002703,4.880426,0.15001309,0
China,1977,1.2416348,0.2403164,7.680112,0.32042187,5.006592,0.15019776,0
China,1978,1.2827808,0.2405214,8.338075,0.33071694,4.730254,0.15032588,0
China,1979,1.3028315,0.2705881,10.242261,0.39084944,4.269279,0.13028315,0
China,1980,1.3322252,0.29048517,11.409056,0.45075285,4.4073615,0.15025096,0
China,1981,1.3511039,0.29023713,11.779625,0.47038433,4.4836636,0.15012266,0
China,1982,1.3886981,0.28972837,12.368405,0.51951295,4.995317,0.15985015,0
China,1983,1.4080287,0.31955263,12.602357,0.529259,5.102856,0.17974836,0
China,1984,1.4301654,0.36004165,13.631577,0.5600648,5.7606664,0.19002198,0
China,1985,1.4928936,0.39075738,15.389829,0.56108755,6.6128173,0.2003884,0
China,1986,1.716755,0.5019751,15.731901,0.5722517,7.7404566,0.23090857,0
China,1987,1.9914631,0.67387897,16.53518,0.6537631,8.901237,0.26150525,0
China,1988,2.449682,0.7359127,17.742552,0.71575063,9.707999,0.27218688,0
China,1989,2.4951727,0.80815315,18.355179,0.84856075,10.162526,0.25254786,0
China,1990,2.7577443,0.8788416,19.172888,0.9192481,10.576405,0.2222358,0
China,1991,3.355116,1.0105771,20.080168,1.0105771,10.954656,0.23243274,0
China,1992,3.7875838,1.3874304,21.257055,1.0532318,12.415984,0.42534363,0
China,1993,4.788079,1.6737987,22.04342,1.1462985,14.556977,0.42605785,0
China,1994,5.3310375,1.8785561,23.578417,1.2286773,17.536575,0.4975635,1
China,1995,6.5323324,2.245172,24.026386,1.4324399,20.673868,0.6400264,1
China,1996,6.5021152,2.5398889,23.96639,1.4731355,22.472937,0.64005196,1
China,1997,7.4641304,3.1176708,24.768726,1.7263976,22.73767,0.5788509,1
China,1998,8.229596,3.4196968,26.342827,1.8874291,23.53198,0.6189956,1
China,1999,9.034071,3.6095726,26.706781,2.0075712,23.857655,0.62863344,1
China,2000,9.6632395,3.9098642,28.280678,2.10687,24.66456,0.61788017,1
China,2001,9.349991,3.946425,28.141045,2.1249979,24.16426,0.7184517,1
China,2002,9.374183,4.0348425,28.668617,2.2045004,25.230406,0.81910336,1
China,2003,9.744238,4.174658,29.970606,2.3754106,25.765625,0.86929923,1
China,2004,9.559189,4.264247,29.940672,2.5363176,26.909218,0.9296463,1
China,2005,10.202863,4.2629776,30.840929,2.656785,27.456812,0.97987884,1
China,2006,10.463036,4.282169,31.944578,2.7369525,28.288576,1.0301445,1
China,2007,11.207772,4.533594,32.240013,2.877671,29.433022,1.0803889,1
China,2008,11.871095,4.512227,33.91741,2.8466399,30.636711,1.0700135,1
China,2009,12.179263,4.692094,34.99394,2.9060712,32.14841,1.1200483,1
China,2010,12.18,4.67,37.66,2.71,32.46,0.83,1
China,2011,12.510001,4.5000005,36.120003,2.8300002,32.92,0.84000003,1
China,2012,12.780001,4.5300007,36.550003,3.0000002,33.940002,0.77000004,1
China,2013,13.029999,4.6999993,37.089996,3.1699998,35.359997,0.80999994,1
China,2014,12.36,4.7,39.04,3.25,36.83,0.83,1
China,2015,12.05,4.86,39.55,3.24,38.42,0.83,1
China,2016,12.83,4.94,39.91,3.36,38.95,0.7,1
China,2017,12.73,5.13,39.51,3.44,39.27,0.49,1
China,2018,14.030001,5.53,38.25,3.5000002,39.47,0.49000004,1
China,2019,14.849999,6.2599998,37.02,3.5999997,40.0,0.49999997,1
China,2020,16.98,7.21,30.08,3.63,39.91,0.52,1
China,2021,17.27,7.55,33.63,3.81,39.89,0.48,1
Colombia,1961,1.8646697,19.86943,4.64639,0.34644136,2.5779314,0.20378904,0
Colombia,1962,1.9742541,21.228321,4.3250413,0.36635646,2.9817343,0.19335479,0
Colombia,1963,2.236692,21.35024,4.1683803,0.39650443,2.7043638,0.19316883,0
Colombia,1964,2.2654793,21.547451,3.7080717,0.40636402,2.7937527,0.1930229,0
Colombia,1965,2.2848635,20.797335,3.5237672,0.43666282,2.8433857,0.22340888,0
Colombia,1966,2.1027467,18.741873,3.4639452,0.43680245,3.0576172,0.18284754,0
Colombia,1967,2.1252258,18.059336,3.7623615,0.41691032,4.158935,0.18303381,0
Colombia,1968,2.1688533,18.470888,3.4722016,0.42766115,3.7165792,0.18328336,0
Colombia,1969,2.202659,18.447268,3.2733958,0.4078998,2.865496,0.17335741,0
Colombia,1970,2.205436,19.226091,3.3081536,0.42883474,2.593429,0.23483807,0
Colombia,1971,2.0647862,20.361654,3.322057,0.42931196,1.9727907,0.3475383,0
Colombia,1972,2.0973637,17.771322,3.273934,0.3990107,5.135984,0.17392774,0
Colombia,1973,2.1700435,16.439104,3.725924,0.3582619,5.046375,0.17401293,0
Colombia,1974,2.7244875,17.063894,3.6258216,0.3892125,3.2366092,0.17412138,0
Colombia,1975,2.6863031,18.906654,4.203757,0.37936345,2.983642,0.21531437,0
Colombia,1976,2.9166021,21.586966,4.1592393,0.39024958,3.3684702,0.21566424,0
Colombia,1977,3.2390563,21.089855,4.0925217,0.40102598,3.1773598,0.24678522,0
Colombia,1978,3.5804036,21.575018,4.187426,0.41154066,3.909636,0.23663588,0
Colombia,1979,4.013843,22.281973,3.7256694,0.42196807,3.3654528,0.27788144,0
Colombia,1980,4.1674013,21.773384,3.591168,0.42188504,3.7969656,0.27782676,0
Colombia,1981,4.1140904,22.051527,3.9598122,0.4319795,4.5049295,0.27770114,0
Colombia,1982,4.5746737,20.272486,3.7008595,0.44204715,3.8139415,0.2775645,0
Colombia,1983,4.509083,18.858032,3.9955199,0.46220666,2.4959161,0.28759527,0
Colombia,1984,4.802177,19.937244,4.0018144,0.4309646,3.6837213,0.27704868,0
Colombia,1985,5.1690226,19.465881,4.061375,0.43075186,3.1280792,0.34870392,0
Colombia,1986,6.233804,18.619389,4.121693,0.41011873,3.7935982,0.2870831,0
Colombia,1987,7.0301266,17.831514,4.006967,0.40991992,3.422831,0.28694394,0
Colombia,1988,8.878666,19.3856,4.208918,0.4198677,3.2974977,0.27649826,0
Colombia,1989,8.807933,20.95081,3.9589665,0.37850586,2.813219,0.28643686,0
Colombia,1990,9.153925,22.077713,4.117223,0.37800804,2.993415,0.26562726,0
Colombia,1991,11.675303,19.89088,4.0312457,0.3469933,2.5412157,0.2755535,0
Colombia,1992,12.256921,16.94759,3.9972653,0.3670958,3.110117,0.24473052,0
Colombia,1993,13.171034,17.011312,3.9013965,0.37689734,3.881024,0.23428753,0
Colombia,1994,14.418726,17.908932,3.8667011,0.37649462,3.0424833,0.25438824,0
Colombia,1995,15.84157,19.135965,3.8943012,0.36604398,4.8297467,0.274533,1
Colombia,1996,13.346282,19.577257,3.6491356,0.32527113,4.8790674,0.25411808,0
Colombia,1997,12.317944,20.11321,2.9270363,0.3455529,5.1629663,0.24391967,0
Colombia,1998,13.986135,19.779808,2.2259908,0.3150946,5.1533213,0.25410855,0
Colombia,1999,13.523692,18.190891,2.9894478,0.3050457,4.4434986,0.24403654,0
Colombia,2000,13.684208,18.598316,2.848757,0.3357464,4.9242806,0.23400506,0
Colombia,2001,15.902745,17.165192,2.6470637,0.32579246,5.2839465,0.23416334,0
Colombia,2002,16.90247,16.342112,2.8323607,0.30565044,5.216434,0.23433201,0
Colombia,2003,17.25558,15.287302,3.090095,0.29575166,5.588687,0.22436334,0
Colombia,2004,17.481623,16.583035,3.1756918,0.2859144,5.2996273,0.22464702,0
Colombia,2005,18.778791,18.165104,3.109342,0.2863868,5.830016,0.9103008,0
Colombia,2006,20.694168,18.41873,3.5771492,0.27674222,6.108828,0.2664925,0
Colombia,2007,22.266163,17.498512,4.315546,0.26715285,6.2164416,0.24660264,0
Colombia,2008,23.970129,16.941916,4.1942577,0.25763252,5.6885257,0.25763252,0
Colombia,2009,23.948584,15.49371,4.1137404,0.24806473,5.705489,1.343684,0
Colombia,2010,24.650003,16.750002,4.6500006,0.24000002,5.7500005,0.19000003,0
Colombia,2011,24.600002,17.68,5.2900004,0.24000001,6.2000003,0.17000002,0
Colombia,2012,25.310001,18.13,8.08,0.17,6.4400005,0.16,0
Colombia,2013,28.660002,17.29,6.7000003,0.16,7.0200005,0.15,0
Colombia,2014,30.180004,17.380001,7.260001,0.20000003,7.540001,0.14000002,0
Colombia,2015,31.350002,17.52,7.9400005,0.18000002,7.4400005,0.120000005,1
Colombia,2016,32.72,16.23,8.83,0.17,7.5,0.13,1
Colombia,2017,33.900005,15.130001,9.4800005,0.20000002,7.5400004,0.11000001,1
Colombia,2018,34.859997,15.079998,10.539998,0.20999996,7.869999,0.09999999,1
Colombia,2019,36.020004,14.750002,11.410001,0.05000001,9.020001,0.12000001,1
Colombia,2020,33.740005,13.670001,10.550001,0.020000001,8.880001,0.17000002,1
Colombia,2021,34.84,13.78,12.14,0.02,8.78,0.16,1
Comoros,2010,14.349738,5.629897,0.0,0.7999854,18.389664,0.0,0
Comoros,2011,14.6197605,4.7299223,0.029999508,0.73998785,16.909723,0.0,0
Comoros,2012,14.769698,4.729903,0.05999877,0.67998606,16.259668,0.0,0
Comoros,2013,16.11984,4.899951,0.0499995,0.699993,15.0098505,0.0399996,0
Comoros,2014,16.899834,6.299938,0.08999912,0.7899923,14.929853,0.0,0
Comoros,2015,16.389977,5.4399924,0.039999943,0.70999897,15.299978,0.0,0
Comoros,2016,17.469788,6.1599255,0.039999515,0.6699919,18.95977,0.0,0
Comoros,2017,17.63972,5.5999117,0.1399978,0.63998985,16.089746,0.0,0
Comoros,2018,15.48976,5.2599187,0.11999814,0.66998965,14.989768,0.03999938,0
Comoros,2019,1.319995,3.2899873,0.029999886,0.6299976,18.019932,0.04999981,0
Comoros,2020,19.470047,3.8900096,0.13000031,0.64000154,17.680044,0.7000017,0
Comoros,2021,28.369932,3.739991,0.16999958,0.57999855,17.349958,1.6799959,0
Congo,1961,0.9695117,2.591764,1.1806924,0.23037902,26.378397,6.4794097,1
Congo,1962,0.9505307,2.726775,1.1905638,0.22083038,22.467089,6.490493,1
Congo,1963,0.93043447,2.8968165,1.1894214,0.21102637,23.328007,6.580186,1
Congo,1964,0.9021574,2.7832518,1.0557162,0.21114323,26.882372,6.487856,1
Congo,1965,0.8343928,2.752537,0.9015278,0.19181442,23.478085,6.38742,0
Congo,1966,0.7951702,2.36635,0.8239113,0.18202691,24.46825,6.2847185,1
Congo,1967,0.88090414,2.7959132,0.6989783,0.17235081,23.61206,6.185479,0
Congo,1968,0.8226695,3.6159194,0.9087628,0.18175256,24.450502,6.083928,0
Congo,1969,0.80300236,4.0723696,1.0802294,0.19119105,25.055586,5.98428,0
Congo,1970,0.793169,3.9180639,1.3283192,0.19112507,20.622395,5.8770957,0
Congo,1971,0.8790086,3.7166777,1.213414,0.19108883,19.051556,5.770882,0
Congo,1972,0.85983783,3.5635502,1.165558,0.20062883,26.225056,5.6558228,0
Congo,1973,0.94536436,3.1512144,1.1267978,0.1909827,21.695633,5.5575967,0
Congo,1974,0.76340616,2.299761,1.126024,0.21947926,18.474428,5.448811,0
Congo,1975,0.9467796,2.0752645,1.176302,0.2199589,23.086119,5.365084,0
Congo,1976,1.5371488,2.545903,1.277755,0.27860823,22.836267,5.2935567,0
Congo,1977,1.5734568,2.915239,1.2838635,0.26063398,20.252222,5.2319856,0
Congo,1978,1.6394987,3.4827218,1.3581645,0.2716329,26.047655,5.1707263,0
Congo,1979,1.5418048,4.342425,0.9563093,0.302506,27.22554,5.5914817,0
Congo,1980,1.9439971,3.563995,0.71672624,0.32399952,26.78396,5.576719,0
Congo,1981,2.571443,3.5110087,0.62308043,0.33626562,25.210032,5.5088224,0
Congo,1982,2.820173,4.902916,0.7473957,0.41854158,27.25503,5.4510055,0
Congo,1983,2.9251266,3.809701,0.72374266,0.36187133,31.794416,5.418018,0
Congo,1984,2.6842568,4.7933154,0.87793356,0.39355642,37.619957,5.3786044,1
Congo,1985,2.4896815,4.1830683,0.90717137,0.3830279,38.0508,5.140638,1
Congo,1986,2.4953208,3.672549,1.1872897,0.43265647,35.548264,5.040951,1
Congo,1987,2.6914368,2.7516928,1.4260597,0.46196303,35.109188,4.940996,1
Congo,1988,4.9724655,2.887238,1.6641718,0.46115607,34.09547,4.792013,1
Congo,1989,4.6416383,2.1607628,1.5305402,0.4801695,33.461815,4.7516775,1
Congo,1990,4.8050942,1.3186537,1.5284395,0.5094798,33.256046,4.6752267,0
Congo,1991,6.1956162,8.73971,1.7259929,0.48886505,31.646528,4.5693917,1
Congo,1992,7.413545,12.555198,2.481146,0.4782932,30.790127,4.6035724,1
Congo,1993,7.2047787,9.013426,2.5340946,0.4670684,31.959404,4.5514326,1
Congo,1994,4.5138283,7.3808527,2.0436232,0.44642255,26.269487,4.533669,1
Congo,1995,5.2588034,6.062507,2.4111116,0.44650215,22.136583,4.5344777,0
Congo,1996,6.914038,1.877519,3.4371512,0.4271604,22.808378,4.41068,0
Congo,1997,4.124232,2.432496,2.5926602,0.40041086,20.751291,4.5246425,0
Congo,1998,5.6555176,1.7944422,3.6896958,0.38308316,20.182434,5.111136,0
Congo,1999,4.379332,1.0696064,2.1694849,0.37335318,19.424456,5.3076696,0
Congo,2000,4.947285,1.4861804,2.6930788,0.34910277,19.978655,5.076952,0
Congo,2001,4.206877,0.748765,2.482747,0.34482598,23.40876,4.866973,0
Congo,2002,4.850332,1.4097508,2.7012012,0.38447753,19.68722,5.4024024,0
Congo,2003,12.235647,1.3551519,1.7184898,0.36333784,19.364923,5.224209,0
Congo,2004,9.286845,2.423925,1.8301121,0.36991626,22.584362,5.9283953,0
Congo,2005,4.7653575,2.4212646,1.061112,0.3569195,19.823502,6.540309,0
Congo,2006,7.842342,1.7023621,1.7214898,0.43993628,19.21374,6.819012,0
Congo,2007,8.969145,1.7957292,2.3087947,0.52256674,17.919289,7.0784035,0
Congo,2008,8.255062,3.3361444,1.2036657,0.34119663,20.661348,7.3452044,0
Congo,2009,9.130658,3.4814742,1.5952847,0.38474512,21.36743,7.554142,0
Congo,2010,6.9599953,2.5399983,0.9899993,0.37999973,18.849987,8.439994,0
Congo,2011,8.769995,2.4199986,1.9599988,0.3599998,21.499987,8.429996,0
Congo,2012,9.4,3.0899997,1.04,0.35999998,23.269999,8.49,0
Congo,2013,12.009993,4.079997,2.0399985,0.35999978,24.379984,8.549994,0
Congo,2014,12.859986,3.0299969,3.4599965,0.38999957,26.759972,8.94999,0
Congo,2015,14.84,3.05,6.4,0.39,24.15,8.98,0
Congo,2016,14.319972,2.8899944,5.9399886,0.3599993,26.569948,8.669983,0
Congo,2017,20.049973,3.049996,7.0099907,0.33999956,28.229961,8.299989,1
Congo,2018,21.699997,2.1299996,6.369999,0.33999994,28.059994,8.459998,0
Congo,2019,20.10998,2.2999976,7.329992,0.30999967,24.229973,7.689992,0
Congo,2020,22.739948,2.0399952,7.6899824,0.27999935,23.679947,8.22998,0
Congo,2021,25.939983,2.5299983,8.819994,0.28999978,23.129984,8.379994,1
Costa Rica,1961,1.1185539,18.263115,3.7219136,0.009898706,1.9698427,0.0,0
Costa Rica,1962,1.2064725,15.733588,3.490859,0.009889118,2.1063824,0.0,0
Costa Rica,1963,1.305334,18.116453,3.5600016,0.009888893,2.403001,0.0,0
Costa Rica,1964,1.4137105,16.974413,3.509561,0.009886087,2.8867376,0.0,0
Costa Rica,1965,1.5407845,17.778282,3.9013453,0.009876823,2.6766193,0.0,0
Costa Rica,1966,1.4902669,11.823442,3.8687725,0.0098693175,2.585761,0.0,0
Costa Rica,1967,1.4878138,12.6809025,2.8672438,0.0098530715,2.5815046,0.0,0
Costa Rica,1968,1.4864955,13.604879,3.0419014,0.00984434,3.2486324,0.0,0
Costa Rica,1969,1.4947757,13.541488,3.1960664,0.00983405,2.1929932,0.0,0
Costa Rica,1970,1.4923931,14.69811,4.0844445,0.009818376,4.0353527,0.0,0
Costa Rica,1971,1.4990932,16.049114,4.3013196,0.009797994,4.8402095,0.0,0
Costa Rica,1972,1.5049121,12.215196,4.202028,0.009772156,5.941471,0.0,0
Costa Rica,1973,1.501425,15.735714,4.1825414,0.009749513,5.1087446,0.0,0
Costa Rica,1974,1.497914,11.438616,4.1241264,0.009726714,5.0870714,0.0,0
Costa Rica,1975,1.4963527,17.460688,3.760315,0.009716576,5.7716465,0.0,0
Costa Rica,1976,2.437569,23.29772,3.884572,0.0097114295,4.7877345,0.0,0
Costa Rica,1977,2.4576693,21.720745,4.546202,0.009714108,5.1679053,0.0,0
Costa Rica,1978,2.458944,17.708284,4.383335,0.009719146,9.048526,0.0,0
Costa Rica,1979,3.4805484,21.797176,4.2194357,0.009722202,7.0777636,0.0,0
Costa Rica,1980,4.1527295,21.045683,4.2110815,0.009725362,6.8077536,0.0,0
Costa Rica,1981,4.379681,19.046747,3.6497343,0.0097326245,5.1972218,0.0,0
Costa Rica,1982,4.7989874,17.005741,5.168889,0.009734254,3.3972547,0.0,0
Costa Rica,1983,6.670975,21.960655,4.8985415,0.00973865,3.5740848,0.0,0
Costa Rica,1984,6.3502293,22.177105,3.8179293,0.009739615,5.386008,0.0,0
Costa Rica,1985,7.0506916,26.849112,4.372597,0.009738524,5.6191287,0.0,0
Costa Rica,1986,6.553104,19.834581,3.446952,0.009737153,6.0078235,0.0,0
Costa Rica,1987,6.904309,23.653831,3.2914758,0.009738093,4.489261,0.0,0
Costa Rica,1988,9.323013,20.75028,5.211925,0.009741915,3.3901868,0.009741915,0
Costa Rica,1989,12.836332,21.052755,4.59067,0.009746646,4.093591,0.0,0
Costa Rica,1990,13.580424,21.652636,4.5138097,0.009749048,5.517961,0.0,0
Costa Rica,1991,14.379912,20.702787,5.134291,0.009742487,4.296437,0.0,0
Costa Rica,1992,14.963104,20.96003,5.568572,0.009735266,3.913577,0.0,0
Costa Rica,1993,15.269503,20.16158,5.5728827,0.0,5.835479,0.0,1
Costa Rica,1994,15.310731,19.230824,6.4880924,0.009727275,4.7858195,0.0,1
Costa Rica,1995,16.48053,18.797342,6.307964,0.0,5.071681,0.0,1
Costa Rica,1996,17.707026,19.219198,5.434057,0.0,4.048714,0.0,0
Costa Rica,1997,16.453749,18.733013,5.6150126,0.019564506,4.9400377,0.0,0
Costa Rica,1998,16.657246,18.316101,6.124998,0.019631404,5.408452,0.009815702,0
Costa Rica,1999,18.523464,17.568241,7.3660564,0.009847669,6.479766,0.0,1
Costa Rica,2000,17.856503,16.503437,7.486299,0.009876384,4.2764745,0.009876384,0
Costa Rica,2001,18.55403,15.375885,8.435451,0.009900763,4.0296106,0.019801525,0
Costa Rica,2002,18.80848,12.035837,8.460836,0.0099305585,5.988127,0.0,0
Costa Rica,2003,17.605673,14.668075,8.812795,0.00995796,7.2593527,0.0,0
Costa Rica,2004,19.798279,13.1888685,8.556291,0.009984003,7.997187,0.0,0
Costa Rica,2005,20.449436,14.463747,7.9375443,0.020019026,7.6672873,0.020019026,0
Costa Rica,2006,22.651327,14.455519,8.58704,0.030094765,8.055366,0.010031588,0
Costa Rica,2007,24.556425,15.932024,9.669784,0.0201035,10.202525,0.01005175,0
Costa Rica,2008,23.662231,15.939282,9.948207,0.02013807,10.421452,0.0,0
Costa Rica,2009,24.330252,16.636932,9.921661,0.010082989,11.111454,0.0,0
Costa Rica,2010,23.34,17.69,9.77,0.02,10.32,0.0,0
Costa Rica,2011,22.250015,17.500011,10.080007,0.020000013,11.680008,0.0,0
Costa Rica,2012,23.129984,15.699989,10.279993,0.019999987,11.479992,0.0,0
Costa Rica,2013,23.439945,15.229964,10.279976,0.019999953,11.829972,0.0,0
Costa Rica,2014,24.109985,13.109992,9.399994,0.019999987,14.069991,0.0,0
Costa Rica,2015,24.979996,12.699998,10.079998,0.009999998,14.819998,0.0,1
Costa Rica,2016,25.889975,11.979988,11.079989,0.01999998,16.929983,0.0,1
Costa Rica,2017,26.269953,12.079978,12.229977,0.009999981,18.549965,0.0,1
Costa Rica,2018,26.729958,12.7299795,12.29998,0.019999968,18.169971,0.0,1
Costa Rica,2019,38.18002,12.420007,12.960007,0.010000005,17.90001,0.0,1
Costa Rica,2020,32.189957,12.839983,13.809981,0.009999987,17.769976,0.0,1
Costa Rica,2021,33.170006,13.010003,15.990003,0.0,17.660004,0.0,1
Cote d'Ivoire,1961,1.1044649,4.0902643,0.5803121,1.4507802,13.805812,13.000863,1
Cote d'Ivoire,1962,1.1414915,4.004577,0.5613893,1.4502556,12.76225,12.518981,0
Cote d'Ivoire,1963,1.1137124,4.108569,0.6270482,1.4693518,13.111858,12.035581,1
Cote d'Ivoire,1964,1.1527584,4.6672654,0.68415743,1.499523,14.039285,13.889332,1
Cote d'Ivoire,1965,1.1271137,4.7057,0.69505346,1.5403887,15.544775,13.365689,1
Cote d'Ivoire,1966,1.1209102,5.246613,0.7158754,1.5730419,15.749258,12.84808,1
Cote d'Ivoire,1967,1.087089,6.021528,0.69951814,1.6164541,15.899858,13.394827,1
Cote d'Ivoire,1968,1.0631992,7.1006513,0.9208064,1.6327701,15.966972,12.872304,1
Cote d'Ivoire,1969,1.0298241,7.256446,0.91539913,1.6019485,16.200659,12.376959,1
Cote d'Ivoire,1970,1.0910695,7.3312206,0.89008296,1.6174626,16.002352,11.867772,1
Cote d'Ivoire,1971,1.0747854,7.561883,0.8732631,1.6313707,17.935482,12.244877,1
Cote d'Ivoire,1972,1.1053869,7.891501,0.87469745,1.7205586,17.54201,11.707489,1
Cote d'Ivoire,1973,1.1642907,6.2929425,0.8852458,1.6165357,16.94476,11.354239,0
Cote d'Ivoire,1974,1.2329102,4.8642163,0.9054184,1.5796661,22.500612,11.693383,1
Cote d'Ivoire,1975,1.4553663,4.9347515,0.93490416,1.6192154,20.799208,11.209211,0
Cote d'Ivoire,1976,1.7041413,5.79989,0.97794473,1.4233453,21.108114,10.931679,1
Cote d'Ivoire,1977,1.8151294,6.333435,1.0637048,1.3759851,16.199543,11.242092,0
Cote d'Ivoire,1978,2.0935397,6.8801775,1.1303148,1.4448372,16.178244,10.880508,0
Cote d'Ivoire,1979,2.344993,6.718356,1.1279714,1.2862831,19.353615,10.399105,0
Cote d'Ivoire,1980,2.3990242,6.380807,1.1049447,1.2343527,17.718933,10.243136,0
Cote d'Ivoire,1981,2.5524793,6.1359606,1.121089,1.3513126,20.059486,10.4501505,0
Cote d'Ivoire,1982,2.4051914,5.404133,1.056674,1.1875002,17.731997,10.617058,0
Cote d'Ivoire,1983,2.315645,5.490809,1.0213107,1.2033265,14.955628,10.233331,0
Cote d'Ivoire,1984,2.264903,5.3524837,0.98518205,1.066434,15.417591,10.390115,0
Cote d'Ivoire,1985,2.253012,5.484708,0.9684893,1.0806301,18.278961,10.041705,0
Cote d'Ivoire,1986,2.5057423,5.0114846,0.9307043,1.0329795,20.015255,10.186609,0
Cote d'Ivoire,1987,2.4495056,4.776023,0.9839017,0.9531548,19.70878,9.849266,0
Cote d'Ivoire,1988,2.9101565,5.2362323,1.0861851,0.90173864,23.168535,9.509243,0
Cote d'Ivoire,1989,2.6869102,4.260234,0.9909897,0.8888258,21.863071,9.603405,0
Cote d'Ivoire,1990,2.0751905,6.6731615,0.92569774,0.84431773,19.276894,9.602842,0
Cote d'Ivoire,1991,1.9550785,6.0678344,0.9522144,0.82052517,15.752058,9.390455,0
Cote d'Ivoire,1992,1.8864135,5.4070463,0.8574607,0.77675843,16.856667,9.321101,0
Cote d'Ivoire,1993,1.8681782,4.318907,0.85373735,0.8035175,14.644107,9.983705,0
Cote d'Ivoire,1994,1.7895741,2.799334,0.8398002,0.7798144,12.477031,10.397526,0
Cote d'Ivoire,1995,1.7796444,2.8136277,0.9146776,0.76554537,13.620743,10.270239,0
Cote d'Ivoire,1996,1.6103064,2.6377413,0.5235965,0.74093854,13.514719,10.2051935,0
Cote d'Ivoire,1997,1.6380427,2.88374,0.5198578,0.7454566,12.672762,10.3579235,0
Cote d'Ivoire,1998,1.5378586,2.6182528,0.39906454,0.691063,14.366324,7.669826,0
Cote d'Ivoire,1999,1.4404216,2.5424893,0.41569215,0.6573736,17.3914,7.695138,0
Cote d'Ivoire,2000,1.4595006,2.4004943,0.42248702,0.6241285,12.616999,7.7199903,0
Cote d'Ivoire,2001,1.3710731,1.9899602,0.418939,0.6093658,13.796423,7.359997,0
Cote d'Ivoire,2002,1.5464345,1.7821715,0.43375602,0.5657688,13.276707,7.6661663,0
Cote d'Ivoire,2003,2.0908291,2.0161567,0.5507094,0.5600435,14.290443,7.5885897,0
Cote d'Ivoire,2004,2.006076,2.0245652,0.6656105,0.6378767,12.461707,7.737722,0
Cote d'Ivoire,2005,1.5495796,2.081388,0.6785142,0.660176,14.074584,7.8120823,0
Cote d'Ivoire,2006,1.2021123,2.349583,0.7740875,0.6830183,13.587512,7.822837,0
Cote d'Ivoire,2007,1.1955314,2.0921798,0.7336215,0.5524804,13.2867,7.770953,0
Cote d'Ivoire,2008,1.1815878,1.957287,0.7306002,0.6945211,15.658296,7.9103255,0
Cote d'Ivoire,2009,1.1874264,1.9070786,0.8096089,0.6117045,17.208687,7.916176,0
Cote d'Ivoire,2010,1.7199999,1.9099998,0.9499999,0.61,14.199999,6.4999995,0
Cote d'Ivoire,2011,1.6399995,1.6899996,0.9199998,0.60999984,14.9299965,6.2799983,0
Cote d'Ivoire,2012,1.8500003,1.4500003,1.1300001,0.59000003,13.400002,5.730001,0
Cote d'Ivoire,2013,1.8399998,1.3499999,1.4799999,0.5299999,13.679998,6.0599995,0
Cote d'Ivoire,2014,1.9600006,1.7300005,1.1300004,0.6300002,16.260004,6.670002,0
Cote d'Ivoire,2015,2.0500002,1.4100001,1.6200001,0.59000003,18.700003,7.0000005,0
Cote d'Ivoire,2016,2.08,1.37,0.44999996,0.52,18.83,6.46,0
Cote d'Ivoire,2017,1.9599997,1.3199998,1.4299997,0.4799999,20.739996,6.139999,0
Cote d'Ivoire,2018,2.04,1.31,1.24,0.48,22.91,6.07,0
Cote d'Ivoire,2019,2.8700006,1.3700004,1.1200002,0.6300002,22.570005,5.8200016,0
Cote d'Ivoire,2020,2.6899998,1.3499999,1.4199998,0.6499999,22.009998,5.7699995,0
Cote d'Ivoire,2021,2.62,1.47,2.1,0.68,21.47,5.73,0
Croatia,1992,8.302109,8.172388,17.761723,0.73840874,2.6043875,0.80825824,0
Croatia,1993,6.3792634,7.9790473,14.586852,0.5663832,1.5799111,0.81479686,0
Croatia,1994,7.055088,7.4770193,16.072647,0.6868653,2.4040287,0.7163024,0
Croatia,1995,7.7368264,6.800212,17.737139,1.2976015,2.7317924,0.6341661,0
Croatia,1996,6.5637794,4.1414323,16.76108,0.664192,3.340495,0.63488936,0
Croatia,1997,7.2184434,7.0133185,16.839779,0.6544462,3.3015344,0.64467835,0
Croatia,1998,6.0115085,5.522768,15.4442005,0.4594161,4.2031684,0.6646871,0
Croatia,1999,6.525032,6.2800984,18.272049,1.0287212,4.0756955,0.6858142,0
Croatia,2000,6.877141,6.709886,20.18869,0.6001511,7.1526203,0.7083751,0
Croatia,2001,7.045323,5.3876,21.382654,0.56244177,10.577852,0.7005853,0
Croatia,2002,9.191885,5.7955275,23.389446,0.71086544,14.000099,0.84908926,1
Croatia,2003,10.688501,6.2786293,23.077671,1.0876366,14.524891,0.78112084,1
Croatia,2004,11.199656,7.704096,27.984285,1.0496582,13.566338,0.7624876,1
Croatia,2005,8.768712,7.292398,31.299843,1.2087942,17.24018,0.7232949,1
Croatia,2006,9.08004,8.752921,37.60881,1.1994376,17.852787,0.7236277,1
Croatia,2007,10.383156,8.677423,41.21528,1.1107101,16.26397,0.73386204,1
Croatia,2008,10.419545,9.655444,40.31868,1.0022609,19.687979,0.7244065,1
Croatia,2009,10.244305,10.303865,44.401917,1.0125185,18.513206,0.7246456,1
Croatia,2010,8.09,9.24,41.39,0.90000004,17.87,0.72,1
Croatia,2011,7.300003,9.090004,42.010017,0.81000036,19.720007,0.7200003,1
Croatia,2012,8.960017,12.620024,44.180084,1.600003,18.730034,0.75000143,1
Croatia,2013,8.479992,12.439988,42.219963,1.6999985,19.139982,0.7999993,1
Croatia,2014,9.010005,11.440005,43.880024,1.3700007,17.93001,1.5800009,1
Croatia,2015,9.239976,11.729969,46.329884,1.3799964,16.769957,1.4499964,1
Croatia,2016,9.470005,12.110005,46.080025,1.4500008,16.980007,1.4100007,1
Croatia,2017,10.750006,12.690006,49.380028,1.4400008,18.68001,1.5900009,1
Croatia,2018,17.479965,13.279974,50.7299,1.4799972,19.249964,1.1599977,1
Croatia,2019,14.720004,12.750003,53.330013,1.5900004,19.850006,0.9500002,1
Croatia,2020,16.589993,11.739994,49.929977,1.4499993,20.00999,0.6699997,1
Croatia,2021,18.950005,13.250003,55.93001,1.6100004,20.190004,1.0300002,1
Cuba,1961,2.987333,19.30957,3.6653793,0.15722805,7.2423177,3.429537,1
Cuba,1962,3.1573348,19.770227,3.698311,0.14753902,6.383521,5.035998,1
Cuba,1963,3.2298207,19.841734,3.8304887,0.1378582,9.975026,6.183925,1
Cuba,1964,3.4193742,21.422823,3.9514961,0.13795747,12.682232,3.4489365,1
Cuba,1965,3.7159524,20.8665,4.0609345,0.13799292,9.353949,0.9659505,1
Cuba,1966,4.128679,20.002905,4.2567763,0.13795108,11.617452,2.7196069,1
Cuba,1967,4.175844,19.91405,3.9296272,0.13788165,15.698811,3.3091595,1
Cuba,1968,4.211278,26.25161,3.6209116,0.1475915,13.578419,2.8435965,1
Cuba,1969,4.365239,24.913322,3.6770256,0.14747429,13.833088,2.7921798,1
Cuba,1970,4.5099735,22.716904,3.6944444,0.14738476,14.95464,3.1147313,1
Cuba,1971,4.697534,20.962008,4.255297,0.14741215,19.163578,3.262722,1
Cuba,1972,5.1476974,19.527784,4.104378,0.14763951,17.323036,3.464607,1
Cuba,1973,5.5956473,16.698122,4.3916454,0.15790185,19.737734,4.450859,1
Cuba,1974,5.3239284,14.022316,4.037477,0.15833244,20.286343,5.8484044,1
Cuba,1975,8.015197,12.608063,3.6405659,0.15871675,20.891094,4.2357535,1
Cuba,1976,5.179144,15.626899,4.3640003,0.1590524,20.169834,3.7277906,1
Cuba,1977,6.0956097,17.579659,8.0976,0.15936235,17.768902,3.1772869,1
Cuba,1978,7.3548613,16.695635,5.059586,0.15967135,16.735554,3.6524823,1
Cuba,1979,8.121071,14.831956,5.0506663,0.1600211,12.481646,3.8905132,0
Cuba,1980,9.454885,14.939319,4.7023764,0.17044862,17.907131,4.281268,1
Cuba,1981,10.981587,14.514969,5.51087,0.17064625,18.399681,4.3966503,1
Cuba,1982,8.7194195,14.231696,5.702701,0.17037946,18.531273,6.103594,1
Cuba,1983,9.63074,14.236312,6.0641694,0.1698367,19.741018,5.264938,1
Cuba,1984,10.7010145,14.128529,6.8052077,0.17934662,17.974518,5.2807617,1
Cuba,1985,11.848921,14.017741,7.471486,0.18902561,20.514254,4.8748713,1
Cuba,1986,11.163573,14.456925,7.8304205,0.18904446,20.297405,3.9798832,1
Cuba,1987,10.757221,13.566051,8.207361,0.1892474,20.807255,3.5658195,1
Cuba,1988,11.36781,13.571569,8.027269,0.1894635,20.771183,4.3177733,1
Cuba,1989,12.961389,13.131014,8.391476,0.56874454,17.810684,4.988987,1
Cuba,1990,12.170519,12.818949,9.516947,0.57859844,17.946527,4.3694158,1
Cuba,1991,14.111951,8.437251,8.606794,0.59838665,14.01222,1.9148371,1
Cuba,1992,6.654076,7.182811,7.821283,0.5586631,12.649728,1.2370397,0
Cuba,1993,6.288997,6.0593987,10.291994,0.5190918,13.735968,1.2078867,0
Cuba,1994,6.015464,5.8655767,10.891786,0.5495856,12.360679,1.1990958,0
Cuba,1995,6.5231576,6.1729884,9.694693,0.3501695,13.7466545,1.3206394,0
Cuba,1996,6.79111,6.560733,10.216714,0.2804588,13.431973,1.3421957,0
Cuba,1997,8.239335,6.4150543,7.7882767,0.34079975,12.248744,1.3331285,0
Cuba,1998,10.017377,6.7183614,8.202417,0.33090436,11.782201,1.3236175,0
Cuba,1999,10.9314165,7.4413867,10.73084,0.85244995,9.9285345,0.10028823,0
Cuba,2000,10.861402,7.250963,10.650792,0.7120586,11.38291,0.10028995,0
Cuba,2001,12.128932,7.0727024,9.570721,0.7624473,10.353232,0.10032202,0
Cuba,2002,13.952197,6.243357,10.298529,0.853192,6.454146,0.100375526,0
Cuba,2003,13.9881935,5.4024754,10.232569,0.87363446,8.455174,0.100417756,0
Cuba,2004,16.098124,5.844733,11.287766,0.9038247,9.650839,0.07029748,0
Cuba,2005,11.898352,6.4863586,11.064965,0.91371304,8.424233,0.100408025,0
Cuba,2006,17.622944,6.914697,12.022943,0.8530469,6.9046617,0.04014338,0
Cuba,2007,14.892311,6.027124,19.244677,1.0529916,8.885243,0.030085474,0
Cuba,2008,15.897292,6.992004,20.545273,1.1018918,9.215821,5.389252,0
Cuba,2009,19.780191,6.613407,19.800201,1.1105722,8.064155,6.5233607,0
Cuba,2010,15.91,6.75,18.6,1.15,5.75,4.97,0
Cuba,2011,16.859997,6.219998,18.149994,1.1899997,5.4999986,5.0399985,0
Cuba,2012,18.169996,6.249999,17.859997,1.1599997,5.5299993,5.119999,0
Cuba,2013,19.709993,6.4199986,17.959995,1.1699996,5.5799985,5.1899986,0
Cuba,2014,17.4,6.39,17.96,1.29,6.27,5.26,0
Cuba,2015,18.850002,6.670001,18.220001,1.2200001,6.840001,5.380001,0
Cuba,2016,24.089996,6.7299986,18.959995,1.1099998,6.2499986,5.359999,0
Cuba,2017,28.510014,6.810003,18.92001,1.1800005,5.6900024,5.410002,1
Cuba,2018,28.459991,6.889998,19.309996,1.1699997,6.0799985,5.4799986,0
Cuba,2019,28.840004,8.120001,22.550001,1.0500001,6.0700006,2.7700002,1
Cuba,2020,38.57002,7.6300035,21.83001,1.5600007,6.080003,3.8400016,1
Cuba,2021,32.909992,4.109999,9.459997,0.65999985,6.0999985,2.4999993,0
Cyprus,1961,4.29983,11.127263,3.9705637,6.5562725,5.549105,0.7553755,1
Cyprus,1962,4.4231577,9.759793,3.634682,6.6155057,5.9904943,0.7500137,0
Cyprus,1963,4.6557693,9.521002,4.2178035,7.32165,7.1693144,0.7521591,1
Cyprus,1964,4.9357147,10.769692,4.5385885,7.639957,6.779516,0.746976,1
Cyprus,1965,6.060779,10.954576,5.5243435,8.140642,6.6536813,0.7434807,1
Cyprus,1966,6.333213,11.999278,9.528009,8.654139,6.7560534,0.7611131,1
Cyprus,1967,7.5793614,11.37375,10.168585,9.660155,7.824161,0.7532285,1
Cyprus,1968,9.162091,11.15714,11.317879,10.712745,7.6870804,0.75641626,1
Cyprus,1969,11.970982,10.315218,14.54027,12.4848385,7.6317387,0.7517548,1
Cyprus,1970,12.140031,10.34825,15.033708,12.47539,6.697617,0.7569553,1
Cyprus,1971,12.893814,9.973915,15.399338,15.466794,7.2178373,0.7805672,1
Cyprus,1972,13.381674,10.879883,17.07618,16.552547,7.0690145,0.78544605,1
Cyprus,1973,12.627668,13.008256,19.283056,16.433535,7.894733,0.81972504,1
Cyprus,1974,10.413048,8.126533,17.668526,10.74959,5.008557,0.7324767,1
Cyprus,1975,8.959054,9.05983,14.320377,6.5706444,7.75981,0.86668015,1
Cyprus,1976,9.5930195,6.388586,16.498777,7.11871,5.2933993,1.0343424,1
Cyprus,1977,9.983593,7.9645534,16.750927,8.218202,6.736896,1.5827646,1
Cyprus,1978,10.652824,7.297843,17.464144,9.700049,9.365565,1.9562273,1
Cyprus,1979,12.119317,8.403537,17.900545,9.416011,6.7937026,2.1970692,1
Cyprus,1980,12.089967,8.278451,17.988743,9.115372,7.602865,2.7729282,1
Cyprus,1981,12.272435,8.783214,19.7121,8.753134,7.6502194,2.9177115,1
Cyprus,1982,13.348271,7.325149,21.756786,8.666934,10.764093,3.1407697,1
Cyprus,1983,14.625829,11.104251,22.640116,9.838837,9.721125,3.2763426,1
Cyprus,1984,14.567389,9.48529,23.878103,10.164196,10.610334,2.7544196,1
Cyprus,1985,14.047863,10.045184,23.794771,10.680225,12.075389,3.7044022,1
Cyprus,1986,15.926482,11.664737,23.473127,10.946465,12.162738,3.1891274,1
Cyprus,1987,14.995649,13.789103,25.26087,11.69201,15.416984,1.7140621,1
Cyprus,1988,17.650547,11.20685,27.87788,11.600577,13.97255,1.5845159,1
Cyprus,1989,21.141218,12.168998,29.437384,11.415678,14.477243,1.3521107,1
Cyprus,1990,22.01292,9.377135,31.477602,10.184503,14.493704,2.1302826,1
Cyprus,1991,20.75413,9.387373,31.689734,8.975818,14.463218,2.1851609,1
Cyprus,1992,25.450222,10.862056,33.159412,9.488238,18.10672,2.095319,1
Cyprus,1993,25.551826,9.092365,35.655556,9.498894,15.953779,1.526962,1
Cyprus,1994,26.315704,8.157372,37.922367,9.634225,17.523981,2.0418212,1
Cyprus,1995,27.521194,7.7130723,37.385597,9.95363,19.590014,1.7845154,1
Cyprus,1996,28.191881,6.100636,38.30009,8.610329,17.647205,1.7161138,1
Cyprus,1997,29.485691,6.095695,37.96407,9.272605,17.85026,1.757228,1
Cyprus,1998,28.729057,5.2018056,37.971195,10.780841,19.467064,1.7968068,1
Cyprus,1999,30.263672,5.550326,38.613983,11.577245,19.28217,1.6879345,1
Cyprus,2000,29.148092,6.3845363,38.774624,11.506088,18.566868,1.6408855,1
Cyprus,2001,29.512135,5.3187585,37.7094,11.5339365,19.223227,1.7330785,1
Cyprus,2002,30.262003,5.3878937,37.505726,12.901012,18.059422,1.5664803,1
Cyprus,2003,28.582552,5.4571223,37.81078,8.190672,17.508684,1.7159508,1
Cyprus,2004,28.325062,4.867123,37.81994,7.530078,18.012344,2.084485,1
Cyprus,2005,29.41411,5.5979443,40.25141,7.0621753,19.124651,1.4443095,1
Cyprus,2006,23.7612,5.014378,41.51508,7.983287,19.888712,1.8468797,1
Cyprus,2007,25.65751,5.622479,40.208645,7.542833,21.668322,2.5538726,1
Cyprus,2008,26.91509,5.6294937,36.67551,7.25623,22.133474,2.38588,1
Cyprus,2009,25.846682,6.147425,37.738903,5.8822803,21.486526,1.7676301,1
Cyprus,2010,28.099924,6.759982,40.46989,5.019986,22.07994,1.6899955,1
Cyprus,2011,26.22,6.89,40.8,4.99,22.05,1.59,1
Cyprus,2012,24.550085,6.7400236,41.410145,4.910017,21.360075,1.7900063,1
Cyprus,2013,23.979958,6.379989,39.83993,4.8199916,21.429962,1.3799976,1
Cyprus,2014,24.289856,6.6299605,37.479774,5.1199694,23.41986,1.6599901,1
Cyprus,2015,24.129877,6.4199677,36.709816,4.719976,22.549887,1.3099934,1
Cyprus,2016,24.249819,7.0299473,37.109722,4.589966,23.009827,1.1799911,1
Cyprus,2017,24.689857,7.409957,38.39978,4.709973,24.35986,0.9999942,1
Cyprus,2018,24.789919,7.789974,37.909874,4.8299837,23.009924,1.0199966,1
Cyprus,2019,30.33,7.89,39.25,4.97,25.03,0.6,1
Cyprus,2020,26.18,6.63,37.19,4.09,24.85,0.46,1
Cyprus,2021,26.529936,7.1899824,37.65991,3.9199905,24.719938,0.4799988,1
Czechia,1993,12.117047,20.686174,58.45047,0.51114094,6.2940497,3.1470249,1
Czechia,1994,11.6756115,17.127571,46.451897,0.41090137,8.037632,3.217057,1
Czechia,1995,14.588518,16.553707,49.641064,0.4110854,8.041232,3.1884184,1
Czechia,1996,14.685996,16.080364,49.805992,0.38119388,9.620131,3.4106822,1
Czechia,1997,17.714905,14.585205,44.628323,0.35108817,9.399132,3.4506953,1
Czechia,1998,19.120468,13.054458,46.953938,0.3408998,9.003765,3.9103212,1
Czechia,1999,19.579762,11.813991,45.652706,0.36073256,9.348985,3.8778746,1
Czechia,2000,20.380398,10.786088,42.27305,0.13019419,10.275326,3.8657658,1
Czechia,2001,22.5116,9.220655,41.612957,0.13000923,9.760694,3.9302793,1
Czechia,2002,22.007921,9.6771,42.190163,0.12969309,9.218186,3.9506514,1
Czechia,2003,22.542707,10.205953,43.253323,0.14935541,9.489046,4.0525103,1
Czechia,2004,23.885977,10.346278,48.27932,0.109431796,9.669792,4.0788217,1
Czechia,2005,25.049728,9.753172,48.736004,0.1791399,10.041786,3.8714123,1
Czechia,2006,25.266666,9.243174,46.205894,0.19942121,9.512391,4.167903,1
Czechia,2007,23.400383,9.640158,47.20077,0.21000342,9.870161,5.620092,1
Czechia,2008,23.746206,9.37007,46.168163,0.2207083,11.055479,5.34716,1
Czechia,2009,24.239061,9.739897,45.46962,0.23142317,10.202744,5.3629804,1
Czechia,2010,22.81,9.75,46.35,0.25,9.73,4.4,1
Czechia,2011,21.940002,9.240001,45.720005,0.25000003,9.270001,4.1400003,1
Czechia,2012,20.52001,8.260004,42.890022,0.32000014,8.610004,4.000002,1
Czechia,2013,19.290007,8.340002,41.91001,0.35000008,8.740002,3.980001,1
Czechia,2014,20.670004,8.310001,41.63001,0.31000006,8.850001,3.8300006,1
Czechia,2015,21.109999,8.639999,44.449997,0.31999996,9.369999,3.9199996,1
Czechia,2016,21.400011,9.600006,43.930023,0.32000017,9.020005,4.200002,1
Czechia,2017,22.249989,9.879995,44.46998,0.3199998,9.419995,4.3899975,1
Czechia,2018,22.619984,10.269993,47.039963,0.32999974,10.069992,4.4399967,1
Czechia,2019,23.269987,10.989994,45.719975,0.33999982,10.629994,0.61999965,1
Czechia,2020,23.909998,10.329999,45.049995,0.29999998,10.639999,0.62999994,1
Czechia,2021,23.390003,11.020002,46.95001,0.28000006,10.660002,0.7600001,1
Czechoslovakia,1961,3.8130412,18.304602,37.980293,0.65051883,6.4851727,1.5312213,1
Czechoslovakia,1962,3.8541665,20.422077,36.26921,0.84090906,6.8974566,1.4415585,1
Czechoslovakia,1963,3.76,20.12,37.65,0.54,8.06,1.3,1
Czechoslovakia,1964,4.4398646,17.370348,40.61728,0.5886562,7.2733965,1.0376313,1
Czechoslovakia,1965,3.9597485,17.808918,43.994995,0.4775576,7.252906,0.88547134,1
Czechoslovakia,1966,4.4125233,18.206627,45.317806,0.39752463,7.2945766,0.86461604,1
Czechoslovakia,1967,4.458872,19.07682,44.251076,0.3972269,7.4678655,1.5690463,1
Czechoslovakia,1968,5.444411,19.85024,45.740997,0.38746718,7.7294736,2.8116207,1
Czechoslovakia,1969,5.828775,21.655449,43.470863,0.43990755,8.488216,3.7292163,1
Czechoslovakia,1970,7.207039,21.781275,42.50151,0.52050835,7.3671956,3.9738812,1
Czechoslovakia,1971,7.7196507,20.665834,46.117657,0.54067594,7.5694633,2.8335423,1
Czechoslovakia,1972,7.954948,21.023077,46.659023,0.5303298,7.5146747,2.7817302,1
Czechoslovakia,1973,8.148879,22.5469,46.203648,0.5399258,7.668946,2.479659,1
Czechoslovakia,1974,8.665791,24.030594,46.32404,0.48919782,7.2980328,2.4859235,1
Czechoslovakia,1975,8.857755,24.009703,48.218906,0.44887272,7.3415627,2.6234117,1
Czechoslovakia,1976,9.344811,24.115,47.46207,0.4388172,6.8714786,2.0843816,1
Czechoslovakia,1977,9.417958,23.86415,50.451923,0.38908938,6.1156874,2.08512,1
Czechoslovakia,1978,9.517369,23.169252,53.25932,0.33954936,5.792313,2.0173228,1
Czechoslovakia,1979,9.896087,23.810585,54.438473,0.3798498,4.7081385,2.109166,1
Czechoslovakia,1980,10.396813,24.70619,55.266216,0.4202754,4.472931,2.2114491,1
Czechoslovakia,1981,10.129254,24.011936,56.671776,0.46042064,4.904481,2.4422312,1
Czechoslovakia,1982,9.621268,23.757826,48.136383,0.53062147,4.8156404,2.3627672,1
Czechoslovakia,1983,9.995193,23.81237,53.647873,0.63032746,4.2622147,2.7414243,1
Czechoslovakia,1984,9.681256,24.20314,54.297043,0.7200934,5.5907254,2.8603709,1
Czechoslovakia,1985,9.966774,24.302132,54.89223,0.6697832,5.5681977,2.5291812,1
Czechoslovakia,1986,10.502532,24.012924,53.681828,0.5596021,6.7551966,2.5182092,1
Czechoslovakia,1987,11.415998,23.760859,55.372086,0.62922823,7.0114,2.4969375,1
Czechoslovakia,1988,11.839394,23.998232,58.927437,0.559027,7.486969,2.4257782,1
Czechoslovakia,1989,13.979306,23.884644,59.26227,0.6090983,7.019609,2.1368368,1
Czechoslovakia,1990,14.622483,24.037642,58.15011,0.43977392,6.526645,2.1888747,1
Czechoslovakia,1991,12.78082,16.951088,53.213413,0.45002887,5.350343,2.1901405,1
Czechoslovakia,1992,11.782262,16.653198,53.53028,0.4500864,5.4310427,2.0803995,1
Democratic Republic of Congo,2010,1.19,0.27,0.72,0.33,5.04,1.35,0
Democratic Republic of Congo,2011,1.29,0.24,0.56,0.32,5.02,1.3,0
Democratic Republic of Congo,2012,1.2499999,0.24999999,0.54999995,0.30999997,4.8999996,1.2599999,0
Democratic Republic of Congo,2013,1.2099999,0.25999996,0.5299999,0.28999996,4.9099994,1.2099999,0
Democratic Republic of Congo,2014,1.43,0.33,0.66,0.29,5.0,1.17,0
Democratic Republic of Congo,2015,1.3699999,0.33999997,0.5899999,0.26999998,4.6299996,1.1399999,0
Democratic Republic of Congo,2016,1.31,0.3,0.61,0.26,4.57,1.1,0
Democratic Republic of Congo,2017,1.42,0.28,0.61,0.26,4.82,1.06,0
Democratic Republic of Congo,2018,1.59,0.27,0.59,0.25,4.51,1.03,0
Democratic Republic of Congo,2019,1.6499999,0.31999996,0.72999996,0.25999996,4.1599994,1.2599999,0
Democratic Republic of Congo,2020,1.0499998,0.23999996,0.49999994,0.22999997,4.0199995,0.9699999,0
Democratic Republic of Congo,2021,0.89,0.3,0.66,0.23,3.9,0.94,0
Denmark,1961,7.2508845,16.592024,35.614346,0.3000366,16.512014,1.2801561,1
Denmark,1962,7.955138,12.998396,32.170784,0.29018745,17.541332,1.1607498,1
Denmark,1963,6.016659,13.935422,31.464823,0.2803102,18.10003,1.0912076,1
Denmark,1964,8.178622,12.282949,31.66338,0.3003166,18.559566,1.2312981,1
Denmark,1965,6.825254,11.939191,32.074688,0.35026962,18.47422,1.250963,1
Denmark,1966,4.8695836,18.958378,32.497223,0.4499615,19.338346,1.039911,1
Denmark,1967,3.7071347,19.145203,31.575594,0.61952114,20.004538,1.0092199,1
Denmark,1968,4.267593,19.12921,30.282919,0.6196505,20.578394,0.70959973,1
Denmark,1969,4.0915403,21.308022,29.841234,0.5001883,22.33841,0.6802561,1
Denmark,1970,5.788256,19.918411,29.682337,0.45064276,21.18021,0.5607999,1
Denmark,1971,4.888387,19.453377,30.963123,0.36061874,19.813995,0.6110484,1
Denmark,1972,6.4702687,16.265816,34.354523,0.35055637,21.213669,0.6410173,1
Denmark,1973,7.7815094,14.721774,34.90162,0.35051844,22.282957,0.25037032,1
Denmark,1974,7.399434,14.598613,35.53531,0.2603319,21.807806,0.3304213,1
Denmark,1975,6.703705,15.768715,39.091602,0.3702046,19.92101,0.42023224,1
Denmark,1976,8.792124,16.143898,39.849625,0.4301039,20.604977,0.6401546,1
Denmark,1977,8.172237,15.444227,41.871464,0.4701287,20.845707,0.56015337,1
Denmark,1978,9.050122,16.700226,45.88062,0.55000746,20.180273,0.60000813,1
Denmark,1979,8.267712,14.755915,47.85675,0.6198284,20.264389,0.57983947,1
Denmark,1980,8.426058,14.503214,55.12421,0.41980356,20.870234,0.5597381,1
Denmark,1981,8.926546,13.794662,51.140213,0.50980276,21.111832,0.44982594,1
Denmark,1982,9.333802,11.302495,49.01745,0.45969474,20.79619,0.45969474,1
Denmark,1983,9.889681,11.448055,51.22655,0.42955184,21.087997,0.46951014,1
Denmark,1984,10.497036,13.393459,53.843502,0.5293462,20.914171,0.47940794,1
Denmark,1985,11.135945,14.291963,56.78833,0.5592941,20.893631,0.5792689,1
Denmark,1986,12.596777,16.812353,63.58326,0.6193499,21.617308,0.65930796,1
Denmark,1987,12.017045,16.302425,66.47834,0.72921395,21.556763,0.64930004,1
Denmark,1988,11.91045,17.456003,66.02706,0.809351,22.442005,0.839327,1
Denmark,1989,12.827653,19.611122,64.86756,0.8391922,23.107756,0.8092211,1
Denmark,1990,12.129085,19.362574,64.70177,0.94914573,22.689579,0.79928064,1
Denmark,1991,13.848379,19.91329,65.135345,0.9791783,22.57106,0.80932087,1
Denmark,1992,14.457514,21.071802,64.99387,0.9891457,24.049229,0.809301,1
Denmark,1993,13.0330305,20.479048,64.75537,1.0494387,23.747301,0.9394976,1
Denmark,1994,15.4317045,19.159702,63.57583,1.1693714,25.686193,1.0594305,1
Denmark,1995,16.652983,18.152351,64.42285,1.2394778,25.539238,1.0695494,1
Denmark,1996,15.9339285,19.212679,65.235146,0.8996572,23.311117,1.0595962,1
Denmark,1997,18.298664,19.668566,57.885777,0.8299394,23.44829,0.9699293,1
Denmark,1998,16.550028,21.550035,68.51012,1.0400017,22.900038,0.7700013,1
Denmark,1999,17.417196,25.055967,23.806168,0.9798423,22.876318,0.76987606,1
Denmark,2000,17.331358,23.618221,26.926573,1.1794118,22.47879,0.7396312,1
Denmark,2001,20.268227,24.30389,26.08198,1.0988195,21.516886,0.7891522,1
Denmark,2002,20.143608,27.380533,34.108376,0.9582687,20.552868,0.8185212,1
Denmark,2003,18.264685,28.339691,28.618998,1.0573766,22.913153,0.8279459,1
Denmark,2004,16.84825,28.9112,24.265469,1.1265398,23.089083,0.8573666,1
Denmark,2005,19.603735,26.879143,43.891636,0.9866649,24.397532,0.8471365,1
Denmark,2006,19.01108,25.999422,31.960947,1.0068794,22.988752,0.9370957,1
Denmark,2007,19.917301,26.253717,40.044155,1.2074116,22.092638,2.29508,1
Denmark,2008,22.692122,27.346403,26.277716,1.0586993,22.202723,0.958822,1
Denmark,2009,18.9016,25.998446,19.37139,1.0895158,23.21968,1.0095513,1
Denmark,2010,22.76,28.77,22.78,0.87,23.09,1.6,1
Denmark,2011,23.240017,29.270021,18.250013,0.88000065,22.980017,1.5800012,1
Denmark,2012,22.060019,27.310024,25.210022,0.88000077,22.63002,1.2000011,1
Denmark,2013,22.36999,28.549984,24.849987,0.8799995,23.089989,0.8499996,1
Denmark,2014,23.779984,26.15998,18.569986,0.87999934,23.489983,0.8299994,1
Denmark,2015,18.390015,26.220022,20.770018,0.89000076,25.110022,0.8400007,1
Denmark,2016,26.150017,26.080017,23.710014,0.8900006,24.840017,1.460001,1
Denmark,2017,25.339973,23.739975,25.779972,0.899999,25.219973,1.2999985,1
Denmark,2018,26.830004,23.780005,26.590004,0.8300001,22.190004,1.4200002,1
Denmark,2019,25.090004,24.690004,23.050003,0.73000014,23.150003,0.9300001,1
Denmark,2020,24.51001,24.75001,21.470007,0.67000026,23.030008,0.6400002,1
Denmark,2021,19.119982,23.659977,26.329973,0.7299993,22.919977,0.6499993,1
Djibouti,1961,0.0,2.4640472,0.0,25.024864,4.484566,2.9765692,1
Djibouti,1962,0.0,2.361657,0.0,24.736843,4.299427,2.96721,1
Djibouti,1963,0.0,2.2540488,0.0,24.505028,4.094511,2.85375,1
Djibouti,1964,0.0,2.1399431,0.0,23.728195,2.916197,2.8952174,0
Djibouti,1965,0.0,2.0190647,0.0,22.791117,2.7590358,2.6533258,0
Djibouti,1966,0.0,2.8693042,0.0,22.494059,2.6123517,2.6765897,0
Djibouti,1967,0.0,2.7242794,0.0,22.356388,2.4756348,2.5621197,0
Djibouti,1968,0.0,2.5876381,0.0,23.091381,2.346418,2.4231699,0
Djibouti,1969,0.0,3.2458422,0.0,22.853828,2.215592,2.3817613,0
Djibouti,1970,0.0,3.047239,0.0,22.239305,2.0832036,2.3159018,0
Djibouti,1971,0.0,2.8488808,0.0,21.870638,1.9503877,2.246233,0
Djibouti,1972,0.0,3.3255067,0.0,20.982107,0.6066071,2.1014602,0
Djibouti,1973,0.0,3.1019433,0.0,19.365602,1.1309167,1.572513,0
Djibouti,1974,0.0,4.0699677,0.0,18.67901,1.9814317,1.4887514,0
Djibouti,1975,0.0,6.2821503,0.0,17.267859,1.4389883,1.4389883,0
Djibouti,1976,0.0,7.8940415,0.0,16.61332,0.99897087,1.3030055,0
Djibouti,1977,0.0,5.261407,0.0,14.5649805,0.9116843,1.6036856,0
Djibouti,1978,0.79644305,3.8605363,0.0,14.225357,0.82962817,1.8694288,0
Djibouti,1979,0.6434465,4.5928764,0.31062934,13.656598,0.76547945,2.363002,0
Djibouti,1980,0.75315464,4.673989,0.22151606,15.539351,0.77530617,2.6581929,0
Djibouti,1981,1.0107669,6.2403865,1.307405,10.052735,1.1316193,2.801582,0
Djibouti,1982,2.6236277,4.8678045,0.40113315,8.412954,2.710359,2.4176402,0
Djibouti,1983,0.9084012,3.815285,0.41679582,9.778671,2.1267276,2.1587887,0
Djibouti,1984,0.8477925,3.656105,0.3603118,10.777562,2.893092,1.9923123,0
Djibouti,1985,0.71951026,4.3593855,0.30684996,9.946171,3.3118637,1.9680723,0
Djibouti,1986,0.49003989,5.35848,0.27697906,9.395982,1.9708126,1.7684047,0
Djibouti,1987,0.699889,4.307009,0.3230257,8.732461,1.2813354,1.4536157,0
Djibouti,1988,0.5540444,3.9109015,0.44540825,8.419302,1.8250874,1.4665881,0
Djibouti,1989,0.49432564,3.642965,0.2364166,7.4793615,1.2680526,1.1928293,0
Djibouti,1990,0.4804369,4.1092687,0.4497707,7.063444,0.9199855,1.001762,0
Djibouti,1991,0.36085904,4.905732,0.2925884,7.158663,0.7607298,1.0240593,0
Djibouti,1992,0.46427518,4.965726,0.5349257,7.216451,1.6552418,1.1102233,0
Djibouti,1993,0.5776791,6.3124576,0.5986856,7.2262406,1.7120308,1.1763648,0
Djibouti,1994,0.45035782,6.231695,0.34562346,7.0800443,1.7281172,1.0159235,0
Djibouti,1995,0.47456592,6.0006227,0.3269232,7.01303,1.4342437,1.0229533,0
Djibouti,1996,0.41944656,6.1658645,0.10486164,6.857951,1.4261184,0.9856994,0
Djibouti,1997,0.40180114,6.2021613,0.103025936,6.6245675,2.5344381,0.94783866,0
Djibouti,1998,0.39284474,5.530045,0.13094825,6.3761725,2.266412,0.96700245,0
Djibouti,1999,0.38599852,5.9087462,0.16825576,6.2254634,2.6228106,0.8907658,0
Djibouti,2000,0.5651132,8.476698,0.11691997,6.118812,2.4455762,0.8768998,0
Djibouti,2001,0.5465476,7.9105573,0.076708436,6.136675,1.8314139,0.85338134,0
Djibouti,2002,0.45254326,7.712092,0.19798768,5.7510705,2.1967204,0.28283957,0
Djibouti,2003,0.75835925,7.5274177,0.6834596,5.7485504,1.853767,0.2808738,0
Djibouti,2004,3.0232656,5.007576,0.9640753,5.5410933,2.6956673,0.80495614,0
Djibouti,2005,4.554289,7.144716,1.8796961,5.4707575,2.6745925,1.0660963,0
Djibouti,2006,7.3035583,12.3369665,0.14886233,5.7777195,3.03307,1.0420364,0
Djibouti,2007,6.6860223,18.24804,0.2955148,5.3007965,2.7612164,0.8588399,0
Djibouti,2008,7.036753,12.027618,0.21101086,5.1376553,2.339468,0.9449616,0
Djibouti,2009,4.8073587,7.1152563,0.20068671,5.035412,2.0980883,0.90309024,0
Djibouti,2010,1.4699905,7.279953,0.7199953,4.939968,2.3699844,0.8599944,0
Djibouti,2011,0.75999266,7.5199275,0.12999874,4.8399534,2.7499735,0.729993,0
Djibouti,2012,4.8199444,7.619912,0.08999897,4.8899436,3.3199615,0.64999247,0
Djibouti,2013,1.849979,9.199896,0.11999864,4.749946,3.3699617,0.6599926,0
Djibouti,2014,1.3199987,6.479994,0.13999987,4.659995,3.4599967,0.68999934,0
Djibouti,2015,1.9599884,6.419962,0.06999958,4.759972,4.379974,0.75999546,0
Djibouti,2016,1.8999833,6.2599454,0.09999912,4.55996,5.2299542,0.62999445,0
Djibouti,2017,2.679969,6.3499265,0.12999849,4.5499477,3.3499613,0.61999285,0
Djibouti,2018,3.0199883,6.179976,0.14999942,4.6299825,4.1499844,0.6099977,0
Djibouti,2019,3.329972,5.879951,0.14999875,4.0999656,3.959967,0.6099949,0
Djibouti,2020,3.299994,5.7499895,0.16999969,4.159992,3.8999932,0.62999886,0
Djibouti,2021,4.2099924,5.72999,0.1699997,4.109993,3.8499932,0.60999894,0
Dominica,1961,2.8977423,4.947365,8.380231,1.1611162,20.688063,2.3020391,1
Dominica,1962,4.160734,4.8794985,8.766899,1.1237019,26.1286,3.239501,1
Dominica,1963,4.446987,4.5789757,8.822904,1.1168233,25.788464,3.3809285,1
Dominica,1964,4.9682646,4.499944,9.305315,1.1809808,25.452173,4.0316243,1
Dominica,1965,5.6277056,4.30234,8.788193,1.1724386,31.37038,3.9557064,1
Dominica,1966,6.2594995,4.016682,8.777572,1.1621872,25.48656,4.230769,1
Dominica,1967,6.729603,3.866162,8.631672,1.1267692,25.078367,4.3830285,1
Dominica,1968,7.582644,3.8893292,8.531765,0.95943666,26.162703,5.209844,1
Dominica,1969,8.530687,4.0132303,8.787946,1.0290334,27.927967,5.381845,1
Dominica,1970,10.416177,3.8429615,8.839842,1.2157357,22.491112,6.5320044,1
Dominica,1971,10.844686,3.846442,8.532672,1.0782478,23.762924,5.8888917,1
Dominica,1972,10.17828,3.8941193,10.116468,1.8440406,27.897552,5.2333665,1
Dominica,1973,6.5908575,3.8480783,10.070503,1.1360018,29.136911,1.3611554,1
Dominica,1974,7.0333147,3.6487858,10.153585,0.9147374,30.348955,1.3924336,1
Dominica,1975,9.651285,5.461658,8.550878,0.79754347,25.248812,0.747066,1
Dominica,1976,10.44659,5.4318204,8.869939,1.2511495,25.32815,0.4475657,1
Dominica,1977,13.79859,6.059644,9.752083,0.6272086,25.654856,0.53616214,1
Dominica,1978,15.167867,5.5935335,9.686612,0.9390604,26.497833,0.18372922,1
Dominica,1979,15.455844,3.6063638,10.427543,0.6285377,18.814915,0.061823376,1
Dominica,1980,13.736301,3.9349315,10.551371,0.69863015,26.958904,0.40068492,1
Dominica,1981,18.59861,3.8040276,9.582036,0.8122113,26.062729,0.030843465,1
Dominica,1982,17.002752,3.726772,11.231934,0.77426016,29.865795,0.0,1
Dominica,1983,22.461613,4.191451,8.922397,0.7781159,18.415411,0.42537004,1
Dominica,1984,25.514404,5.2859344,8.60764,0.8844171,20.300457,0.81242967,1
Dominica,1985,22.371635,5.714326,8.535322,0.9609987,19.76764,0.8163323,1
Dominica,1986,27.454552,5.933626,9.704912,0.98381364,18.989655,0.68662,1
Dominica,1987,27.377161,6.252118,11.202983,0.98610646,15.543883,3.7512708,1
Dominica,1988,27.937735,6.7083287,11.637314,1.0941939,16.279968,2.6281104,1
Dominica,1989,33.341476,7.688725,12.192411,1.0954912,19.313105,2.688011,1
Dominica,1990,27.970531,9.459721,11.870621,1.2667444,21.963713,4.219076,1
Dominica,1991,30.649994,9.4434,9.30996,1.180425,23.485325,4.3316464,1
Dominica,1992,40.50394,9.715195,9.571418,1.4583062,25.96196,4.6830115,1
Dominica,1993,42.766636,9.388548,7.81866,1.5596277,27.724436,4.176109,1
Dominica,1994,40.577877,8.85205,8.1135235,1.302677,28.946098,5.651772,1
Dominica,1995,37.477467,10.338611,13.641223,1.2820698,33.600483,2.6051657,1
Dominica,1996,37.69521,10.35515,10.488566,1.6728339,34.236652,6.18846,1
Dominica,1997,35.615086,9.792607,14.426885,1.2741693,30.26152,0.9864536,1
Dominica,1998,30.342096,10.496396,10.44564,1.279058,38.79809,0.98467165,1
Dominica,1999,31.050892,9.89187,7.3246694,1.3141618,41.492874,0.050936505,1
Dominica,2000,38.560665,12.133402,16.87413,1.5358737,40.86448,0.0716741,1
Dominica,2001,39.974476,10.011588,16.295786,1.9407079,38.228867,0.0,1
Dominica,2002,40.21763,11.123154,16.259281,1.5685183,37.900734,0.10251754,1
Dominica,2003,37.465855,9.806156,15.644857,1.390654,32.72127,0.17383175,1
Dominica,2004,41.58709,10.623842,18.614687,1.8471811,30.91222,0.020410841,1
Dominica,2005,38.804707,11.401595,18.585737,1.7055877,26.741549,0.031010685,1
Dominica,2006,34.77669,10.532133,17.522577,1.714053,25.390701,0.051628105,1
Dominica,2007,33.616856,11.79738,18.217302,1.3624272,28.765793,0.07224993,1
Dominica,2008,34.97674,10.434195,21.04384,1.4242522,27.669708,0.10320668,1
Dominica,2009,31.266623,10.432527,20.318146,1.0628588,30.884819,0.103190176,1
Dominica,2010,44.393856,9.996365,13.635042,1.9392948,24.561068,0.03998546,1
Dominica,2011,39.739594,10.777177,11.027112,1.4696151,23.453857,0.0,1
Dominica,2012,24.773527,14.336254,13.506471,1.1397022,21.864288,0.03998955,1
Dominica,2013,47.057007,9.63734,9.327425,1.1396854,22.0939,0.019994479,1
Dominica,2014,44.538445,9.967414,11.227087,1.009738,33.471317,0.009997406,1
Dominica,2015,44.009315,9.7076435,11.827128,1.2596941,33.131954,0.0,1
Dominica,2016,46.628025,9.417582,10.697252,1.3796457,29.212498,0.03998973,1
Dominica,2017,44.45611,9.976882,9.766949,0.9896908,28.391129,0.12995939,1
Dominica,2018,46.60684,9.337363,9.797234,1.1696696,22.533638,0.11996612,1
Dominica,2019,48.389164,9.897782,12.647167,0.94978726,23.934639,0.0,1
Dominica,2020,58.101124,9.608532,13.337962,1.0898335,23.746372,0.03999389,1
Dominica,2021,56.880367,9.016888,14.614955,1.0796274,23.601852,0.0,1
Dominican Republic,1961,5.5769978,6.8833213,2.7332313,0.22107017,4.37116,0.0,0
Dominican Republic,1962,5.7505918,7.107812,2.895403,0.22117661,8.404711,0.030160446,0
Dominican Republic,1963,6.197599,6.98236,2.676236,0.22134282,9.386948,0.050305188,0
Dominican Republic,1964,6.041069,7.00764,2.607728,0.22150587,11.649195,0.080547586,0
Dominican Republic,1965,5.96787,6.2299724,2.318598,0.22177894,5.907385,0.010080861,0
Dominican Republic,1966,6.0323486,6.3047123,2.6227603,0.23201342,9.724389,0.010087539,0
Dominican Republic,1967,6.084412,5.9936,2.441837,0.23207542,6.84118,0.0,0
Dominican Republic,1968,6.157837,5.9559407,2.6549363,0.23218074,8.479644,0.020189628,0
Dominican Republic,1969,6.222325,6.2627296,2.4646873,0.23232707,8.121346,0.010101177,0
Dominican Republic,1970,6.3980536,6.206011,2.5875225,0.23247272,7.8838577,0.030322528,0
Dominican Republic,1971,6.543355,6.5231285,3.1553738,0.2629478,6.7860765,0.010113377,0
Dominican Republic,1972,6.586047,6.4444113,3.5004182,0.26303717,6.0397387,0.010116816,0
Dominican Republic,1973,6.607816,6.5774584,3.592304,0.26309833,5.211371,0.0,0
Dominican Republic,1974,6.042442,6.5383883,3.7448971,0.25303358,3.9574454,0.010121344,0
Dominican Republic,1975,7.0654855,6.559362,3.8566618,0.2530618,5.314298,0.010122472,0
Dominican Republic,1976,7.0750175,6.9130716,4.1397457,0.2530407,5.7187195,0.010121628,0
Dominican Republic,1977,7.316143,7.123879,4.260161,0.2630978,6.607803,0.020238293,0
Dominican Republic,1978,8.557831,7.930661,4.177759,0.2630066,6.00869,0.020231279,0
Dominican Republic,1979,9.854486,7.9119186,4.3303084,0.27317366,7.4060416,0.16188067,0
Dominican Republic,1980,12.541097,8.401218,3.1074386,0.31378046,8.785852,0.29353654,0
Dominican Republic,1981,11.062412,8.144853,1.3574755,0.31404284,7.293898,0.20260829,0
Dominican Republic,1982,10.110931,8.326053,1.1459732,0.31438202,7.1699386,0.12169626,0
Dominican Republic,1983,12.130369,8.658749,1.0963012,0.31467903,6.648864,0.010150936,0
Dominican Republic,1984,13.541963,8.452297,1.1276504,0.30477038,5.028711,0.010159012,0
Dominican Republic,1985,12.625517,8.691479,2.0330944,0.31512964,7.6444354,0.020330945,0
Dominican Republic,1986,12.835022,7.7905126,2.206973,0.2847707,9.000789,0.0,0
Dominican Republic,1987,13.736553,8.709992,2.5132804,0.27473107,7.8959746,0.061051346,0
Dominican Republic,1988,15.547828,9.778443,2.5743458,0.25438198,7.4584804,0.0508764,0
Dominican Republic,1989,16.048935,10.109405,2.9087422,0.2542607,9.021169,0.020340854,0
Dominican Republic,1990,15.670898,10.203361,2.9573486,0.23374233,8.719605,0.020325419,0
Dominican Republic,1991,15.680963,9.790446,5.189749,0.22343342,6.276448,0.030468192,0
Dominican Republic,1992,16.455862,9.989246,5.7559986,0.21318513,5.969184,0.040606692,0
Dominican Republic,1993,16.89596,10.411565,6.961339,0.20295449,7.113555,0.030443171,0
Dominican Republic,1994,17.019102,9.838217,7.2417393,0.19270734,8.742828,0.030427475,0
Dominican Republic,1995,17.47713,9.934796,7.805911,0.1926134,7.8160486,0.081100374,0
Dominican Republic,1996,18.604465,10.031819,7.893725,0.19252987,7.306002,0.05066576,0
Dominican Republic,1997,19.93577,9.734896,7.9013724,0.16207942,8.185011,0.040519856,0
Dominican Republic,1998,23.084963,9.687983,8.117232,0.14187422,7.3774595,0.050669365,1
Dominican Republic,1999,22.44696,7.8168955,7.350518,0.12166374,7.8574505,0.05069323,0
Dominican Republic,2000,24.962145,8.084043,7.333454,0.14200325,9.270784,0.05071545,0
Dominican Republic,2001,23.720352,8.180832,7.4398875,0.14209881,9.337922,0.050749578,0
Dominican Republic,2002,21.019098,8.289794,7.5786595,0.13206778,11.987693,0.020318123,0
Dominican Republic,2003,17.532124,7.9321675,7.281323,0.13220279,9.681313,0.010169446,0
Dominican Republic,2004,26.532217,7.686809,5.956004,0.15271807,9.519426,0.0101812035,0
Dominican Republic,2005,32.36745,8.084217,9.36872,0.18350051,9.450277,0.010194473,1
Dominican Republic,2006,34.13154,10.465099,11.271678,0.20419706,10.475309,0.0,1
Dominican Republic,2007,35.475105,10.993294,10.471751,0.20452641,10.543337,0.01022632,1
Dominican Republic,2008,32.466026,10.678672,10.535334,0.2047684,11.753705,0.020476839,1
Dominican Republic,2009,34.790474,10.787506,10.449436,0.2048909,11.699271,0.0102445455,1
Dominican Republic,2010,27.119984,11.729992,8.679995,0.20999986,7.7299953,0.019999987,0
Dominican Republic,2011,27.499992,10.409997,11.879997,0.19999994,8.179998,0.029999992,0
Dominican Republic,2012,27.829987,9.659995,9.079995,0.1999999,7.579996,0.029999984,0
Dominican Republic,2013,28.599989,10.009996,9.689996,0.18999992,6.2699976,0.029999986,0
Dominican Republic,2014,32.49998,8.439995,8.939995,0.21999988,8.369995,0.019999988,0
Dominican Republic,2015,33.109993,9.989998,9.199998,0.18999997,7.4399986,0.009999998,0
Dominican Republic,2016,34.880005,9.430001,9.700001,0.21000001,8.700001,0.010000001,0
Dominican Republic,2017,34.82998,6.1299963,10.599994,0.18999988,8.369994,0.019999987,0
Dominican Republic,2018,34.309998,6.559999,11.289998,0.20999996,9.889998,0.009999998,0
Dominican Republic,2019,35.00998,6.559996,10.789994,0.19999988,8.459995,0.08999995,0
Dominican Republic,2020,31.769978,6.2899957,11.499991,0.16999988,8.369994,0.03999997,0
Dominican Republic,2021,35.34999,6.2199984,11.759997,0.16999996,8.289998,0.029999992,0
East Timor,1961,5.2953415,3.4125535,10.997194,1.6581372,0.0,63.052006,1
East Timor,1962,5.283636,3.2687812,10.663729,1.6504666,0.0,62.074688,1
East Timor,1963,5.2472405,3.3157408,10.977355,1.6846969,0.0,61.08904,1
East Timor,1964,5.293174,3.5825748,10.876826,1.603014,0.0,70.123795,1
East Timor,1965,5.204866,3.8118622,11.100834,1.7169578,0.0,68.969864,1
East Timor,1966,5.113028,3.8699028,10.582779,1.6863264,0.0,67.79897,1
East Timor,1967,5.028185,3.7089624,8.196482,1.4273558,0.0,66.63156,1
East Timor,1968,4.938231,3.671185,8.706881,1.3320229,0.0,65.46405,1
East Timor,1969,4.8539906,3.7246509,8.165998,1.107622,0.0,64.307236,1
East Timor,1970,4.84046,3.8592856,8.885078,1.2973305,0.0,63.176723,1
East Timor,1971,4.749248,4.0236683,9.641413,1.36321,0.0,62.059036,1
East Timor,1972,4.6681056,4.290211,9.947511,1.3337445,0.0,60.97435,1
East Timor,1973,4.5841193,3.991538,9.011708,1.2410666,0.0,59.928974,1
East Timor,1974,4.5223727,3.9626732,9.100716,1.1753691,0.0,59.093086,1
East Timor,1975,4.463218,3.6125553,6.1314015,1.1158046,0.0,58.32012,1
East Timor,1976,4.727017,2.7699034,4.91952,1.0801554,0.0,49.20589,1
East Timor,1977,4.653422,2.4185548,4.00031,0.82659465,0.0,45.207584,1
East Timor,1978,4.744487,2.1151292,3.182396,0.5918481,0.0,44.61176,1
East Timor,1979,5.0115275,1.8130759,2.7986453,0.30682823,0.0,39.394882,1
East Timor,1980,5.011818,2.0083458,2.7230275,0.18093207,0.0,34.259487,0
East Timor,1981,4.9561887,1.8169693,3.3281121,0.22487243,0.0,33.883778,0
East Timor,1982,4.91181,1.676759,4.100769,0.28249744,0.0,33.58074,1
East Timor,1983,5.3184757,1.5275482,5.1880755,0.29805818,0.0,33.21486,1
East Timor,1984,5.482185,1.3515108,6.310223,0.35215423,0.0,32.76938,0
East Timor,1985,5.573221,1.3062238,7.101987,0.3773535,0.0,35.180958,1
East Timor,1986,5.4688683,1.3281537,7.5978208,0.3515701,0.0,34.57106,1
East Timor,1987,5.44991,1.2961948,7.394202,0.37314698,0.0,33.907276,1
East Timor,1988,5.260982,1.4285438,7.8028045,0.36452496,0.0,33.211178,1
East Timor,1989,5.2499247,1.5789247,9.236709,0.39473116,0.0,29.742992,0
East Timor,1990,5.2799425,1.5849733,9.539558,0.40614942,0.0,30.550362,1
East Timor,1991,5.5107594,1.6994861,10.760059,0.41230136,0.0,25.88448,0
East Timor,1992,5.43372,1.7050993,12.860147,0.4724974,0.0,26.429039,1
East Timor,1993,5.6604757,1.8519487,14.585403,0.5022234,0.0,22.631441,0
East Timor,1994,5.5232,1.5659649,11.586023,0.6031081,0.0,23.267275,0
East Timor,1995,5.9053454,1.7779535,11.567282,0.6561495,0.0,19.525742,0
East Timor,1996,5.8855224,2.0175946,6.146869,0.7108624,0.0,18.04336,0
East Timor,1997,6.119355,1.8828787,12.985722,0.75724465,0.0,18.859486,0
East Timor,1998,6.1226225,2.6823869,11.6868305,0.8176792,0.0,18.996084,0
East Timor,1999,6.1350574,2.0743735,7.3777246,0.714289,3.9236975,19.158602,0
East Timor,2000,5.852998,2.2750854,8.186419,0.29167762,4.122377,19.756298,0
East Timor,2001,5.978961,2.0482574,9.402477,0.3121154,3.9892254,20.50208,0
East Timor,2002,5.830937,2.6683948,9.843412,0.36566892,4.0915384,21.65353,0
East Timor,2003,5.507038,2.1846936,9.654936,0.42284387,4.157965,22.722824,0
East Timor,2004,5.4483595,1.6968625,9.465631,0.4702149,4.4363756,23.766296,0
East Timor,2005,5.3534136,1.6645931,9.360766,0.46238694,3.9559772,16.502077,0
East Timor,2006,5.2406006,1.6479234,9.447411,0.46059966,3.5107932,17.707499,0
East Timor,2007,5.142554,1.626104,9.522871,0.45734173,3.1302502,18.049755,0
East Timor,2008,5.0532794,1.6206733,8.808007,0.46304953,3.5131366,18.290455,0
East Timor,2009,4.9727883,1.6176541,9.006939,0.4593339,3.8544102,18.83269,0
East Timor,2010,4.7699914,1.4699973,9.0299835,0.45999917,5.1199903,,0
East Timor,2011,4.7999787,1.4999932,10.039955,0.4799978,5.8999734,,0
East Timor,2012,4.689988,1.519996,10.679973,0.5099987,6.6599827,,0
East Timor,2013,5.52001,1.5200027,11.04002,0.5300009,6.4400115,,0
East Timor,2014,4.7899513,1.7599821,11.68988,0.5299946,6.9199295,0.0,0
East Timor,2015,5.8699417,1.909981,11.659884,0.45999545,5.9999404,0.0,0
East Timor,2016,7.0499544,1.709989,11.179928,0.38999745,6.329959,0.0,0
East Timor,2017,10.479932,1.8899878,10.759931,0.34999773,7.4199524,0.0,0
East Timor,2018,8.17,1.73,10.89,0.38,5.01,0.0,0
East Timor,2019,9.099986,1.8199971,11.489982,0.38999936,6.6099896,0.0,0
East Timor,2020,9.329943,1.62999,10.049938,0.45999718,6.50996,0.0,0
East Timor,2021,9.60997,1.4799955,5.5999827,0.4899985,6.4099803,0.0,0
Ecuador,1961,0.97758394,7.840224,6.3445196,1.3783934,6.031693,0.77229136,0
Ecuador,1962,0.9969665,7.7020555,6.4900565,1.3586112,6.441186,0.752612,0
Ecuador,1963,1.0650281,8.402974,4.9929295,1.3386133,7.6896977,0.74258834,0
Ecuador,1964,1.1039945,8.353232,5.1291776,1.3189315,6.086624,0.72296983,0
Ecuador,1965,1.230643,8.438696,5.2546506,1.2892451,6.4071574,0.7032246,0
Ecuador,1966,1.2011813,8.447331,5.1562905,1.2597754,5.6152782,0.6835991,0
Ecuador,1967,1.2595755,8.32882,5.048066,1.2595755,5.536274,0.67372644,0
Ecuador,1968,1.2302257,8.552998,4.999012,1.249753,6.190183,0.6541676,0
Ecuador,1969,1.2982761,8.843896,4.8807373,1.2299458,4.3243327,0.6442573,0
Ecuador,1970,1.5032681,10.034802,4.851456,1.2104237,7.5163403,0.62473476,0
Ecuador,1971,1.6593256,8.501603,4.821805,1.2005708,7.4084005,0.6051658,0
Ecuador,1972,1.7565725,8.529135,4.840333,1.1905658,7.289776,0.5855242,0
Ecuador,1973,1.6488968,8.361565,5.0540147,1.1610576,8.605485,0.48783928,0
Ecuador,1974,1.9019972,9.285648,5.276823,1.160706,9.461217,0.4486763,0
Ecuador,1975,1.8527282,9.49767,5.528931,1.1701442,9.838963,0.5460673,0
Ecuador,1976,2.0954425,9.31741,5.779523,1.1695493,9.161469,0.5457897,0
Ecuador,1977,2.454985,9.849166,6.0205584,0.6624563,10.677237,0.5260683,0
Ecuador,1978,2.618947,10.982053,6.65933,0.6523028,11.644092,0.5160007,0
Ecuador,1979,2.5977118,11.139999,7.160733,0.6615895,12.862078,0.5156506,0
Ecuador,1980,2.48862,9.060132,7.6894474,0.6415974,13.25968,0.49577978,0
Ecuador,1981,2.9819324,9.081781,6.38153,0.6896326,11.548918,0.48565677,0
Ecuador,1982,3.231483,9.151017,6.5988245,0.6598824,11.4897175,0.47550353,0
Ecuador,1983,3.4810743,9.231151,6.6518583,0.66906446,12.295272,0.46543613,0
Ecuador,1984,4.069676,9.2149105,6.8700013,0.6007618,12.790411,0.45541617,0
Ecuador,1985,4.754912,9.567929,7.0597367,0.6004166,10.536343,0.66820556,0
Ecuador,1986,5.759968,9.467645,7.153977,0.49371153,8.886808,0.7550882,0
Ecuador,1987,5.4008436,9.533748,6.9397936,0.45490977,8.169018,0.71624094,0
Ecuador,1988,5.4790177,10.290099,6.5632057,0.42593074,8.160446,0.6872973,0
Ecuador,1989,5.829445,9.586628,6.303935,0.4454393,7.3206983,0.7165763,0
Ecuador,1990,6.704222,9.571924,6.762351,0.46503273,6.646093,0.73630184,0
Ecuador,1991,7.145666,10.597304,7.145666,0.4459982,7.2911005,0.80473584,0
Ecuador,1992,7.379802,10.370564,7.506036,0.4563825,6.92342,0.7962418,0
Ecuador,1993,7.261095,11.339377,7.300029,0.5450688,7.066428,0.7202695,0
Ecuador,1994,9.1058235,11.243204,7.4173913,0.5758238,6.304783,0.71246,0
Ecuador,1995,9.258977,12.880353,7.702764,0.6264001,7.0861516,0.7144877,0
Ecuador,1996,12.778708,13.03389,8.784135,0.6183246,8.234513,0.7066567,0
Ecuador,1997,14.901505,13.031435,8.966494,0.6299183,8.415316,0.6988156,1
Ecuador,1998,8.952762,13.078732,8.26181,0.9475911,8.459225,0.71069336,0
Ecuador,1999,11.819699,13.26499,8.899423,0.7820405,7.167054,0.722645,0
Ecuador,2000,15.077503,13.538983,9.002828,0.8139271,6.5908246,0.6848899,0
Ecuador,2001,15.889783,14.626162,10.964647,0.8855295,4.547045,0.67658436,0
Ecuador,2002,15.850591,15.541554,11.234979,0.88723433,4.2766685,0.70779365,0
Ecuador,2003,16.06437,15.495278,11.711314,1.2080725,6.4297414,0.6789168,0
Ecuador,2004,15.513581,15.303668,12.124983,0.9296154,6.2674065,0.6697229,0
Ecuador,2005,15.417817,15.20771,12.056112,0.7603855,6.493292,0.6703399,0
Ecuador,2006,21.582987,15.086067,11.922698,0.7507996,6.8773246,0.650693,0
Ecuador,2007,23.766922,16.42861,13.545343,0.6807712,7.24821,0.6307144,0
Ecuador,2008,22.984074,17.167982,15.115833,0.6707025,8.098482,0.6707025,1
Ecuador,2009,21.239044,18.046183,12.541245,0.6605924,8.307449,0.6806103,0
Ecuador,2010,22.930014,17.41001,13.010008,0.46000028,8.570004,0.070000045,1
Ecuador,2011,21.879993,17.649996,13.739997,0.42999992,8.679998,0.069999985,0
Ecuador,2012,21.419994,17.179996,13.759996,0.43999988,8.869998,0.069999985,0
Ecuador,2013,21.790005,16.620003,14.450002,0.44000006,8.890001,0.07000001,0
Ecuador,2014,21.589994,14.569995,19.129993,0.37999988,8.909997,0.06999998,1
Ecuador,2015,21.039997,13.319997,18.449997,0.3399999,8.079998,0.069999985,0
Ecuador,2016,20.609991,12.959993,15.619992,0.33999985,8.659996,0.06999996,0
Ecuador,2017,20.37999,13.119994,15.479993,0.29999986,7.4299965,0.059999973,0
Ecuador,2018,19.449999,12.639998,16.399998,0.28999996,5.6699996,0.05999999,0
Ecuador,2019,18.579998,13.299999,13.959999,0.29999998,6.6899996,0.05999999,0
Ecuador,2020,25.820005,13.810003,12.580003,0.3700001,6.6000013,0.06000001,0
Ecuador,2021,24.750006,13.010003,12.690002,0.4000001,6.5200014,0.060000014,0
Egypt,1961,2.5001652,6.203729,0.041496515,1.3901333,3.8799243,0.9751681,0
Egypt,1962,2.4620185,6.0771346,0.041553058,1.2777566,4.5604477,0.9764968,0
Egypt,1963,2.4331374,6.1452317,0.051990118,1.2165687,4.0864234,1.0086083,0
Egypt,1964,2.3930938,6.159616,0.031214269,1.2277611,4.734164,1.0092614,0
Egypt,1965,2.4048576,6.1422772,0.031231917,1.3846151,3.5916708,1.009832,0
Egypt,1966,2.3025482,6.397125,0.03125631,1.6461657,4.2300205,1.0210395,0
Egypt,1967,2.283969,5.965434,0.03128724,1.4183551,3.222586,1.0429081,0
Egypt,1968,2.2442353,6.76402,0.031314906,1.2525964,2.9749162,0.8455025,0
Egypt,1969,2.2458155,6.434522,0.04178261,1.3892719,2.768098,0.87743485,0
Egypt,1970,2.3509147,6.2586575,0.04179404,1.3478578,2.6434731,0.8776748,0
Egypt,1971,2.4032419,6.3529177,0.03134663,1.4314963,2.810748,0.8254613,0
Egypt,1972,2.4961913,6.381476,0.031332944,1.3473165,2.7364101,0.8668781,0
Egypt,1973,2.3164783,6.281621,0.041738346,1.3043233,2.7651656,0.8138977,0
Egypt,1974,2.3659713,6.191132,0.041691124,1.240311,3.1789482,0.79213136,0
Egypt,1975,2.4355547,6.390729,0.041633416,1.1865523,3.8614993,0.7494015,0
Egypt,1976,2.442695,6.8707294,0.06236668,1.1122059,4.521584,0.76918906,0
Egypt,1977,2.6660578,6.63921,0.05186883,1.2344782,3.7864246,0.7365374,0
Egypt,1978,2.6893852,6.909651,0.051718947,1.0550665,4.5098925,0.7447528,0
Egypt,1979,3.0103104,6.5051565,0.05154641,1.061856,4.319589,0.7525776,0
Egypt,1980,3.9027944,7.158546,0.061623067,1.1811088,4.6525416,0.77028835,0
Egypt,1981,4.799305,7.521299,0.061398357,1.2893655,5.321191,0.9516746,0
Egypt,1982,4.414775,7.575468,0.06117471,1.3356478,5.5465074,1.3458437,0
Egypt,1983,5.3600945,8.801519,0.050758474,1.4922991,6.1011686,1.5024508,0
Egypt,1984,6.3866787,7.801449,0.05052752,1.5461421,6.40689,1.7179357,0
Egypt,1985,5.876317,7.7680078,0.06037312,1.5998877,6.3794265,1.8212557,0
Egypt,1986,5.5329547,7.9786806,0.060140807,1.6438488,6.8660755,1.6137784,0
Egypt,1987,6.2024417,8.090141,0.059926968,1.6579795,6.5520153,1.4282594,0
Egypt,1988,5.0730014,7.808443,0.049735308,1.8302593,7.3906665,1.5517415,0
Egypt,1989,4.6924987,7.6327357,0.07919829,1.5641663,7.5931363,1.5938656,0
Egypt,1990,4.41128,7.8477454,0.03938643,1.4376047,8.38931,1.5459174,0
Egypt,1991,4.8467083,7.7841077,0.03916532,1.2630817,7.921187,1.6253608,0
Egypt,1992,4.9429717,7.6479845,0.0486513,1.274664,8.3291025,1.6346836,0
Egypt,1993,5.0339456,7.584736,0.04831042,1.3140434,7.623384,1.497623,0
Egypt,1994,5.373073,9.134225,0.047973868,1.400837,8.577727,1.563948,0
Egypt,1995,5.900704,9.151334,0.047663197,1.4203633,8.531713,1.5442876,0
Egypt,1996,5.9409184,8.660287,0.047375746,1.3833718,9.977331,1.5539244,0
Egypt,1997,7.543735,9.436732,0.04708948,1.4032665,9.578,1.5068634,0
Egypt,1998,7.2935495,9.840206,0.1217152,1.4044062,11.544219,1.4793079,0
Egypt,1999,7.8965483,9.768254,0.04655984,1.163996,12.766707,1.5737226,0
Egypt,2000,8.163876,10.285928,0.046333008,1.0749257,13.705303,1.6309218,0
Egypt,2001,8.357347,7.2411885,0.018448887,1.097709,14.09495,1.7710932,0
Egypt,2002,8.309059,7.9418077,0.018362561,1.0558473,13.303676,1.6526304,0
Egypt,2003,8.308442,8.326722,0.027420599,0.9323004,14.15817,1.5264133,0
Egypt,2004,8.213506,9.315316,0.018211763,0.7375764,14.532987,1.5024704,0
Egypt,2005,8.114989,10.157352,0.018154338,1.1074147,14.768555,1.4886558,0
Egypt,2006,8.862518,11.967568,0.027157871,1.3126304,15.887354,1.5842091,0
Egypt,2007,9.822848,12.811233,0.045141768,1.5619051,16.22395,1.4084231,0
Egypt,2008,8.904738,10.705495,0.03601512,1.8277674,16.377876,1.4406048,0
Egypt,2009,9.634917,11.475699,0.00897942,1.7060899,16.414381,1.3109955,0
Egypt,2010,10.989999,11.679999,0.009999999,1.3799999,20.079998,0.8599999,0
Egypt,2011,10.349999,11.339999,0.009999999,1.3599999,19.709997,0.8799999,0
Egypt,2012,11.25,11.54,0.01,1.36,19.84,0.87,0
Egypt,2013,12.589999,11.629999,0.009999999,1.3599999,19.429998,0.86999995,0
Egypt,2014,12.779999,11.619999,0.009999999,1.4199998,22.869999,1.1599998,0
Egypt,2015,12.430001,13.680001,0.010000001,1.4600002,22.270002,1.19,0
Egypt,2016,12.5,11.74,0.01,1.33,22.12,1.17,0
Egypt,2017,15.270001,10.500001,0.010000001,0.93000007,22.010002,1.1800001,0
Egypt,2018,16.48,12.080001,0.010000001,0.7200001,24.390001,1.12,0
Egypt,2019,15.75,9.14,0.01,0.52,26.19,0.94,0
Egypt,2020,19.82,7.9100003,0.01,0.65,25.740002,0.8500001,0
Egypt,2021,21.34,6.2599998,0.01,0.64,25.319998,0.86999995,0
El Salvador,1961,0.990035,7.0302486,4.070144,0.03000106,1.4000494,0.0,0
El Salvador,1962,1.0044843,6.8104033,3.957668,0.030134527,1.6975784,0.0,0
El Salvador,1963,1.0207597,6.8522286,3.8708014,0.030319594,1.7282169,0.0,0
El Salvador,1964,1.0364202,6.4217415,3.7494028,0.030482948,2.1642895,0.0,0
El Salvador,1965,1.0508898,6.1012826,3.673013,0.030608442,2.4690812,0.0,0
El Salvador,1966,1.0640562,6.384337,3.570727,0.030693928,1.8723297,0.0,0
El Salvador,1967,1.1074896,6.080938,3.4660323,0.030763598,1.579198,0.0,0
El Salvador,1968,1.1402199,5.6394653,3.3692982,0.030816752,1.6949214,0.0,0
El Salvador,1969,1.1842105,5.93135,3.2128146,0.020594966,2.4199083,0.0,0
El Salvador,1970,1.207793,5.502168,3.1485202,0.020646034,1.6723287,0.0,0
El Salvador,1971,1.1483126,5.824324,2.9380248,0.020690314,1.8621284,0.0,0
El Salvador,1972,1.119778,5.6196265,3.359334,0.02073663,1.4308274,0.0,0
El Salvador,1973,1.0793897,6.362172,3.3834715,0.020757494,1.7851446,0.0,0
El Salvador,1974,1.1318452,8.296737,3.3643837,0.0207678,1.7964149,0.0,0
El Salvador,1975,1.5363595,6.529528,3.4152858,0.020761615,1.8477838,0.0,0
El Salvador,1976,2.0032306,6.6739755,3.3836954,0.020758867,1.5361562,0.0,0
El Salvador,1977,2.9242067,6.7713017,3.4115746,0.020739054,1.5865377,0.0,0
El Salvador,1978,3.3647492,6.7605577,3.4682798,0.020706149,1.7496697,0.0,0
El Salvador,1979,3.5865972,6.7080736,3.5865972,0.031008044,2.046531,0.0,0
El Salvador,1980,2.9357374,7.2359724,3.8040543,0.020674206,2.1501174,0.0,0
El Salvador,1981,3.5173173,5.952383,2.9657853,0.020812528,3.5589423,0.0,0
El Salvador,1982,3.562041,5.703444,2.8935053,0.020891735,1.9220397,0.0,0
El Salvador,1983,3.9165616,5.526819,2.867297,0.031166272,0.9973207,0.0,0
El Salvador,1984,4.801471,6.081863,2.7672994,0.020651488,1.7657022,0.0,0
El Salvador,1985,5.058632,5.3972425,2.8320131,0.020521834,2.6370556,0.0,0
El Salvador,1986,5.914593,5.394517,2.8655183,0.020395149,2.9572966,0.0,0
El Salvador,1987,5.7852683,3.5967953,2.8673046,0.020263636,2.7761183,0.0,0
El Salvador,1988,6.215327,4.1636653,2.5645766,0.020114327,1.9209182,0.0,0
El Salvador,1989,7.1874995,5.108223,1.9293288,0.019993044,2.0392904,0.0,0
El Salvador,1990,6.0437827,4.92862,2.2104113,0.019913616,1.8917935,0.0,0
El Salvador,1991,6.516667,4.4702744,2.0364583,0.019867886,2.1556659,0.009933943,0
El Salvador,1992,7.1961884,4.3177133,2.1935968,0.019851554,2.5707762,0.009925777,0
El Salvador,1993,7.832429,4.949936,2.1370206,0.019879261,2.1569,0.0099396305,0
El Salvador,1994,6.602511,5.5951796,2.3637388,0.019947164,2.4535012,0.059841488,0
El Salvador,1995,6.959757,6.459774,2.1099262,0.019999301,2.919898,0.039998602,0
El Salvador,1996,6.9918694,6.8215804,2.3139281,0.02003401,2.4140983,0.010017005,0
El Salvador,1997,7.3555317,7.7363353,2.064359,0.020042319,2.4251208,0.010021159,0
El Salvador,1998,8.253882,6.520968,2.3940268,0.020033695,1.8130493,0.010016847,0
El Salvador,1999,7.7967567,6.6257415,3.09268,0.020017346,1.9416827,0.010008673,0
El Salvador,2000,10.4909115,7.9106874,2.5802243,0.020001737,2.460214,0.030002607,0
El Salvador,2001,13.193162,7.6760216,2.0389433,0.01998964,4.5576377,0.0499741,0
El Salvador,2002,14.102305,9.125021,2.2087948,0.019989094,6.006723,0.08995093,0
El Salvador,2003,13.434782,7.6627274,2.2808118,0.02000712,5.7220364,0.0,0
El Salvador,2004,15.667153,7.2672334,2.4157288,0.02004754,6.004238,0.0,0
El Salvador,2005,16.80737,7.6141114,3.0174813,0.020116542,7.9762087,0.0,0
El Salvador,2006,17.378319,8.901337,3.7383592,0.020207345,6.4461436,0.0,0
El Salvador,2007,18.326057,9.097179,2.9277117,0.02026098,7.861261,0.0,0
El Salvador,2008,16.39355,9.083873,3.0009222,0.020276502,5.8801856,0.0,0
El Salvador,2009,16.779175,8.749939,3.0249207,0.020301482,7.7044125,0.020301482,0
El Salvador,2010,17.689974,9.879985,2.599996,0.01999997,7.159989,0.0,0
El Salvador,2011,18.579988,8.039995,2.4299986,0.019999987,7.959995,0.0,0
El Salvador,2012,19.45999,7.9399962,2.629999,0.01999999,6.509997,0.0,0
El Salvador,2013,20.279999,6.479999,2.9599996,0.019999998,6.679999,0.0,0
El Salvador,2014,23.750008,6.4900017,3.310001,0.020000005,8.4000025,0.0,0
El Salvador,2015,23.659992,6.5199976,3.4999988,0.019999992,7.339998,0.0,0
El Salvador,2016,23.879988,6.7399964,3.949998,0.019999988,6.8299966,0.0,0
El Salvador,2017,23.949959,7.4499865,4.1199927,0.019999964,6.809988,0.0,0
El Salvador,2018,25.7,8.15,4.75,0.02,7.93,0.0,0
El Salvador,2019,25.339993,10.519998,4.9399986,0.019999994,7.249998,0.0,0
El Salvador,2020,24.149984,10.449993,5.1999965,0.019999987,7.239995,0.0,0
El Salvador,2021,27.350021,10.5800085,5.900005,0.020000014,7.2100058,0.0,0
Estonia,1992,6.5353947,24.599184,27.654308,1.1567944,25.469254,0.48446947,1
Estonia,1993,3.7660375,25.727982,19.791517,0.8424031,27.165022,0.77302873,1
Estonia,1994,6.4603963,20.627758,23.645247,0.88051337,17.204638,0.7815793,1
Estonia,1995,7.2696705,16.60089,23.988926,0.5425127,20.812761,0.32550764,1
Estonia,1996,11.828595,18.013739,25.82396,0.3545624,17.9054,0.65988,1
Estonia,1997,16.402447,14.230522,21.542337,0.32431442,18.898684,0.58966255,1
Estonia,1998,20.556965,16.068417,23.1892,0.30447486,16.706831,0.39287078,1
Estonia,1999,13.304168,14.617918,29.539762,0.31373128,16.098337,0.098041035,1
Estonia,2000,17.308704,13.181995,27.165865,0.25425214,17.602072,0.08801036,1
Estonia,2001,19.338228,12.064395,27.951462,0.22486311,16.25858,0.08798992,1
Estonia,2002,21.042328,13.067158,28.538595,0.23456378,17.875717,0.07818793,1
Estonia,2003,20.671194,10.335597,28.662231,0.29306987,16.812439,0.078151956,1
Estonia,2004,15.329123,12.112744,30.296524,0.2639581,13.432534,0.0782098,1
Estonia,2005,15.962618,12.382766,28.081295,0.29343048,14.573713,4.802479,1
Estonia,2006,15.99398,13.506246,34.093723,0.4701231,11.704107,0.53868276,1
Estonia,2007,17.326113,13.800165,37.032238,0.5288921,15.47499,0.54848063,1
Estonia,2008,17.873545,13.901645,33.682873,0.71415913,16.122385,0.16631103,1
Estonia,2009,19.55637,12.614493,33.90877,0.6443936,14.694127,0.1464531,1
Estonia,2010,20.480078,12.210046,37.57014,0.54000205,12.050046,0.23000087,1
Estonia,2011,18.74993,13.119951,35.859867,0.4799982,12.719953,0.259999,1
Estonia,2012,19.609972,10.399984,28.859959,0.42999938,11.079984,0.24999963,1
Estonia,2013,20.619923,6.9999733,28.979889,0.42999837,14.469945,0.1299995,1
Estonia,2014,19.839985,6.3599954,33.12998,0.44999966,12.43999,0.07999994,1
Estonia,2015,20.660032,6.5100102,36.890057,0.45000067,12.0600195,0.13000019,1
Estonia,2016,21.100033,7.4800115,38.30006,0.46000072,13.910022,0.10000016,1
Estonia,2017,21.03,7.4500003,34.45,0.46000004,14.750001,0.11000001,1
Estonia,2018,22.130066,8.650026,37.010113,0.47000143,15.010046,0.1300004,1
Estonia,2019,21.740017,7.930006,37.39003,0.3800003,13.090011,0.1300001,1
Estonia,2020,21.059856,8.469942,37.709743,0.4099972,13.059912,0.10999925,1
Estonia,2021,21.329935,9.629971,40.30988,0.36999887,13.06996,0.4299987,1
Eswatini,1961,0.8215173,27.444763,1.2779158,4.8479667,0.0,0.0,1
Eswatini,1962,0.83117086,30.368143,1.1048491,4.9870253,0.0,0.0,1
Eswatini,1963,0.84002864,29.70463,0.9513578,4.6252184,0.0,0.0,1
Eswatini,1964,0.84989244,29.584352,0.99154127,4.7553506,0.0,0.0,1
Eswatini,1965,0.84794515,28.840229,0.70662093,4.6334147,0.0,0.0,1
Eswatini,1966,0.85454124,28.58189,0.81432754,4.4235077,0.0,0.0,0
Eswatini,1967,0.85279703,29.296085,1.063488,4.6151366,0.0,0.0,0
Eswatini,1968,0.85327154,30.446737,1.0741184,4.2362423,0.120461866,0.0,0
Eswatini,1969,0.85516846,24.669094,1.0966278,5.211497,0.12072966,0.0,0
Eswatini,1970,0.8559997,23.998203,1.0372702,5.287057,0.110776424,0.0,0
Eswatini,1971,0.89796627,21.621817,0.98877186,5.33735,0.11098459,0.0,0
Eswatini,1972,0.8581488,24.664206,1.2316959,5.0075507,0.11105455,0.0,0
Eswatini,1973,0.9219782,21.21563,1.2968483,5.015156,0.10131628,0.0,0
Eswatini,1974,1.0148939,22.85541,1.309213,5.094767,0.10148939,0.0,0
Eswatini,1975,1.0755085,23.864115,1.420483,5.4079814,0.10146307,0.0,0
Eswatini,1976,1.1462104,24.45587,1.430227,4.8992887,0.09129109,0.0,0
Eswatini,1977,1.1054013,22.057318,1.5009118,4.7765503,0.10141296,0.0,0
Eswatini,1978,1.1152303,23.247484,1.1557841,4.8157673,0.08110766,0.0,0
Eswatini,1979,1.1617165,23.648506,1.2930409,4.6973753,0.10101882,0.0,0
Eswatini,1980,1.0678486,25.950735,1.0074043,4.754948,0.12088852,0.0,0
Eswatini,1981,1.3000212,28.912876,1.2193998,4.7566667,0.11085453,0.0,0
Eswatini,1982,1.2589664,26.196573,1.0273166,4.8545747,0.13093251,0.0,0
Eswatini,1983,1.224625,27.865236,0.993753,4.9386516,0.12045491,0.0,0
Eswatini,1984,1.1846812,22.167595,1.1043639,4.3270984,0.13051572,0.0,0
Eswatini,1985,1.154242,21.810156,0.92339367,3.743759,0.13047953,0.0,0
Eswatini,1986,1.1173639,19.991756,1.0267669,4.1372666,0.14092879,0.0,0
Eswatini,1987,1.0817398,22.686207,1.1221787,4.1247644,0.13142632,0.0,0
Eswatini,1988,1.230074,20.64911,1.1292483,3.3978274,0.14115603,0.0,0
Eswatini,1989,1.3934331,20.780329,0.96934474,3.523972,0.13126543,0.0,0
Eswatini,1990,1.3540901,18.785473,1.081251,2.556603,0.13136694,0.0,0
Eswatini,1991,1.3159661,19.599918,0.8972496,2.651871,0.11963327,0.0,0
Eswatini,1992,1.2758735,21.091171,0.8244106,3.1700552,0.10795854,0.0,0
Eswatini,1993,1.1848711,21.317966,0.65070784,3.1661308,0.116544686,0.0,0
Eswatini,1994,1.1184541,19.64718,0.6433585,3.2167928,0.1286717,0.0,0
Eswatini,1995,1.2118467,20.268135,0.46454123,3.2820847,0.14138211,0.0,0
Eswatini,1996,1.2140597,18.888744,0.3439836,3.267844,0.15175746,0.0,0
Eswatini,1997,5.8748612,16.191442,2.4902093,2.8154612,11.526112,2.7239842,0
Eswatini,1998,5.005969,16.533007,3.4499214,2.743558,8.640159,1.576522,0
Eswatini,1999,6.5243826,14.787913,1.6671134,2.5829968,7.378521,2.0170014,0
Eswatini,2000,3.954492,15.642443,1.7346075,3.1181636,6.1021013,1.156405,0
Eswatini,2001,6.3277802,15.401382,1.9819473,3.3135684,4.366478,0.72258496,0
Eswatini,2002,5.9721093,25.062265,1.0193774,2.5947785,4.5717525,0.60750765,0
Eswatini,2003,12.30002,21.805048,0.9659164,1.9729356,9.628337,0.09248136,0
Eswatini,2004,10.109817,30.945904,5.4761505,1.9623729,8.198814,0.19520988,1
Eswatini,2005,9.061475,20.514603,2.9792564,1.9277542,7.010015,0.35050076,0
Eswatini,2006,5.5290713,19.097599,2.61412,1.898349,3.537361,0.30083126,0
Eswatini,2007,5.842447,17.85192,1.811368,2.1464186,2.6175838,0.31411007,0
Eswatini,2008,5.3470783,16.591824,1.4082403,2.096478,1.4505935,0.3176482,0
Eswatini,2009,5.318379,16.705715,1.4046525,2.0801725,1.5011554,0.31095362,0
Eswatini,2010,6.1799664,17.069908,1.6999909,2.1699884,1.6099913,0.2399987,0
Eswatini,2011,6.249949,15.2698765,1.7099861,2.1499827,1.5399874,0.23999804,0
Eswatini,2012,6.459924,15.479817,1.8399785,1.9799768,2.0099764,0.23999718,0
Eswatini,2013,6.7799454,17.099861,2.6499786,2.0299835,2.7899773,0.22999814,0
Eswatini,2014,7.5999866,18.559967,2.5699954,2.1399963,4.3199925,0.2599995,0
Eswatini,2015,6.749994,17.239985,2.1599982,2.1399982,4.0499964,0.23999977,0
Eswatini,2016,6.799947,17.039867,1.9199848,2.0099843,3.6099715,0.24999803,0
Eswatini,2017,6.6899595,17.729893,2.469985,1.9999878,3.8099768,0.2599984,0
Eswatini,2018,6.5000005,18.05,2.34,2.03,4.27,0.29,0
Eswatini,2019,6.899941,16.829855,2.3199801,1.8199844,4.229964,0.24999785,0
Eswatini,2020,6.989923,16.959812,1.9799782,1.8699795,4.189954,0.52999413,0
Eswatini,2021,7.0699825,15.769961,1.8799953,1.9199952,4.1499896,0.4799988,0
Ethiopia,1993,0.6745178,4.4339623,0.019838758,1.1308092,0.07935503,1.0316154,0
Ethiopia,1994,0.6450892,4.2774377,0.0198489,1.0916895,0.0992445,1.0122938,0
Ethiopia,1995,0.6250397,4.087561,0.01984253,1.0516541,0.109133914,1.0020478,0
Ethiopia,1996,0.60452515,4.499253,0.019820496,1.0207555,0.14865373,1.0306658,0
Ethiopia,1997,0.59363604,4.4126945,0.019787867,0.96960557,0.16819687,1.028969,0
Ethiopia,1998,0.58268774,4.335592,0.019752126,0.9777303,0.22714946,1.0172346,0
Ethiopia,1999,0.57181317,4.456199,0.019717695,0.9464494,0.2464712,1.0450379,0
Ethiopia,2000,0.5614296,4.383091,0.019699285,0.89631754,0.23639143,0.9948139,0
Ethiopia,2001,0.7187681,4.4012237,0.019692276,0.95507544,0.22646119,1.0830753,0
Ethiopia,2002,0.7578094,4.960207,0.019683361,1.1121099,0.17715026,1.1613183,0
Ethiopia,2003,0.6887221,4.6242766,0.019677773,1.1609886,0.13774441,1.1905053,0
Ethiopia,2004,0.62950325,4.4655385,0.019671977,1.3475304,0.13770384,1.1803187,0
Ethiopia,2005,0.5505815,4.522634,0.019663626,1.4157811,0.12781356,1.1699858,0
Ethiopia,2006,0.5698102,4.686198,0.019648628,1.6111876,0.1375404,1.1494447,0
Ethiopia,2007,0.5591891,4.424461,0.019620668,1.7658602,0.15696535,1.2066711,0
Ethiopia,2008,0.57785755,4.50533,0.019588392,1.6356307,0.2056781,1.3222165,0
Ethiopia,2009,0.576959,4.087608,0.019557934,1.6624244,0.18580037,1.2908237,0
Ethiopia,2010,0.6399999,4.7099996,0.019999998,1.5999998,0.18999997,1.2999998,0
Ethiopia,2011,0.54999995,4.0399995,0.019999998,1.4399999,0.24999999,1.2299999,0
Ethiopia,2012,0.58,3.25,0.02,1.35,0.3,1.08,0
Ethiopia,2013,0.61999995,3.4699998,0.019999998,1.4499999,0.40999997,1.0399998,0
Ethiopia,2014,0.68000007,3.5700002,0.030000001,1.4800001,0.5,1.06,0
Ethiopia,2015,0.67,3.56,0.02,1.47,0.44,1.06,0
Ethiopia,2016,0.67999995,3.7099998,0.019999998,1.5999999,0.48999998,1.11,0
Ethiopia,2017,0.63000005,3.3600001,0.020000001,1.5000001,0.53000003,1.0300001,0
Ethiopia,2018,0.63,3.3,0.02,1.5,0.52,1.04,0
Ethiopia,2019,0.49,3.35,0.02,2.09,0.54,1.03,0
Ethiopia,2020,0.53999996,3.5499995,0.019999998,2.1299999,0.5299999,0.9999999,0
Ethiopia,2021,0.5500001,3.4400003,0.020000001,2.1600003,0.52000004,0.9700001,0
Ethiopia (former),1961,1.6340117,8.208059,0.028500205,5.196537,0.05700041,2.4890177,0
Ethiopia (former),1962,1.6434808,8.131408,0.019110242,5.4273086,0.10510633,2.4938865,0
Ethiopia (former),1963,1.5859474,7.900902,0.019223604,5.0750318,0.06728262,2.5086803,0
Ethiopia (former),1964,1.5953407,7.6963105,0.019337462,5.114759,0.08701859,2.51387,0
Ethiopia (former),1965,1.6046143,7.6924233,0.01944987,5.0277915,0.29174808,2.518758,0
Ethiopia (former),1966,1.6042048,7.864516,0.019563472,4.969122,0.27388862,2.5139062,0
Ethiopia (former),1967,1.6135892,7.8711667,0.019677917,4.8309283,0.21645708,2.5187733,0
Ethiopia (former),1968,1.6323415,7.9836335,0.019785957,4.679379,0.36604023,2.5128167,0
Ethiopia (former),1969,1.6613119,8.117548,0.01989595,4.526329,0.32828322,2.5168378,0
Ethiopia (former),1970,1.7025717,8.302541,0.020030254,4.4066563,0.26039332,2.513797,0
Ethiopia (former),1971,1.7257901,6.1159577,0.020184679,4.188321,0.22203147,2.5029004,0
Ethiopia (former),1972,1.7186763,5.695022,0.020339364,4.098382,0.19322397,2.501742,0
Ethiopia (former),1973,1.6473783,5.6890826,0.020464327,4.02124,0.17394678,2.5478086,0
Ethiopia (former),1974,1.5909158,6.0044246,0.020527946,3.397375,0.13343164,2.5967853,0
Ethiopia (former),1975,1.5587802,5.4147105,0.020510266,3.5072556,0.092296205,2.6663346,0
Ethiopia (former),1976,1.548922,5.5537004,0.020380551,3.6073577,0.10190276,2.5577593,0
Ethiopia (former),1977,1.6588266,5.553023,0.020229591,3.5300639,0.101147965,2.6197321,0
Ethiopia (former),1978,1.7567657,5.603477,0.020192709,3.4933386,0.09086719,2.6452448,0
Ethiopia (former),1979,1.7548686,5.528343,0.020287499,3.5807436,0.071006246,2.67795,0
Ethiopia (former),1980,1.7541437,5.4573364,0.0205163,3.6519015,0.092323355,2.71841,0
Ethiopia (former),1981,1.7226295,5.352456,0.020507494,3.5990653,0.102537476,2.7172432,0
Ethiopia (former),1982,1.6962644,5.242999,0.02056078,3.608417,0.092523515,2.7037427,0
Ethiopia (former),1983,1.6628802,5.164224,0.030985344,3.5529864,0.092956044,2.695725,0
Ethiopia (former),1984,1.6401082,4.586035,0.020893099,3.4473612,0.10446549,2.6952095,0
Ethiopia (former),1985,1.6375146,4.9550767,0.021266423,3.4238944,0.095698915,2.7114692,0
Ethiopia (former),1986,1.6209304,6.9560456,0.021469276,3.2847993,0.107346386,2.705129,0
Ethiopia (former),1987,1.5792199,4.4475985,0.021485984,3.1691828,0.08594394,2.675005,0
Ethiopia (former),1988,1.584392,4.2928457,0.021410702,3.0724356,0.08564281,2.6442215,0
Ethiopia (former),1989,1.5227138,4.7917566,0.021296695,3.0241308,0.095835134,2.6088452,0
Ethiopia (former),1990,1.4852257,4.7951574,0.02121751,2.8961902,0.0954788,2.5567102,0
Ethiopia (former),1991,1.4338664,4.5737195,0.020932356,2.7735372,0.08372942,2.4909503,0
Ethiopia (former),1992,1.3809873,4.3817787,0.020766724,2.6789074,0.083066896,2.40894,0
Fiji,1961,0.48107937,7.0296493,1.6101431,2.886476,15.433811,0.7167101,0
Fiji,1962,0.44399658,6.9362135,1.6477206,2.890911,13.793493,0.5327959,0
Fiji,1963,0.45437863,7.546636,1.7977589,3.348573,16.98981,0.58278996,0
Fiji,1964,0.53380436,7.8983264,2.016594,3.5883512,18.45579,0.6030012,0
Fiji,1965,0.6331486,7.132815,2.1368766,3.4130669,16.630043,0.7320781,0
Fiji,1966,0.67102575,7.4799633,2.1117575,3.0886922,15.966466,0.43419313,0
Fiji,1967,0.8681799,7.9912024,2.3085692,3.2063463,19.810287,0.463687,0
Fiji,1968,1.0059053,9.082732,2.2978032,3.599563,19.171371,0.15778905,0
Fiji,1969,1.1049104,10.102037,2.397261,3.7290726,18.96105,0.26636234,0
Fiji,1970,1.4416078,9.558057,2.675861,3.870618,17.941105,0.35546494,0
Fiji,1971,2.066653,10.323377,2.8774931,3.5993383,21.19061,0.45486143,1
Fiji,1972,2.7054517,8.68123,3.1811354,4.707288,20.801256,0.80271643,1
Fiji,1973,3.240987,8.559784,3.2807536,3.9468462,25.24192,0.54679227,1
Fiji,1974,3.2026255,8.739875,3.3622577,4.120512,23.535805,0.7283229,1
Fiji,1975,3.0462456,9.880257,3.3869443,7.0745044,24.85095,0.661356,1
Fiji,1976,2.8968332,11.1262455,3.3679442,6.3750377,24.588,0.69163144,1
Fiji,1977,3.5223427,13.011714,3.5822124,7.0945773,15.456399,0.7483731,1
Fiji,1978,3.9400902,13.487614,3.5431037,6.5403514,25.099468,2.5010145,1
Fiji,1979,4.203598,12.729485,3.4321144,6.6960845,33.52988,0.9989728,1
Fiji,1980,4.5118184,12.826174,3.5365562,5.989488,35.887672,0.748686,1
Fiji,1981,4.641272,13.923817,3.517907,6.5529637,39.534573,0.8770132,1
Fiji,1982,4.8153176,13.834171,3.5522833,5.219883,42.98263,0.6808543,1
Fiji,1983,5.9058704,13.698064,3.5553734,5.797234,30.645346,0.64194244,1
Fiji,1984,5.299993,13.7720995,3.6055715,6.2161627,35.592705,0.6797389,1
Fiji,1985,4.9622116,13.075965,3.7485738,8.055029,40.862392,0.058724392,1
Fiji,1986,5.114325,13.69943,3.6448026,10.799057,39.387074,0.0,1
Fiji,1987,4.7828255,13.296254,3.6732097,10.608307,33.632828,0.019131301,1
Fiji,1988,5.098257,14.027301,3.7456582,8.768246,37.35254,0.009458733,1
Fiji,1989,6.371318,14.035638,3.9164863,9.26652,35.18279,0.009369585,1
Fiji,1990,6.865487,17.564825,3.8525083,11.436259,33.75842,0.0,1
Fiji,1991,7.4170723,14.899699,3.9520257,13.710345,33.770157,0.0,1
Fiji,1992,8.263935,12.632285,3.8672192,16.357674,26.257378,0.03782121,1
Fiji,1993,9.997035,13.326192,4.142312,14.837705,28.900518,0.038266163,1
Fiji,1994,10.490218,11.255432,4.3878756,14.771544,28.84568,0.067803815,1
Fiji,1995,10.823392,12.008578,3.947355,14.888286,31.000938,0.0,1
Fiji,1996,11.875394,12.91018,4.109576,13.186122,20.597157,0.0,1
Fiji,1997,12.024485,12.98053,4.721089,12.93125,24.492496,0.0,1
Fiji,1998,10.421333,12.330435,4.18231,13.373552,26.83567,0.0,1
Fiji,1999,11.44692,12.044746,4.929624,14.622264,29.685549,0.0,1
Fiji,2000,12.104176,12.435797,4.515901,14.698624,34.722694,0.009753566,1
Fiji,2001,12.467314,11.120805,4.5238814,12.61262,35.60982,0.06780978,1
Fiji,2002,12.999975,10.311649,4.781379,11.63661,34.448975,0.038404655,1
Fiji,2003,14.630319,9.414043,4.8260064,10.794262,34.667286,0.11422499,1
Fiji,2004,16.820372,9.591392,4.592529,11.018289,35.190487,0.037798587,1
Fiji,2005,16.892296,9.423233,4.697524,11.753205,34.789864,0.0,1
Fiji,2006,17.720837,9.376104,4.5005302,12.479595,34.504063,0.009376104,1
Fiji,2007,17.55023,9.600125,4.3313065,9.90013,34.144196,0.08437611,1
Fiji,2008,17.478075,9.233168,4.517758,10.183779,34.42908,0.0,1
Fiji,2009,14.168651,8.535217,4.272335,8.9133005,32.959362,0.037808273,1
Fiji,2010,17.219885,3.599976,4.49997,4.829968,31.59979,0.08999941,1
Fiji,2011,22.680025,3.6500041,4.5600047,4.9600053,34.74004,0.0900001,1
Fiji,2012,28.989777,4.059969,4.499965,5.3999586,35.779724,0.08999931,1
Fiji,2013,18.779652,2.8799465,4.359919,5.279902,36.399326,0.09999814,1
Fiji,2014,23.899582,3.669936,4.489921,5.7099004,36.469364,0.13999756,1
Fiji,2015,25.049753,4.07996,4.5399556,5.5099463,35.99965,0.11999882,1
Fiji,2016,18.459978,3.3399963,4.759995,4.7499948,33.099964,0.08999991,1
Fiji,2017,36.78992,4.58999,4.61999,6.629986,29.449938,0.039999913,1
Fiji,2018,41.619907,4.7899895,4.1999907,6.4799857,30.819933,0.009999978,1
Fiji,2019,39.79991,3.649992,3.7699916,5.6099877,29.349936,0.0,1
Fiji,2020,31.619658,3.8399582,3.6999598,4.949946,29.279682,0.0,1
Fiji,2021,32.279823,3.5699806,3.2099826,5.349971,29.149841,0.0,1
Finland,1961,1.4604805,17.565777,13.934584,0.49016124,17.465744,1.2304047,1
Finland,1962,1.4208924,18.251463,14.789288,0.42026392,19.242085,1.090685,1
Finland,1963,1.5195663,19.564415,14.555846,0.37989157,21.463873,1.2496433,1
Finland,1964,1.4988269,21.563124,14.458684,0.32974193,18.485533,1.4388739,1
Finland,1965,1.5101383,20.65189,14.75135,0.3900357,18.14166,1.6401502,1
Finland,1966,1.5683584,20.398647,15.773489,0.2697177,17.431753,1.5483792,1
Finland,1967,1.5820258,19.740498,16.91474,0.26864588,16.795341,1.4526777,1
Finland,1968,1.4973445,19.22749,17.12526,0.22807235,21.904861,1.3486017,1
Finland,1969,1.7491913,21.189066,18.257185,0.24846466,21.07974,1.2522619,1
Finland,1970,1.8901554,20.91172,20.681702,0.3000247,22.281834,1.2100996,1
Finland,1971,1.8241696,20.977951,22.32102,0.35080183,23.0126,1.1827033,1
Finland,1972,2.1323717,21.97444,22.995575,0.30033404,22.474997,1.1512804,1
Finland,1973,1.8010924,22.723782,24.454834,0.2301396,24.544888,1.0406312,1
Finland,1974,1.8705653,23.197012,24.077276,0.23006953,26.237928,1.2103658,1
Finland,1975,2.3698068,24.39801,27.317774,0.23998043,25.947886,0.9099259,1
Finland,1976,2.470772,24.09753,26.098154,0.22006877,27.578617,0.8702719,1
Finland,1977,2.7101498,23.171282,27.231504,0.24001326,28.22156,0.82004535,1
Finland,1978,2.4987369,22.188786,28.155767,0.189904,27.256224,0.7796059,1
Finland,1979,2.8790524,23.02242,29.150404,0.19993418,27.360994,0.6897729,1
Finland,1980,3.1697195,23.987877,29.897354,0.17998408,26.477655,0.5499513,1
Finland,1981,3.5308325,21.595093,29.907051,0.1900448,26.456238,0.5801368,1
Finland,1982,3.4193907,22.416006,31.59437,0.21996081,26.485281,0.51990736,1
Finland,1983,3.7778685,19.958738,32.9714,0.2598534,27.844292,0.45974064,1
Finland,1984,3.9477766,20.78829,30.652735,0.29983115,28.324047,2.748452,1
Finland,1985,4.1398487,21.749207,31.51885,0.29998904,28.72895,2.9798913,1
Finland,1986,4.4525566,21.532366,32.59872,0.27015516,30.76767,2.3513503,1
Finland,1987,5.385262,22.682163,32.741993,0.29028362,31.100388,2.1120636,1
Finland,1988,5.606155,21.89404,33.71702,0.31034073,31.39447,2.262484,1
Finland,1989,6.7047477,21.205017,33.603798,0.28019843,31.19209,2.441729,1
Finland,1990,7.2206497,22.262005,32.52293,0.27002433,30.542751,0.700063,1
Finland,1991,7.882358,20.190426,32.458534,0.27972883,30.260664,0.98904115,1
Finland,1992,7.7490425,19.801998,32.104603,0.28959048,32.104603,0.7189833,1
Finland,1993,7.46173,19.04889,29.40741,0.28967896,31.63494,0.78912544,1
Finland,1994,8.455858,19.740332,29.315641,0.32983845,32.62402,0.6796671,1
Finland,1995,9.320106,19.36022,32.330368,0.440005,33.31038,0.6900078,1
Finland,1996,10.972747,19.074774,32.628166,0.41010264,33.788456,0.6101527,1
Finland,1997,10.892238,19.293964,32.866753,0.39008012,33.096798,0.47009656,1
Finland,1998,11.8787365,19.567919,34.236362,0.37995958,32.576538,0.6599299,1
Finland,1999,12.678773,18.958164,33.80673,0.35996518,31.316969,0.5899429,1
Finland,2000,13.649451,18.049274,32.668686,0.35998556,31.36874,0.7599695,1
Finland,2001,15.699979,18.079975,31.869957,0.26999965,31.659958,0.8499989,1
Finland,2002,16.96808,18.037962,32.146366,0.2599706,31.916391,0.8799005,1
Finland,2003,17.770031,18.270033,32.090057,0.31000054,33.700058,1.0400017,1
Finland,2004,17.989508,18.939482,32.9391,0.28999206,34.31906,1.1299691,1
Finland,2005,17.889761,18.999746,33.409554,0.31999573,31.629578,1.209984,1
Finland,2006,17.335762,19.026325,33.091,0.43014297,34.09133,1.2604189,1
Finland,2007,18.801746,18.591614,35.201992,0.53033125,36.24264,1.9212002,1
Finland,2008,19.677176,18.315987,33.98967,0.48041934,34.950504,1.6514415,1
Finland,2009,18.427887,18.207674,34.003006,0.48046634,34.313305,1.831778,1
Finland,2010,18.67997,18.389969,36.439938,0.55999905,35.00994,1.4199976,1
Finland,2011,18.929989,18.739988,34.84998,0.5699997,36.16998,1.5799991,1
Finland,2012,18.859983,19.45998,37.089966,0.55999947,35.719967,1.4099987,1
Finland,2013,18.939991,19.15999,36.22998,0.5599997,35.20998,1.0099995,1
Finland,2014,18.640013,18.240013,35.820026,0.5500004,35.730026,1.2200009,1
Finland,2015,18.59001,17.720009,36.010017,0.5500003,34.77002,1.0100006,1
Finland,2016,18.760012,18.13001,36.12002,0.5600003,31.650019,0.82000047,1
Finland,2017,18.999979,18.83998,36.18996,0.5599994,33.599964,1.0099989,1
Finland,2018,19.579983,19.309982,37.379967,0.56999946,31.409971,1.199999,1
Finland,2019,20.580004,17.910004,31.840006,0.54000014,31.950006,1.1500002,1
Finland,2020,21.060007,17.650007,30.000011,0.47000018,31.900013,0.66000026,1
Finland,2021,22.800034,19.230028,30.820045,0.44000065,31.860048,0.75000113,1
France,1961,11.082341,28.669535,26.039488,2.278706,18.058996,9.195131,1
France,1962,11.2151575,28.899435,27.105816,2.2571385,18.470245,9.351003,1
France,1963,11.776544,28.864672,27.063791,2.1448686,19.597221,9.61144,1
France,1964,12.301109,28.678926,27.634398,2.271598,19.866343,9.765843,1
France,1965,12.662709,28.430218,28.917246,2.4351366,20.800123,9.943474,1
France,1966,9.272151,29.539148,28.829803,2.5941756,20.945942,10.2247,1
France,1967,9.560713,29.834276,29.803957,2.62768,21.102293,10.601679,1
France,1968,9.5622015,30.208094,30.802584,2.660086,22.207685,10.791484,1
France,1969,11.690125,30.476751,29.783182,2.7642171,20.29438,11.147334,1
France,1970,12.032814,30.09709,30.649055,2.8401055,20.753845,11.209887,1
France,1971,12.143809,29.792946,32.04923,3.0484872,20.968378,11.181129,1
France,1972,13.097505,28.68213,32.633446,3.2292469,21.621914,11.2923355,1
France,1973,14.274045,28.48786,32.292263,3.312542,21.722244,11.342947,1
France,1974,14.403471,29.148685,32.606323,3.306868,22.29372,11.166962,1
France,1975,14.131271,29.893076,33.43596,3.452298,22.404709,11.232549,1
France,1976,14.920959,30.728512,33.81144,3.5362976,22.255503,11.3141365,1
France,1977,15.039047,31.186127,34.560596,3.5960748,23.742151,11.130708,1
France,1978,15.718902,31.437803,36.076992,3.5624144,24.333101,10.818067,1
France,1979,15.944368,32.93427,36.965603,3.6794698,24.268415,11.148994,1
France,1980,16.107836,32.838295,37.618423,3.8361552,24.935009,10.895886,1
France,1981,16.536823,31.698923,35.823097,4.1743436,25.788616,10.475997,1
France,1982,18.086876,31.077724,35.421383,4.273438,25.26946,9.108643,1
France,1983,16.46177,31.387775,35.533333,4.155593,26.258528,9.676309,1
France,1984,16.870518,32.04293,35.51952,4.250285,25.511759,9.455126,1
France,1985,17.667528,31.775406,35.405445,4.082536,26.435932,9.381789,1
France,1986,17.960365,31.755133,35.58869,4.3869576,27.931639,6.550251,1
France,1987,19.408022,31.648764,36.148445,4.550013,29.142231,7.127012,1
France,1988,19.595573,30.198935,37.016098,4.571629,30.360048,6.9984193,1
France,1989,20.73024,30.208935,36.595222,4.6033626,29.493753,6.8395686,1
France,1990,20.979843,33.263428,34.04942,4.5143948,31.86276,6.6506705,1
France,1991,21.792816,34.73545,34.160892,4.4351707,31.177235,6.6124363,1
France,1992,21.901413,30.492577,35.494007,4.4165835,30.966501,6.544207,1
France,1993,21.26066,26.6288,36.11386,4.429724,30.695267,6.4780936,1
France,1994,23.347013,26.103819,36.070732,4.3725157,30.799477,6.129601,1
France,1995,24.003576,28.19612,36.19731,4.3642864,31.21677,6.101919,1
France,1996,25.883575,27.954666,35.7945,4.3745465,31.55129,6.233476,1
France,1997,26.62371,27.876116,35.98645,4.4036183,31.178831,5.959025,1
France,1998,26.965534,28.055868,37.636658,4.351234,32.780643,5.8958716,1
France,1999,25.56562,26.473991,37.52585,4.2794404,32.19673,5.8842306,1
France,2000,26.706959,26.283041,37.900467,4.26948,31.592133,5.87432,1
France,2001,27.833767,27.763073,37.741215,3.4741714,34.21655,5.756621,1
France,2002,25.98216,28.389225,36.237476,3.4690077,34.740643,5.097317,1
France,2003,24.807777,26.642015,38.05278,3.445525,34.212032,4.5703874,1
France,2004,24.570305,26.630516,34.069607,3.4201539,33.60276,3.826107,1
France,2005,21.101065,26.929752,34.931503,3.4017596,34.799496,3.3002145,1
France,2006,20.385176,26.161652,31.359465,3.3704572,35.328888,3.3501532,1
France,2007,21.281591,27.053387,29.731335,3.3575819,34.15401,3.519882,1
France,2008,24.505945,26.178186,35.21843,3.4052925,34.863712,2.939092,1
France,2009,23.962812,26.43404,35.326412,3.3928747,35.144108,2.4611003,1
France,2010,23.99,26.250002,35.1,3.7900002,35.33,1.51,1
France,2011,23.94,25.689999,33.97,3.5899997,35.75,1.43,1
France,2012,24.120005,25.410004,34.000004,3.5300004,33.600002,1.4100002,1
France,2013,24.23,24.18,33.7,3.43,34.52,1.56,1
France,2014,25.559996,24.199997,34.059998,3.3799996,34.339996,1.4299998,1
France,2015,25.94,24.17,34.43,3.21,33.98,1.29,1
France,2016,26.25,24.03,33.4,3.03,34.45,1.63,1
France,2017,25.99,23.4,33.51,2.97,35.27,1.42,1
France,2018,27.269999,23.549997,34.21,2.9699998,35.24,1.1499999,1
France,2019,26.03,23.68,33.44,2.57,33.68,1.23,1
France,2020,26.29,23.03,33.04,2.45,33.63,0.87,1
France,2021,26.569998,23.009998,33.479996,2.3999999,33.609997,0.5899999,1
French Polynesia,1961,2.357143,14.431677,7.7608695,0.7919255,42.559006,0.03726708,1
French Polynesia,1962,2.6831045,12.379938,10.967778,0.75315213,44.83138,0.018828804,1
French Polynesia,1963,3.1025822,15.115629,4.729546,0.7378092,35.878338,0.018918185,1
French Polynesia,1964,4.1215024,18.159187,5.09516,0.718427,40.959797,0.17960675,1
French Polynesia,1965,6.7374234,16.857693,7.500684,0.6972998,42.55413,0.2826891,1
French Polynesia,1966,9.045659,20.110947,8.211259,0.72061855,45.939434,0.40771842,1
French Polynesia,1967,9.414383,23.073729,8.980454,0.67919403,39.61965,0.49996224,1
French Polynesia,1968,11.524253,16.79409,9.105003,0.6563854,46.4252,1.0314628,1
French Polynesia,1969,10.679693,24.800203,7.549114,0.6298763,31.982674,0.1974239,1
French Polynesia,1970,14.311279,17.585894,8.499071,0.6064101,36.468575,0.82098603,1
French Polynesia,1971,11.901837,19.565687,8.083915,0.57875603,33.56785,0.7187776,1
French Polynesia,1972,10.832536,24.641453,8.266689,3.788122,35.585953,0.5971424,1
French Polynesia,1973,12.806294,23.590052,8.276558,3.7934225,38.95947,0.5592269,1
French Polynesia,1974,13.18977,14.083361,9.578175,4.3097134,37.577347,0.5771106,1
French Polynesia,1975,11.88712,29.263485,8.009053,3.3816,26.237844,0.48710027,1
French Polynesia,1976,13.025906,15.765741,7.8828707,2.075916,36.347233,8.948881,1
French Polynesia,1977,13.002946,16.15574,7.732742,3.5725453,30.809706,8.721489,1
French Polynesia,1978,13.690084,14.917728,6.6404347,3.9154387,37.61053,8.919016,1
French Polynesia,1979,17.974308,11.503928,7.814514,4.1065593,33.556988,12.875872,1
French Polynesia,1980,17.19703,11.483268,7.181688,3.7348492,34.877174,7.804162,1
French Polynesia,1981,17.677942,10.076612,7.665984,3.7498667,34.367622,10.676961,1
French Polynesia,1982,17.765772,13.324329,7.3870153,3.6381052,32.669075,8.716678,1
French Polynesia,1983,19.515123,13.693035,7.963654,3.4580243,30.111696,8.501363,1
French Polynesia,1984,19.463736,14.516587,14.126756,3.9354427,32.20752,4.315993,1
French Polynesia,1985,21.661602,15.560532,14.581001,3.6289248,30.682606,4.16067,1
French Polynesia,1986,23.804842,14.515147,14.814815,4.523107,30.285152,5.159901,1
French Polynesia,1987,25.419575,16.069307,14.095882,4.6986275,28.351519,4.4542985,1
French Polynesia,1988,26.641323,16.131702,16.762655,5.452572,32.197483,4.699194,1
French Polynesia,1989,25.777643,16.1615,16.086374,5.8692265,36.060528,3.8971665,1
French Polynesia,1990,31.044771,14.340622,12.09902,5.2991834,39.851738,2.429183,1
French Polynesia,1991,28.07027,31.792347,12.141282,5.90657,38.392704,3.9845908,1
French Polynesia,1992,35.225582,28.551949,13.589944,5.9642677,35.384254,2.370773,1
French Polynesia,1993,32.716885,29.23973,14.103869,5.5225434,37.346897,2.3057084,1
French Polynesia,1994,32.373734,30.725718,12.616166,5.5120077,42.606327,2.7094498,1
French Polynesia,1995,33.42219,32.57688,13.627114,5.8149786,42.488358,2.8703327,1
French Polynesia,1996,33.669388,29.870409,13.491964,5.5401783,44.833546,2.774745,1
French Polynesia,1997,35.27072,30.529228,12.209816,5.097575,43.348125,2.520676,1
French Polynesia,1998,36.036263,32.06561,13.5358925,5.6602936,45.22603,3.3698926,1
French Polynesia,1999,35.16258,32.89707,12.63965,5.295626,45.08362,2.803567,1
French Polynesia,2000,38.37311,30.704153,14.402903,5.3928246,45.503727,2.8050244,1
French Polynesia,2001,40.02588,32.32496,12.841164,5.499306,45.704712,2.9291835,1
French Polynesia,2002,41.022102,34.394657,14.096326,5.2471232,46.50558,3.0348227,1
French Polynesia,2003,41.430305,33.18966,15.412188,4.815717,46.236557,2.2328274,1
French Polynesia,2004,44.488068,34.856533,13.508676,5.0940537,45.827618,2.8300297,1
French Polynesia,2005,40.592064,35.615654,12.59624,4.929372,45.897724,2.8786027,1
French Polynesia,2006,41.969532,31.280066,12.932471,4.1856914,45.63905,3.0031865,1
French Polynesia,2007,44.469208,37.842754,12.87906,4.747868,45.721596,3.2337844,1
French Polynesia,2008,43.48556,34.252262,13.948376,4.218259,45.37909,2.9059114,1
French Polynesia,2009,43.980167,32.45239,13.959127,4.346386,45.547874,2.797458,1
French Polynesia,2010,41.919262,33.879406,13.6597595,3.0499463,48.079155,2.1499622,1
French Polynesia,2011,43.519238,35.15938,13.3797655,2.9899476,47.77916,2.1499624,1
French Polynesia,2012,42.68836,33.728703,13.329488,2.9698858,48.998116,2.1699166,1
French Polynesia,2013,45.568893,32.9492,13.319676,2.9699278,47.39885,1.9499526,1
French Polynesia,2014,46.728386,33.188854,13.529532,2.9898968,48.518326,2.2199235,1
French Polynesia,2015,46.23905,32.709328,13.509723,2.9999385,47.909016,2.0099587,1
French Polynesia,2016,45.80813,28.058853,18.479244,2.989878,47.668053,1.8499244,1
French Polynesia,2017,45.749073,26.969452,16.989655,2.9099412,47.569035,1.3399729,1
French Polynesia,2018,46.639214,28.789516,19.139677,2.7799532,47.6492,1.2799784,1
French Polynesia,2019,45.728474,24.88917,16.879436,2.789907,46.73844,1.3299557,1
French Polynesia,2020,46.127712,29.308544,11.619423,2.0798967,46.397697,1.5699221,1
French Polynesia,2021,45.848793,29.369228,12.689666,3.2199154,46.07879,1.3199654,1
Gabon,1961,0.49493873,10.141392,2.4164655,0.49493873,25.329218,31.025866,1
Gabon,1962,0.5131028,10.339507,2.4687026,0.47437814,24.241692,32.6256,1
Gabon,1963,0.5328547,10.51177,2.5480144,0.50378984,24.114096,34.160828,1
Gabon,1964,0.58128446,10.676258,2.5479634,0.58128446,22.660404,35.593983,1
Gabon,1965,0.55382055,10.26997,2.6427927,0.582969,22.502602,36.046913,1
Gabon,1966,0.53638744,10.961808,2.6331747,0.5656449,21.806587,36.464592,1
Gabon,1967,0.5290535,11.080731,2.5766864,0.55844533,20.045248,35.98543,1
Gabon,1968,0.5712831,11.524159,2.6200228,0.63038135,23.048319,35.5082,1
Gabon,1969,0.5921623,12.287368,2.6153836,0.62177044,23.637146,34.88823,1
Gabon,1970,0.6608093,11.529642,2.6925511,0.51286685,24.311863,34.214138,1
Gabon,1971,0.8181484,10.192355,2.7501614,0.4928605,24.13045,33.64266,1
Gabon,1972,0.74742323,9.923027,2.911017,0.50156033,23.966719,33.024307,1
Gabon,1973,1.1179461,9.6104145,2.8831244,0.5001338,25.673534,32.38121,1
Gabon,1974,1.888582,9.853897,3.0432591,0.51862615,23.347963,31.792765,1
Gabon,1975,2.8133736,10.579456,3.3799555,0.5372762,35.001102,29.667414,1
Gabon,1976,3.4237697,8.125357,3.1311398,0.7901007,30.423754,29.08741,1
Gabon,1977,3.9746797,12.167585,3.0686867,0.83780015,33.78478,28.543655,1
Gabon,1978,6.7729187,11.696909,3.5226963,0.9147333,35.09073,27.92856,1
Gabon,1979,5.3500495,14.457756,3.6023018,1.0000999,41.557552,27.216314,1
Gabon,1980,6.5711093,15.836568,3.2855546,1.0951849,43.3228,26.61396,1
Gabon,1981,7.925625,16.75233,3.2942696,1.3370858,41.488415,26.170065,1
Gabon,1982,10.624133,18.722858,3.5994332,1.3643012,41.548294,25.466957,1
Gabon,1983,9.772198,19.380077,3.1897383,1.4112176,36.836647,24.76397,1
Gabon,1984,9.830324,21.204174,3.2414024,1.7654068,43.62388,24.117579,1
Gabon,1985,10.203472,23.271246,3.5779662,1.3983965,40.823536,23.425552,1
Gabon,1986,8.997812,21.83392,3.8093631,1.3115783,38.826572,22.779028,1
Gabon,1987,10.714176,18.04645,3.3048224,1.6957688,40.467213,22.15098,1
Gabon,1988,11.372453,16.53387,3.659214,1.675535,38.05583,21.589363,1
Gabon,1989,7.9051743,13.990521,3.100446,2.012401,32.26582,21.04837,1
Gabon,1990,6.656674,13.082147,3.9015238,1.1656405,30.70162,20.894827,1
Gabon,1991,9.036331,19.729645,5.038381,1.502844,32.31115,20.095722,1
Gabon,1992,8.955315,20.240936,5.5561466,1.0303427,33.02874,20.289083,1
Gabon,1993,6.5581813,21.523546,7.550094,1.5697262,44.742012,19.867147,1
Gabon,1994,9.72493,19.055086,7.751058,1.5309544,38.10054,19.632803,1
Gabon,1995,14.044338,15.45936,7.5660386,1.0107303,40.352203,18.684072,1
Gabon,1996,11.546842,11.325158,7.469785,1.0602276,48.78011,18.679281,1
Gabon,1997,12.431843,8.249348,6.109914,1.0022571,48.291447,18.705587,1
Gabon,1998,11.893409,10.369355,6.9932857,1.080342,48.673267,18.751652,1
Gabon,1999,10.487355,10.622304,6.901605,0.9542723,46.373775,18.584211,1
Gabon,2000,11.509332,10.478789,7.473842,1.1172237,44.49633,18.154888,1
Gabon,2001,12.697987,10.075785,7.22306,1.1141955,41.359707,17.452528,1
Gabon,2002,13.992625,7.9205356,6.85744,0.8045041,33.080444,16.913742,1
Gabon,2003,15.170596,7.122256,5.7474504,0.8974424,36.317776,16.469023,1
Gabon,2004,20.027514,8.545199,6.3494916,1.0740907,37.18445,16.94782,1
Gabon,2005,22.99654,11.952149,6.061177,1.2670791,35.24182,16.585499,1
Gabon,2006,24.234304,12.8083515,6.6580853,1.5704806,34.87972,16.1468,1
Gabon,2007,26.04046,8.944697,6.694518,1.4658848,32.23079,16.031363,1
Gabon,2008,28.223557,5.6817865,5.283227,1.5015488,27.95476,15.339895,1
Gabon,2009,29.478842,6.062959,4.9881616,1.4238768,28.146828,15.616713,1
Gabon,2010,33.289864,6.809972,4.9899793,1.0699956,28.139885,16.859932,1
Gabon,2011,39.009823,6.019973,5.539975,1.0799952,32.65985,16.609926,1
Gabon,2012,37.99977,6.2999625,5.7599654,0.9599942,32.129807,16.529902,1
Gabon,2013,38.67,8.07,8.04,0.88,32.95,15.31,1
Gabon,2014,39.87004,7.0100074,8.520009,0.94000095,35.320034,15.0100155,1
Gabon,2015,43.549915,9.629981,8.959983,0.7599985,32.949936,14.689971,1
Gabon,2016,36.51,7.05,8.49,0.66,32.19,14.41,1
Gabon,2017,37.399914,7.079983,8.64998,0.6499984,29.84993,14.209967,1
Gabon,2018,38.309948,6.9699903,7.46999,0.62999916,33.119953,14.139981,1
Gabon,2019,33.81003,6.0600057,8.130008,0.6400006,32.48003,13.780012,1
Gabon,2020,38.629784,5.509969,8.989949,0.55999684,31.769821,13.529923,1
Gabon,2021,38.449917,4.3199906,9.33998,0.5999987,31.109934,13.629971,1
Gambia,1961,0.48637462,5.322591,0.2753064,1.8445529,11.682168,1.459124,0
Gambia,1962,0.44553682,5.564664,0.26368505,1.8276103,13.020586,1.4184437,0
Gambia,1963,0.44796985,6.119268,0.17918794,1.5230975,12.668588,1.4245442,0
Gambia,1964,0.4866886,6.1057296,0.28316426,1.5574034,12.317646,1.4069725,0
Gambia,1965,0.524279,6.2127056,0.36699525,1.5553609,13.508921,1.3980772,0
Gambia,1966,0.56214905,6.3133664,0.45836768,1.5653689,11.02677,1.3751031,0
Gambia,1967,0.5916655,6.3796973,0.45446765,1.5177506,11.027272,1.4405768,0
Gambia,1968,0.5803303,6.554319,0.47791907,1.3910859,12.570978,1.3996202,0
Gambia,1969,0.5686621,6.60327,0.44983715,1.3919489,10.60088,1.4598489,0
Gambia,1970,0.55796695,6.8985004,0.45651844,1.3949174,11.210063,1.4202795,0
Gambia,1971,0.54930115,6.938096,0.45634252,1.3943799,11.425465,1.3774782,0
Gambia,1972,0.5338392,7.0331206,0.4575765,1.4150977,10.541206,1.5167813,0
Gambia,1973,0.5260597,6.991503,0.45818105,1.4169672,13.372098,1.5103004,0
Gambia,1974,0.5273332,6.4470735,0.50181705,1.411892,13.64262,1.5139565,0
Gambia,1975,0.544017,6.3411984,0.5015157,1.4110441,12.495391,1.5470484,0
Gambia,1976,0.56831956,6.0564203,0.48349574,1.399593,13.21555,1.5522759,0
Gambia,1977,0.48261592,5.511982,0.46568203,1.3970461,14.199069,1.4563147,0
Gambia,1978,0.4473205,5.266566,0.4473205,1.3926016,15.521177,1.4601218,0
Gambia,1979,0.5049154,4.9986625,0.4628391,1.380102,11.714037,1.4390088,0
Gambia,1980,0.57996345,4.7405705,0.47910023,1.3700587,15.129481,1.3952744,0
Gambia,1981,0.5805321,4.677911,0.47956997,1.3461614,17.853464,1.3461614,0
Gambia,1982,0.5819791,4.208805,0.5060688,1.3326478,9.117673,1.2989099,0
Gambia,1983,0.6006156,4.0605006,0.49064377,1.3112031,14.499369,1.2604469,0
Gambia,1984,0.6374234,3.7225528,0.46744382,1.2918447,15.017695,1.2153538,0
Gambia,1985,0.60717434,3.8226328,0.4532428,1.4195907,12.981559,1.17159,0
Gambia,1986,0.63845634,3.6840653,0.4400172,1.3977016,14.201338,1.1216124,0
Gambia,1987,0.67875856,4.6120777,0.46120775,1.3749213,14.497587,1.0790521,0
Gambia,1988,0.71942776,5.0009003,0.42990196,1.2107443,12.502251,1.0440476,0
Gambia,1989,0.7578586,3.454425,0.5023016,1.1544124,17.844925,1.0046031,0
Gambia,1990,0.8018931,4.062338,0.41416457,0.95169735,18.769585,0.9164492,0
Gambia,1991,0.8495564,5.8067617,0.5342571,0.9021062,21.133808,0.8933479,0
Gambia,1992,0.8955282,3.425613,0.39994463,0.84336156,14.058924,0.8868337,0
Gambia,1993,0.9490575,3.20954,0.379623,0.77650154,16.5136,0.9490575,0
Gambia,1994,1.0405378,3.7407763,0.39557636,0.7223568,16.296026,0.99754035,0
Gambia,1995,0.883928,2.754766,0.4033458,0.6779642,17.16365,0.98690987,0
Gambia,1996,0.625519,2.8791008,0.39416263,0.6340877,22.690056,0.9854065,0
Gambia,1997,0.7616004,2.815354,0.36796424,0.5904542,23.797873,1.0097623,0
Gambia,1998,0.58967054,2.7517958,0.38456774,0.54694074,20.877756,0.99133015,0
Gambia,1999,1.5547814,2.4944844,0.29899642,0.56382185,22.877499,0.97387403,0
Gambia,2000,1.9150493,3.7959013,0.27357846,0.48731166,19.69765,1.0002712,0
Gambia,2001,1.1989542,2.1067338,0.2483548,0.6765528,23.490938,0.98485523,0
Gambia,2002,1.0560888,2.0864193,0.29192698,0.73840356,25.749676,0.9959861,0
Gambia,2003,0.9560272,2.4460514,0.2842243,0.8785114,25.812733,0.98186576,0
Gambia,2004,3.7644095,2.8492088,0.32809073,0.8461287,22.327438,0.9411024,0
Gambia,2005,4.4571505,2.7781463,0.32887712,0.8481568,21.567415,0.9606674,0
Gambia,2006,3.8624039,2.4941084,0.32908374,1.1084925,24.075071,0.6235271,0
Gambia,2007,4.2190924,2.313137,0.4764889,0.87500685,25.609112,0.86634344,0
Gambia,2008,1.9935799,2.357625,0.4507224,0.8754416,25.11044,1.126806,0
Gambia,2009,3.0425467,2.2364018,0.39873832,0.8668224,25.241869,0.7107944,0
Gambia,2010,2.7699943,2.1999955,0.46999905,0.79999834,25.139948,0.7299985,0
Gambia,2011,3.7599905,1.969995,0.30999923,0.65999836,21.889944,0.6499983,0
Gambia,2012,3.4299834,2.0199902,0.23999883,0.619997,17.889914,0.62999696,0
Gambia,2013,2.4199934,2.3599935,0.13999961,0.6199983,20.959942,0.6399982,0
Gambia,2014,5.0499935,5.829992,0.2899996,0.5799992,23.549967,0.62999916,0
Gambia,2015,6.34998,3.479989,0.40999871,0.63999796,24.679922,0.629998,0
Gambia,2016,7.3399935,2.8699973,0.57999945,0.6499994,24.909979,0.6499994,0
Gambia,2017,7.5099716,2.64999,0.31999877,0.6299976,25.589903,0.66999745,0
Gambia,2018,9.470016,3.080005,0.27000046,0.6700011,20.300032,0.650001,0
Gambia,2019,10.509992,3.9299967,0.4699996,0.59999955,24.25998,0.5599995,0
Gambia,2020,9.969942,3.8199778,0.29999825,0.51999694,23.649862,0.5899965,0
Gambia,2021,11.189991,4.069997,0.21999982,0.4799996,23.04998,0.7599994,0
Georgia,1992,2.3264217,9.162836,10.570934,1.1632109,7.4690385,0.051018022,0
Georgia,1993,1.9567443,8.533864,8.574842,1.311326,3.9032438,0.07171314,0
Georgia,1994,2.444965,6.7881308,9.336259,1.4855484,1.5887114,0.010316308,0
Georgia,1995,2.5139277,14.055141,9.962218,1.9633567,1.267352,0.010388131,0
Georgia,1996,5.596524,11.884753,9.8725195,1.9912724,1.6349394,0.020960763,0
Georgia,1997,6.6298018,12.432205,10.406137,1.4214296,1.6017601,0.021215366,0
Georgia,1998,6.75755,10.437616,9.856553,1.8615544,2.281211,0.086083435,0
Georgia,1999,6.667031,11.126291,9.41035,1.5957156,1.3989835,0.07650691,0
Georgia,2000,6.9850173,11.400704,9.242913,2.0799334,1.0010375,0.11122639,0
Georgia,2001,6.6764917,11.477692,9.523321,1.8414012,0.9715369,0.112969406,0
Georgia,2002,7.7960377,12.860618,9.799108,2.0144506,1.2746806,0.11381077,0
Georgia,2003,7.953306,13.531982,10.259765,2.1019452,2.1246688,0.09089492,0
Georgia,2004,7.2441735,13.729972,10.221075,2.3090801,5.67083,0.12450922,0
Georgia,2005,8.371173,13.726013,10.675788,2.428883,6.755684,0.112971306,0
Georgia,2006,6.634191,9.7196,11.73133,1.932618,7.0184546,0.37296137,0
Georgia,2007,9.902336,10.400852,9.698399,1.9147539,9.585099,0.3285672,0
Georgia,2008,12.750913,8.144205,8.15558,1.9336799,10.8513565,0.1023713,0
Georgia,2009,13.196597,7.488726,6.6782084,1.061664,9.258165,0.10274167,0
Georgia,2010,13.239986,8.459991,7.1399927,1.1499988,9.88999,0.089999914,0
Georgia,2011,13.809975,7.759986,7.429986,0.77999854,9.799982,0.119999774,0
Georgia,2012,14.440007,6.730004,8.360004,0.79000044,9.150004,0.13000007,0
Georgia,2013,14.72998,6.6799912,9.539988,0.79999894,9.509988,0.10999986,0
Georgia,2014,15.240032,7.9500165,10.430022,1.3600029,9.150019,0.11000023,0
Georgia,2015,15.609979,7.6099896,9.989986,1.3299983,8.619988,0.22999969,0
Georgia,2016,17.199991,6.7899966,9.609995,1.0599995,9.279995,0.09999995,0
Georgia,2017,17.80998,6.949992,10.209989,0.5599994,10.749989,0.13999985,0
Georgia,2018,16.469986,7.639994,10.739991,0.6699995,9.949992,0.15999988,0
Georgia,2019,19.319979,7.389992,10.369989,0.8299991,10.599989,0.989999,0
Georgia,2020,19.309988,6.5699964,9.789994,1.2999992,10.609994,0.61999965,0
Georgia,2021,18.599981,6.3399935,11.309988,1.0899988,10.639989,0.42999956,0
Germany,1961,5.0000033,20.000013,37.42974,0.7429724,9.5984,0.9236954,1
Germany,1962,5.466218,21.593569,36.635715,0.7938074,9.817086,1.0048194,1
Germany,1963,5.0308027,21.099186,37.04683,0.68418914,10.534501,1.0363454,1
Germany,1964,5.4694347,20.316483,39.172432,0.5942848,10.616546,0.9266814,1
Germany,1965,5.7664547,20.152348,40.607132,0.5141419,11.190148,0.92747176,1
Germany,1966,5.9828057,20.854063,39.952633,0.4943634,10.351364,1.049261,1
Germany,1967,6.3399286,21.028776,41.189342,0.42400795,10.86268,1.1407833,1
Germany,1968,6.6184874,21.906687,44.217556,0.39407784,11.458571,1.1013972,1
Germany,1969,6.849015,22.438871,44.08864,0.40466854,11.259902,1.0723716,1
Germany,1970,7.534304,23.706728,45.458996,0.4253236,11.767287,1.1544498,1
Germany,1971,8.0645895,23.545359,48.144382,0.40525576,11.499132,1.2765557,1
Germany,1972,8.339823,23.13465,49.856537,0.43573803,10.721182,1.2970806,1
Germany,1973,8.587308,23.257715,49.35421,0.5272019,12.490629,1.3281431,1
Germany,1974,8.176611,23.728401,52.468273,0.5376679,12.690992,1.2883741,1
Germany,1975,8.884347,23.251604,53.641148,0.7005942,12.113173,1.2996529,1
Germany,1976,8.629086,23.224335,53.634495,0.7724505,11.952656,1.2908055,1
Germany,1977,9.041012,23.00424,54.429127,0.8034195,10.70887,1.3220826,1
Germany,1978,9.624725,23.766766,57.229473,0.8241044,10.754053,1.3735074,1
Germany,1979,9.648545,23.246075,59.010834,0.8956456,10.757925,1.3434684,1
Germany,1980,9.831662,23.449432,61.117115,0.9159934,11.57205,1.3332793,1
Germany,1981,9.757212,23.339983,61.819412,0.8241232,11.435981,1.2616208,1
Germany,1982,9.884263,22.636183,60.230957,0.89487153,11.196064,1.2304484,1
Germany,1983,9.544342,22.686869,61.677383,0.9656149,11.75001,1.2502172,1
Germany,1984,9.664162,22.183874,62.070137,0.9044273,11.788042,1.1788042,1
Germany,1985,9.603022,22.996443,63.044605,0.88408774,11.06634,1.1178122,1
Germany,1986,9.785045,23.11628,63.4961,0.8433631,12.16272,1.0059392,1
Germany,1987,10.296871,23.365976,64.116806,0.893614,11.048319,1.0154705,1
Germany,1988,10.785022,22.929586,63.93905,0.8116668,11.505376,0.9334168,1
Germany,1989,10.636957,22.287922,60.931816,0.9024682,12.553434,0.9024682,1
Germany,1990,11.256187,22.02562,60.37778,1.0343523,14.034741,0.92280453,1
Germany,1991,11.605315,21.393175,54.269825,0.88334423,13.219704,0.92395777,1
Germany,1992,12.273515,20.282848,53.85691,0.9769961,13.657592,1.1296518,1
Germany,1993,11.35813,17.84849,54.627197,0.93885714,13.28687,1.1021366,1
Germany,1994,12.266895,16.768507,54.602516,0.96170825,14.149388,1.166327,1
Germany,1995,11.899771,16.081602,52.621384,0.99421,14.041935,1.865425,1
Germany,1996,13.662111,16.421202,53.838158,1.0769682,13.651855,1.9898272,1
Germany,1997,13.276772,14.978659,52.32791,1.0047287,13.922668,2.0402143,1
Germany,1998,14.001439,14.5852585,55.8726,1.0242457,15.097382,2.2533405,1
Germany,1999,12.786186,12.868083,55.710506,0.9930025,12.499546,2.5285733,1
Germany,2000,13.00528,13.332973,54.017994,1.0342782,13.722106,3.3383632,1
Germany,2001,14.427026,10.653646,52.570976,0.97410625,15.42164,4.7782474,1
Germany,2002,13.501654,11.857616,53.48258,0.90422034,14.077066,3.205872,1
Germany,2003,13.894831,11.803911,55.07462,0.88580835,14.337735,3.944937,1
Germany,2004,14.981388,12.670209,55.31351,0.92859834,13.846434,1.3825798,1
Germany,2005,14.875564,12.480608,54.929127,1.0013392,14.524578,1.3729701,1
Germany,2006,14.369667,12.554117,55.11639,0.9284063,15.298074,2.0631251,1
Germany,2007,15.586676,13.157048,56.149094,0.9265527,15.916117,2.7693632,1
Germany,2008,17.093327,12.894425,54.452255,0.8418335,15.153003,2.7102933,1
Germany,2009,17.197435,12.846894,54.60186,0.7984524,14.6690035,2.5489058,1
Germany,2010,17.840002,12.860001,55.340004,0.7900001,14.510001,2.2300003,1
Germany,2011,18.04,13.61,54.45,0.9,14.72,2.26,1
Germany,2012,17.68,13.56,53.24,0.76,13.99,2.32,1
Germany,2013,17.86,13.34,52.48,0.74,12.83,2.51,1
Germany,2014,17.62,13.509999,49.619995,0.80999994,13.069999,2.58,1
Germany,2015,17.659998,14.169999,51.569996,0.80999994,12.909999,2.2699997,1
Germany,2016,17.909998,14.619998,45.959995,0.8099999,13.739998,2.4199998,1
Germany,2017,18.06,14.96,44.68,0.82,12.77,2.06,1
Germany,2018,18.210001,14.890001,45.600002,0.82000005,13.000001,1.7900001,1
Germany,2019,17.38,14.489999,46.72,0.8399999,13.189999,0.7799999,1
Germany,2020,18.11,14.73,44.06,0.95,13.17,0.83,1
Germany,2021,17.629997,14.039998,43.25999,0.70999986,13.149998,0.9499998,1
Ghana,1961,0.78242254,4.114963,1.0915277,1.1205063,16.595085,3.6609647,0
Ghana,1962,0.72016233,3.6397393,0.7298942,1.0997072,14.617349,3.571616,0
Ghana,1963,0.7932484,3.5255482,0.6267641,1.2535282,16.91284,3.4863756,0
Ghana,1964,0.90480334,3.196316,0.61959356,1.0523256,15.607857,3.6683874,0
Ghana,1965,0.9850879,3.2113864,0.4629913,0.96538615,14.667959,3.575869,0
Ghana,1966,0.9347591,3.0502663,0.5411763,0.87572163,17.258606,3.8669508,0
Ghana,1967,0.95133543,3.226694,0.6374928,1.0101808,17.51634,3.7759187,0
Ghana,1968,0.94728273,2.705127,0.8203273,1.0254091,12.851794,3.9160867,0
Ghana,1969,0.953671,3.1334903,0.8563576,1.0801784,18.742554,4.057967,0
Ghana,1970,1.038016,3.1140478,0.931304,1.1447277,27.7742,3.9483411,0
Ghana,1971,0.99812585,2.9556155,0.83338666,1.017507,33.61649,3.9537413,1
Ghana,1972,1.0959828,2.4344397,0.7274222,0.9311004,38.068428,3.947478,1
Ghana,1973,1.0963238,2.3090715,0.8537743,0.79556245,31.356802,3.8419845,1
Ghana,1974,1.0360215,2.7498138,0.9876092,0.8907848,30.780489,3.7277405,1
Ghana,1975,1.0015116,1.8874642,0.8859526,1.0304013,32.327637,3.938637,1
Ghana,1976,0.90615594,1.6596961,0.8584635,0.9347714,36.913933,3.805855,1
Ghana,1977,1.1389685,1.4872481,0.80951476,0.9601221,31.392227,4.433505,0
Ghana,1978,1.0945666,1.3728462,0.788459,0.92759883,27.939278,4.869894,0
Ghana,1979,0.98952734,1.3376944,0.8337684,0.8429307,23.198917,5.213343,0
Ghana,1980,0.89218134,1.3837914,0.82845414,0.84666187,20.10139,5.817386,0
Ghana,1981,0.7464822,1.4747574,0.782896,0.8375166,19.299295,6.1448226,0
Ghana,1982,0.6207815,1.7162782,0.75771856,0.785106,18.513895,6.600368,0
Ghana,1983,0.5039072,1.7590941,0.69630814,0.76960367,19.001883,7.320397,0
Ghana,1984,0.48906636,1.5779312,0.68284744,0.67361975,19.387331,6.893068,0
Ghana,1985,0.44714388,1.6208967,0.68003136,0.68934685,20.466148,6.5953727,0
Ghana,1986,0.42208585,1.5664076,0.7503749,0.63781863,23.533632,6.4438443,0
Ghana,1987,0.5652097,1.5072259,0.63115084,0.69709194,26.706158,6.292668,0
Ghana,1988,0.54763585,1.4162997,0.74591786,0.70814985,23.897696,6.1372986,0
Ghana,1989,0.74699306,1.5034417,0.8510047,0.77535987,24.688593,5.9759445,0
Ghana,1990,1.0322796,1.7520343,0.86181146,0.7102842,25.409231,5.9569163,0
Ghana,1991,1.2058347,2.9623656,0.85452855,0.7026124,22.597532,5.896247,0
Ghana,1992,1.1717209,3.019801,0.7144639,0.68588537,27.263945,5.9252872,0
Ghana,1993,0.9939701,2.570942,0.6976906,0.6690183,23.635462,6.4321337,0
Ghana,1994,1.0067543,2.310741,0.699934,0.6903459,20.135088,5.963821,0
Ghana,1995,1.1437426,2.1433158,0.6439559,0.6727897,21.087152,5.9686055,0
Ghana,1996,1.2219578,1.4240139,0.808224,0.67352,29.846561,5.4458904,0
Ghana,1997,1.2790335,1.3078839,0.8751282,0.73087627,32.889435,5.5873566,0
Ghana,1998,1.3250124,1.2097939,0.76812315,0.7201154,30.686518,5.1944323,0
Ghana,1999,1.8885571,1.4763339,0.72858036,0.7669267,31.252262,5.1959286,0
Ghana,2000,1.7996485,1.3497365,0.64136416,1.0625585,29.780355,5.2649293,0
Ghana,2001,1.6431296,1.2419002,0.6209501,1.0317326,27.12119,5.063132,0
Ghana,2002,2.4019628,1.2772342,0.66721183,1.0580074,25.773441,4.7086096,0
Ghana,2003,3.788269,1.2944839,0.7709794,1.1707464,21.11151,4.692504,0
Ghana,2004,3.4431102,1.341101,0.6943289,1.1318513,29.313995,4.7747,0
Ghana,2005,3.6120093,1.4257932,0.6653701,1.1311293,26.08251,4.5815487,0
Ghana,2006,3.8672647,1.3397648,0.98819536,1.1592293,29.151764,4.3328567,0
Ghana,2007,5.1592073,1.8717567,0.95963156,1.3111798,28.921967,3.9145365,0
Ghana,2008,4.987546,1.7575161,1.0355096,1.4630134,25.982738,4.275039,0
Ghana,2009,4.586326,1.1489555,0.9780364,1.6237304,23.776731,4.47238,0
Ghana,2010,5.8099995,1.2199999,0.79999995,1.4599999,21.899998,2.5099998,0
Ghana,2011,7.59,1.14,1.0,1.58,25.38,2.62,0
Ghana,2012,7.6,1.12,1.04,1.65,22.74,2.69,0
Ghana,2013,8.100004,1.0600004,1.1600006,1.7100009,23.780012,2.7400014,0
Ghana,2014,6.750001,1.1600001,0.8900001,1.7300003,21.360003,2.8400002,0
Ghana,2015,5.9999986,1.0999998,1.0499997,1.7399997,23.379993,2.8499992,0
Ghana,2016,5.2000003,1.0400001,0.98000014,1.7400001,24.360003,2.6500003,0
Ghana,2017,6.9299984,1.0499997,1.0699998,1.6499996,24.389994,2.7199996,0
Ghana,2018,8.739998,0.9899998,0.85999984,1.5299996,24.289995,2.7099993,0
Ghana,2019,7.0299993,1.4099997,1.0299999,1.6899998,24.579996,2.5399995,0
Ghana,2020,11.209999,1.5499998,1.19,1.7399999,24.079998,2.35,0
Ghana,2021,13.669998,1.5899998,1.5199997,1.7899997,23.599997,2.3299997,0
Greece,1961,1.4457829,5.065158,4.3275137,9.028767,15.962623,0.8556674,1
Greece,1962,2.0631294,6.426303,4.6000876,9.506189,15.665963,0.9871433,1
Greece,1963,2.7569594,8.796486,4.532124,10.12538,16.740099,0.9718778,1
Greece,1964,3.0710177,9.093404,4.5167894,10.95795,16.102901,0.95720035,1
Greece,1965,4.3225036,11.352839,5.5059266,12.606465,18.192625,0.952756,1
Greece,1966,5.216335,12.329519,5.831802,13.177048,18.090693,0.83743864,1
Greece,1967,6.191618,13.895615,5.288251,13.550509,17.519234,0.81201553,1
Greece,1968,5.5639787,15.262657,5.002476,13.404594,19.35652,0.81673086,1
Greece,1969,6.894073,16.537569,5.201332,14.239544,17.963575,0.9027953,1
Greece,1970,7.7280755,20.385242,6.441778,14.869598,15.116568,0.9672957,1
Greece,1971,9.620861,16.378124,7.632824,17.686316,15.657075,1.0094694,1
Greece,1972,10.604023,15.95751,8.843549,16.441383,13.682278,1.1221733,1
Greece,1973,12.072718,18.232477,11.229479,16.412315,16.885351,1.2751423,1
Greece,1974,11.465916,16.592701,12.318667,13.346079,14.507054,1.6849554,1
Greece,1975,12.586089,17.661623,12.051822,14.003951,14.990289,1.2534717,1
Greece,1976,13.050214,22.899626,13.070798,14.686637,15.901089,1.4305834,1
Greece,1977,12.409063,22.577888,14.515094,13.875025,15.299693,1.3627257,1
Greece,1978,12.324024,26.077223,15.648404,14.343508,16.352634,1.2841841,1
Greece,1979,13.502642,23.614067,17.08053,14.22859,16.93534,1.3896728,1
Greece,1980,14.018218,22.514109,16.038582,13.272239,16.577347,1.3883528,1
Greece,1981,14.242396,16.40096,17.981155,13.343856,17.970827,1.198055,1
Greece,1982,15.408735,20.80539,18.872875,13.496778,19.09902,1.1718451,1
Greece,1983,15.268131,22.769342,20.664097,13.898701,16.7091,1.11394,1
Greece,1984,15.224869,21.98922,21.420446,13.87403,17.357773,1.0664518,1
Greece,1985,14.4162035,21.35173,19.97876,13.820576,18.020254,1.1912549,1
Greece,1986,14.332125,22.040157,20.323917,13.729935,18.547455,0.9434312,1
Greece,1987,14.517873,22.190893,22.410406,13.989043,18.828335,0.76829976,1
Greece,1988,14.541156,21.776995,18.700026,14.154054,17.141691,0.9826447,1
Greece,1989,15.014515,23.040709,21.024277,14.895902,19.254955,1.4629022,1
Greece,1990,15.563639,20.20906,19.370714,14.57735,20.080843,1.1835468,1
Greece,1991,15.491466,20.05706,18.41029,14.209549,20.273998,1.5777432,1
Greece,1992,14.411233,21.443993,21.058771,14.61866,21.06865,1.2050517,1
Greece,1993,14.54893,19.926786,20.847853,14.212195,22.254217,1.2875159,1
Greece,1994,15.082402,19.461166,22.112253,14.1391325,24.793127,1.3503666,1
Greece,1995,16.672625,20.134483,27.46606,13.89717,22.114107,1.4424407,1
Greece,1996,15.324745,20.014774,23.728958,14.249325,24.067518,1.5334703,1
Greece,1997,12.11385,19.425993,28.690697,14.036526,25.014702,1.6138518,1
Greece,1998,13.069059,20.181337,26.337343,14.114984,22.870853,1.7930112,1
Greece,1999,12.388106,22.75468,31.637472,14.349889,22.844307,1.6132421,1
Greece,2000,13.238415,33.981915,35.683994,12.5814705,21.828453,1.662267,1
Greece,2001,16.043783,22.56872,35.35998,12.3934,22.111177,1.8898443,1
Greece,2002,15.172821,19.7038,30.92195,12.291276,20.727245,1.3910903,1
Greece,2003,20.563698,19.46154,27.6334,12.51099,21.228964,1.7078494,1
Greece,2004,17.046284,17.691599,26.686317,14.296242,20.00481,1.3104889,1
Greece,2005,18.073055,17.645819,28.89304,14.347162,21.04383,1.3810635,1
Greece,2006,14.181872,19.307251,31.827106,14.599864,22.014248,1.6918726,1
Greece,2007,13.789484,18.389305,28.77632,13.889263,21.233013,2.344811,1
Greece,2008,14.722459,18.305492,29.4249,13.6915865,22.10871,1.4512281,1
Greece,2009,15.037582,19.163382,30.024973,13.461548,21.42203,2.328918,1
Greece,2010,15.019996,20.429993,29.34999,13.129995,18.919994,2.799999,1
Greece,2011,13.460001,18.13,31.550001,13.460001,17.83,2.46,1
Greece,2012,15.070009,17.29001,27.730017,13.050008,15.80001,2.7600017,1
Greece,2013,16.050013,16.420013,28.790024,12.720011,16.890013,4.0600033,1
Greece,2014,15.069997,14.799997,27.769995,11.649997,17.499996,2.3999996,1
Greece,2015,14.919994,13.959994,27.829988,7.859997,17.709991,2.219999,1
Greece,2016,14.909997,14.359998,27.889996,7.7699986,20.279997,2.1099997,1
Greece,2017,15.140001,15.300001,28.290003,7.0000005,19.22,2.17,1
Greece,2018,27.619987,15.509993,28.799984,6.779997,19.71999,1.779999,1
Greece,2019,25.659985,14.93999,28.589983,8.359995,21.409986,2.0099988,1
Greece,2020,22.999996,14.459998,24.819996,7.559999,21.529997,1.7299998,1
Greece,2021,26.089981,14.50999,26.599981,7.579994,21.669985,2.0099986,1
Grenada,1961,2.592647,4.477339,2.382174,0.25830802,20.502003,1.7603213,1
Grenada,1962,2.5281303,4.7115154,2.403639,0.26813504,24.457747,1.6375389,1
Grenada,1963,2.7832818,5.009907,2.5241487,0.30712074,24.771208,1.9770898,1
Grenada,1964,2.9077127,5.536208,2.8499436,0.33698657,26.121273,2.2433677,1
Grenada,1965,4.390269,5.1155334,2.6399634,0.36746743,27.995216,1.9920602,1
Grenada,1966,5.4760866,6.3615,2.9353364,0.36571404,29.382238,2.5792465,1
Grenada,1967,4.7790294,5.6235166,3.435527,0.42224354,24.749231,2.658215,1
Grenada,1968,5.801102,5.964108,3.8737938,0.38354394,20.184,2.5697446,1
Grenada,1969,6.631076,8.943795,3.0804276,0.57578087,30.813871,3.7425756,1
Grenada,1970,8.152406,7.077468,4.8324647,0.5136872,29.850933,3.9763193,1
Grenada,1971,8.230973,6.886167,5.379222,0.60087055,34.497597,4.434997,1
Grenada,1972,8.936435,6.5922947,5.9416766,0.25833377,34.607155,4.066365,1
Grenada,1973,9.351801,4.378256,5.9240875,0.4704705,31.156668,3.7541623,1
Grenada,1974,9.429477,6.1877956,5.644338,0.29556498,30.595743,3.2893524,1
Grenada,1975,10.924095,6.351878,4.7994075,0.265056,31.380741,4.1651664,1
Grenada,1976,13.283231,6.853132,4.164523,0.51704013,34.604088,3.3372588,1
Grenada,1977,15.002024,4.287627,5.5019875,0.44837928,37.449013,2.2792616,1
Grenada,1978,18.324184,4.810911,5.7582335,0.7429979,34.948765,2.1918435,1
Grenada,1979,19.51742,4.811619,6.381234,0.6072917,27.216011,1.8218751,1
Grenada,1980,20.02235,4.118937,4.5223866,0.534805,27.040493,2.4582264,1
Grenada,1981,20.313738,8.656748,4.433478,0.64973384,19.769108,2.197629,1
Grenada,1982,19.688044,7.050709,4.931643,0.6549839,21.31587,1.3966568,1
Grenada,1983,21.020042,3.6956167,6.1202545,0.6941502,23.434902,1.9260225,1
Grenada,1984,20.538185,4.9673295,5.7247243,0.7082133,27.433428,2.1443126,1
Grenada,1985,20.945583,4.453546,5.467523,0.77539414,30.12108,1.9484264,1
Grenada,1986,21.108126,8.700909,5.856762,0.7234241,33.15859,1.9720739,1
Grenada,1987,20.682396,7.8026357,11.187386,1.0036176,35.43164,1.4070326,1
Grenada,1988,21.699734,6.484414,8.554326,0.93195057,33.49136,1.2949209,1
Grenada,1989,21.210627,5.5323563,8.20079,1.0067716,32.26556,2.1992583,1
Grenada,1990,20.582642,5.8724484,7.781479,0.9205984,33.10278,2.3547938,1
Grenada,1991,21.369038,6.5136604,7.879893,0.94289327,35.74335,4.089078,1
Grenada,1992,18.900093,5.6249137,5.2793555,0.85429573,31.820118,2.236527,1
Grenada,1993,25.499756,9.465309,4.5936003,0.9781779,29.987865,3.3660827,1
Grenada,1994,24.904936,10.898308,8.212106,1.0361068,23.36037,4.0005236,1
Grenada,1995,21.916887,13.355753,7.9654098,1.0473217,20.139322,4.3718476,1
Grenada,1996,25.957449,9.304228,10.941618,1.0691195,29.251493,3.5252047,1
Grenada,1997,24.837868,8.974546,7.692468,1.1864005,18.800621,4.008886,1
Grenada,1998,24.276743,10.1462145,9.746832,1.3407837,22.93596,4.9827704,1
Grenada,1999,25.051245,6.4471507,10.606603,1.3234619,21.71423,2.5051246,1
Grenada,2000,25.907747,7.9840283,11.126375,1.1771933,18.388899,2.5062826,1
Grenada,2001,26.760294,5.2821345,8.853953,1.2945482,32.382603,1.6252722,1
Grenada,2002,32.94274,8.763372,12.683332,1.2155645,33.206585,0.84806824,1
Grenada,2003,32.996414,6.7624826,11.180138,0.92855173,37.442204,1.2849655,1
Grenada,2004,31.662937,7.9086814,12.582421,1.3447579,36.22383,0.9403902,1
Grenada,2005,37.625057,8.126564,14.992109,1.3731092,34.57059,0.94342875,1
Grenada,2006,32.967495,9.390123,18.381258,1.2804713,35.53772,4.286795,1
Grenada,2007,31.449436,6.0032215,12.080902,1.2006444,37.424736,1.5264006,1
Grenada,2008,32.578293,6.036783,14.014952,1.0446501,36.87707,1.1740757,1
Grenada,2009,33.065865,6.216493,16.050856,1.4416387,33.736183,1.1753488,1
Grenada,2010,36.714207,4.9492188,10.058413,1.2098091,26.295849,0.029995264,1
Grenada,2011,37.82572,4.0695395,8.66902,1.2098632,27.726862,0.029996606,1
Grenada,2012,36.843643,4.079296,10.168246,1.1797965,25.755556,0.0399931,1
Grenada,2013,39.75524,3.7395525,9.308887,1.0498743,24.96701,0.019997606,1
Grenada,2014,38.714752,3.309551,9.21875,1.0598562,25.556534,0.30995798,1
Grenada,2015,41.445126,5.129397,11.528644,1.1698624,23.937185,0.23997177,1
Grenada,2016,40.108997,5.759856,14.109647,1.359966,26.069347,0.36999077,1
Grenada,2017,42.465084,4.7194533,14.93827,1.1198703,25.187084,0.58993167,1
Grenada,2018,43.315376,5.819379,17.698112,1.2098709,34.00637,0.36996052,1
Grenada,2019,43.58396,5.7592025,15.747819,1.1898352,31.005705,0.059991688,1
Grenada,2020,54.304733,5.609456,14.068635,1.3098729,30.777016,0.009999029,1
Grenada,2021,55.933716,6.3492866,14.978317,1.3198518,30.53657,0.02999663,1
Guatemala,1961,1.0984272,8.464943,2.8418021,0.81626236,0.52402025,0.19146895,0
Guatemala,1962,1.1157883,7.8909354,2.663819,0.90469325,0.41213804,0.18093866,0
Guatemala,1963,1.1431278,8.543377,2.5068593,0.79216754,0.44120723,0.18049388,0
Guatemala,1964,1.1703808,8.172659,2.2307258,0.81026363,0.510166,0.2000651,0
Guatemala,1965,1.1978582,7.7860785,2.1960735,0.9582866,0.6089113,0.19964305,0
Guatemala,1966,1.2352899,7.0829935,2.2912636,0.5578729,0.4482907,0.20920232,0
Guatemala,1967,1.2632685,7.3408833,2.327597,0.6266607,0.4476148,0.2088869,0
Guatemala,1968,1.2917163,8.048387,2.3548982,0.5464954,0.3974512,0.1987256,0
Guatemala,1969,1.340514,6.960743,2.2838385,0.5163461,0.43690825,0.18866491,0
Guatemala,1970,1.3904481,6.9025817,2.482943,0.566111,0.44692975,0.20856722,0
Guatemala,1971,1.4910781,6.809257,2.3956656,0.5467287,0.45726398,0.20875093,0
Guatemala,1972,1.732243,6.919016,2.2698355,0.5077264,0.5873697,0.18915296,0
Guatemala,1973,1.8542876,5.4133234,2.4325063,0.5383416,0.6081266,0.1694779,0
Guatemala,1974,1.9460766,4.730463,2.2055535,0.50897384,0.72853124,0.21955736,0
Guatemala,1975,2.0574296,6.012489,2.1972551,0.4893886,0.77902675,0.23970054,0
Guatemala,1976,2.253287,7.120387,1.8126441,0.49071583,0.68099344,0.18026297,0
Guatemala,1977,2.2278173,5.5193667,1.6156693,0.5117958,0.612148,0.19066904,0
Guatemala,1978,2.026145,5.48664,1.8957494,0.49149063,0.8927074,0.20060842,0
Guatemala,1979,2.315855,4.2707977,2.5664887,0.48121664,1.01256,0.22055763,0
Guatemala,1980,4.8491645,2.9656045,2.3945255,0.36068165,0.7514201,0.19035976,0
Guatemala,1981,5.108179,1.842951,2.4138653,0.27043304,0.8213151,0.21033679,0
Guatemala,1982,5.398492,2.669143,2.3380084,0.27092806,0.62213105,0.21072179,0
Guatemala,1983,5.5829067,2.5002587,2.2592697,0.060247194,0.39160675,0.22090638,0
Guatemala,1984,5.839081,2.3837073,2.053193,0.27042055,0.3405296,0.22034267,0
Guatemala,1985,6.0906277,2.7258058,2.0168965,0.30952373,0.37941617,0.219662,0
Guatemala,1986,6.229894,4.0802817,1.9107661,0.3085091,0.23884577,0.23884577,0
Guatemala,1987,6.375942,4.938133,1.7154558,0.277646,0.39663717,0.22806637,0
Guatemala,1988,6.596027,5.0161405,1.6490067,0.28635448,0.67145187,0.21723443,0
Guatemala,1989,6.6539345,5.464679,1.670855,0.27519965,0.54057074,0.21622829,0
Guatemala,1990,6.859705,5.088511,2.417043,0.27399677,0.91006064,0.21528317,0
Guatemala,1991,7.197616,2.7990727,2.4479697,0.26332742,0.6729478,0.22431596,0
Guatemala,1992,9.335727,2.625673,2.4798024,0.25284258,0.79742664,0.22366846,0
Guatemala,1993,8.997905,3.14151,2.569445,0.25209647,0.8047695,0.28118452,0
Guatemala,1994,9.557963,4.426235,2.5996885,0.27059954,0.81179863,0.27059954,0
Guatemala,1995,9.797968,4.7592883,2.8131826,0.2793914,1.0212237,0.2119521,0
Guatemala,1996,10.03986,4.976696,2.6612833,0.28822565,0.8166393,0.20175794,0
Guatemala,1997,11.930113,5.164924,2.9609678,0.2395605,1.1019783,0.2874726,0
Guatemala,1998,12.8666315,5.257539,3.19276,0.21030156,1.3765193,0.26765653,0
Guatemala,1999,12.418143,5.688865,3.302596,0.17181136,1.6131178,0.24817196,0
Guatemala,2000,11.962116,5.708975,3.398654,0.13365494,1.479751,0.23866953,0
Guatemala,2001,12.282682,5.840248,3.84252,0.1338191,1.5771537,0.29631373,0
Guatemala,2002,14.427627,5.562343,4.604969,0.14360611,2.8051062,0.3542284,0
Guatemala,2003,13.300432,5.4602785,5.402701,0.16313662,2.581397,0.23990679,0
Guatemala,2004,14.617459,5.1964636,5.254202,0.18283853,1.4723313,0.22133087,0
Guatemala,2005,14.887146,5.049272,5.474067,0.1930888,3.0797663,0.24136099,0
Guatemala,2006,13.884043,5.2707043,4.6409326,0.20346469,2.6644185,0.21315348,0
Guatemala,2007,16.23837,5.347966,4.70621,0.22364222,2.1197393,0.22364222,0
Guatemala,2008,15.903767,5.535565,4.7057185,0.23430963,1.972106,0.20502092,0
Guatemala,2009,16.118422,5.739061,4.944422,0.23544864,1.550037,0.20601757,0
Guatemala,2010,17.149992,10.899995,5.3999977,0.14999995,1.6499993,0.21999991,0
Guatemala,2011,17.31999,11.069994,5.389997,0.14999993,1.6299992,0.1899999,0
Guatemala,2012,17.470003,11.230001,5.090001,0.15000004,2.6500006,0.19000003,0
Guatemala,2013,17.639996,11.3099985,5.069999,0.14999998,2.6899996,0.19999997,0
Guatemala,2014,17.929996,11.579997,4.839999,0.18999995,3.0399992,0.19999996,0
Guatemala,2015,19.690006,12.150003,4.7000012,0.14000005,2.910001,0.20000006,0
Guatemala,2016,20.359995,12.239997,4.539999,0.13999997,3.3099992,0.19999996,0
Guatemala,2017,20.070004,11.740002,4.500001,0.14000003,3.3500004,0.17000003,0
Guatemala,2018,19.560003,11.3600025,4.840001,0.14000003,3.6200006,0.18000005,0
Guatemala,2019,25.630001,12.330001,4.2100005,0.13000001,3.5300004,0.17000002,0
Guatemala,2020,29.480007,12.050003,4.000001,0.13000003,3.480001,0.17000005,0
Guatemala,2021,25.379993,11.199998,5.209999,0.12999997,3.4299994,0.16999997,0
Guinea,1961,0.2537979,2.8323843,0.13197489,0.49744385,1.1167108,0.842609,0
Guinea,1962,0.24314119,2.8467782,0.16209413,0.51667506,1.0941354,0.8206015,0
Guinea,1963,0.25270006,2.8807807,0.19205205,0.5256161,1.0815563,0.80864024,0
Guinea,1964,0.26237458,2.9163947,0.21191794,0.53484046,1.3219643,0.7972151,0
Guinea,1965,0.27210084,2.952798,0.18140057,0.5442017,1.3000373,0.77599126,0
Guinea,1966,0.2719449,3.001466,0.18129662,0.5539619,1.2791482,0.83597875,0
Guinea,1967,0.27184242,2.8090382,0.20136476,0.53361654,1.5001674,0.8356637,0
Guinea,1968,0.2614487,2.9463258,0.2111701,0.5228974,1.4781908,0.824569,0
Guinea,1969,0.2706388,2.6261985,0.2205205,0.4811356,2.175134,0.81191635,0
Guinea,1970,0.2591759,2.581791,0.22927101,0.4784786,2.1332173,0.80743265,0
Guinea,1971,0.237426,2.532544,0.2176405,0.45506653,2.651257,0.80131274,0
Guinea,1972,0.26467597,2.4899147,0.2156619,0.4411266,3.51921,0.80383074,0
Guinea,1973,0.28124425,2.5699906,0.23275386,0.49460194,3.9762115,0.8146385,0
Guinea,1974,0.2972984,2.8962617,0.23975676,0.4891038,4.5266075,0.81517303,0
Guinea,1975,0.3128807,2.9676259,0.2559933,0.49302408,4.8638725,0.81538606,0
Guinea,1976,0.3280822,2.9246185,0.26246578,0.49681017,4.5087867,0.80614483,0
Guinea,1977,0.34282893,2.7611625,0.2594381,0.50034493,4.642089,0.7968456,0
Guinea,1978,0.35753933,2.7227995,0.26586255,0.49505448,4.5288315,0.7884201,0
Guinea,1979,0.36362877,2.5817642,0.2818123,0.49089885,5.754425,0.79998326,0
Guinea,1980,0.35254115,2.5310645,0.30734357,0.4881339,6.1830297,0.7864379,0
Guinea,1981,0.35194722,2.4365578,0.39706865,0.47828722,6.3079767,0.7941373,0
Guinea,1982,0.33445498,2.458696,0.37061226,0.4790841,6.8970037,0.77738184,0
Guinea,1983,0.33572808,2.5134237,0.372023,0.5534976,7.277133,0.7531197,0
Guinea,1984,0.32827222,2.5532284,0.3373909,0.55623907,7.723516,0.7386125,0
Guinea,1985,0.32059956,2.5647964,0.22899969,0.5221193,6.9890704,0.723639,0
Guinea,1986,0.37678993,1.6266297,0.22055995,0.34002995,8.372088,0.70762986,0
Guinea,1987,0.40539604,1.9348447,0.22112511,0.46067733,7.536681,0.691016,0
Guinea,1988,0.4260473,2.4729266,0.20376174,0.51866627,7.9281845,0.7502137,0
Guinea,1989,0.43112546,2.3618178,0.15932898,0.5623376,7.9851937,0.7310388,0
Guinea,1990,0.41686168,2.5959115,0.34106866,0.54949945,8.791991,0.67266315,0
Guinea,1991,0.41285783,2.8035927,0.16322286,0.5664793,9.937392,0.66249275,0
Guinea,1992,0.4238198,2.9174573,0.26611942,0.5716639,10.763052,0.6603704,0
Guinea,1993,0.6582931,3.1496794,0.20255174,0.5874,11.079579,0.7089311,0
Guinea,1994,0.5587302,3.2903,0.2793651,0.60011756,11.1228695,0.69323933,0
Guinea,1995,0.47221273,3.7147403,0.18888511,0.77652764,11.616433,0.68208504,0
Guinea,1996,0.4635877,3.6560214,0.18964952,0.8007424,10.767879,0.68484545,0
Guinea,1997,0.47600278,3.702244,0.20097896,0.8356494,10.567262,0.7087153,0
Guinea,1998,0.5396358,3.6716397,0.20104079,0.8782308,11.332352,0.6983523,0
Guinea,1999,0.5576251,3.7771213,0.19990335,0.915347,13.298835,0.6944012,0
Guinea,2000,0.60845584,3.8920193,0.20981237,0.94415563,10.85779,0.71336204,0
Guinea,2001,0.60032165,4.0337405,0.2106392,0.9900042,12.290796,0.65298146,0
Guinea,2002,0.6432965,4.049604,0.21091688,1.0334927,10.493114,0.6643881,0
Guinea,2003,0.7555181,4.2917624,0.23085274,1.0808105,13.462912,0.6820649,0
Guinea,2004,0.8688048,4.4277644,0.25122067,1.130493,9.9755535,0.6803893,0
Guinea,2005,0.94292057,4.5574493,0.2514455,1.2048429,9.974005,0.69147515,0
Guinea,2006,1.008189,4.893917,0.1995374,1.3442519,9.556791,0.4935925,0
Guinea,2007,1.104981,5.019771,0.21047258,1.389119,7.7874856,0.46303967,0
Guinea,2008,1.2129346,5.073231,0.1793034,1.4344271,8.84915,0.48517388,0
Guinea,2009,1.2156035,5.845467,0.15855698,1.4375832,12.156034,0.49681184,0
Guinea,2010,1.8100004,6.1000013,0.17000005,1.5000004,10.470003,0.5700001,0
Guinea,2011,1.8799998,6.2699995,0.17999999,1.5599998,11.109999,0.54999995,0
Guinea,2012,1.9899989,6.4499965,0.16999991,1.6299992,11.639995,0.5599997,0
Guinea,2013,2.0499992,6.649998,0.16999996,1.6999996,13.489996,0.53999984,0
Guinea,2014,2.0100014,6.840005,0.16000012,1.6800011,11.450008,0.5500004,0
Guinea,2015,2.0299995,7.0299983,0.16999996,1.7299995,11.379997,0.5599999,0
Guinea,2016,2.0899997,7.2699995,0.19999999,1.8299999,10.799999,0.56999993,0
Guinea,2017,2.1899998,7.4699993,0.20999998,1.8299999,11.509999,0.50999993,0
Guinea,2018,2.329998,7.679993,0.19999984,1.9399984,11.44999,0.5099996,0
Guinea,2019,2.6800008,8.870002,0.22000004,2.3400004,11.490003,0.5000001,0
Guinea,2020,5.1899977,9.159995,0.5899997,1.929999,11.199994,0.48999977,0
Guinea,2021,5.7600007,7.7200003,0.63000005,2.0600002,10.930001,0.48000002,0
Guinea-Bissau,1961,0.24221471,3.20384,8.862857,1.0349174,2.058825,0.0,0
Guinea-Bissau,1962,0.24146014,3.1938593,8.769393,1.0207179,1.8658284,0.0,0
Guinea-Bissau,1963,0.2407491,3.2172835,8.743569,1.0177121,2.024481,0.0,0
Guinea-Bissau,1964,0.26662603,3.166184,8.876425,1.0220665,1.8663821,0.0,0
Guinea-Bissau,1965,0.27380043,3.2399716,9.081048,1.0495683,2.0877283,0.0,0
Guinea-Bissau,1966,0.3133684,3.2729585,9.226958,1.0561676,1.7641479,0.0,0
Guinea-Bissau,1967,0.38214964,3.3814452,9.333715,1.0538065,1.829686,0.011580291,0
Guinea-Bissau,1968,0.45725256,3.3036497,9.156483,1.0402496,2.7435153,0.03429394,0
Guinea-Bissau,1969,0.5494934,3.3541992,9.2498045,1.0303,2.896288,0.011447778,0
Guinea-Bissau,1970,0.7041654,3.3707588,9.512004,1.0273888,3.890225,0.011543694,0
Guinea-Bissau,1971,0.6701833,3.456735,9.817597,1.0464265,3.8682508,0.011757601,0
Guinea-Bissau,1972,0.8324622,3.5470128,9.760318,1.0978849,4.36741,0.012064669,0
Guinea-Bissau,1973,1.0073059,3.4518652,9.753669,1.130148,4.6434345,0.012284217,0
Guinea-Bissau,1974,0.7209683,3.2993467,9.665864,1.1242218,3.2015882,0.0,0
Guinea-Bissau,1975,0.43638957,3.4557335,9.234946,1.096871,2.830635,0.0,0
Guinea-Bissau,1976,0.38266823,3.1063657,9.240313,1.09173,4.5920186,0.0,0
Guinea-Bissau,1977,0.3736301,3.0530918,9.362103,1.0781897,3.0957925,0.0,0
Guinea-Bissau,1978,0.35337824,2.9582808,9.086869,1.0803279,3.4833,0.0,0
Guinea-Bissau,1979,0.35403875,2.8716476,9.224676,1.1014539,1.5538367,0.0,0
Guinea-Bissau,1980,0.38368237,2.6857767,9.464165,1.1412091,4.338562,0.0,0
Guinea-Bissau,1981,0.40370902,2.786577,9.620091,1.1422011,1.5656034,0.0,0
Guinea-Bissau,1982,0.42517287,2.8476696,9.600997,1.1568656,3.134414,0.0,0
Guinea-Bissau,1983,0.45820567,3.0281417,9.63228,1.1554751,1.8826276,0.0,0
Guinea-Bissau,1984,0.5021344,3.0328915,9.570681,1.1448663,1.5867445,0.0,0
Guinea-Bissau,1985,0.566165,2.9319258,9.604585,1.1424401,2.2848802,0.07077062,0
Guinea-Bissau,1986,0.62125194,2.8822014,9.59376,1.1508437,4.022861,0.0101844575,0
Guinea-Bissau,1987,0.6460042,3.0454485,9.618285,1.158706,4.8296504,0.0,0
Guinea-Bissau,1988,0.6809347,3.2086468,9.460866,1.17616,4.8078117,0.0,0
Guinea-Bissau,1989,0.70608246,3.4265766,9.314059,1.173343,5.233317,0.0,0
Guinea-Bissau,1990,0.78346723,3.593503,9.213574,1.1908702,4.1262608,0.0,0
Guinea-Bissau,1991,0.7750983,3.8964403,9.049797,1.215019,3.5088909,0.0,0
Guinea-Bissau,1992,0.83291787,4.2582927,9.026748,1.2701998,5.4243774,0.0,0
Guinea-Bissau,1993,0.84501123,4.091091,9.099328,1.288127,4.6269517,0.0,0
Guinea-Bissau,1994,0.6849892,3.9872508,9.0684395,1.2881887,4.6211214,0.0,0
Guinea-Bissau,1995,0.68365574,3.7550046,8.969155,1.275477,5.0610933,0.0,0
Guinea-Bissau,1996,0.7864651,4.0548916,8.947318,1.286943,5.260124,0.0,0
Guinea-Bissau,1997,1.0151653,4.0606613,8.910895,1.3022828,5.660316,0.0,0
Guinea-Bissau,1998,0.9977924,4.0837483,8.877266,1.3166745,4.7215123,0.0,0
Guinea-Bissau,1999,1.2186546,4.089722,8.850738,1.3219304,4.2033257,0.0,0
Guinea-Bissau,2000,1.3134853,4.1059346,8.718647,1.3031429,3.2371726,0.0,0
Guinea-Bissau,2001,1.4910887,4.0383654,8.615179,1.2736382,3.0235965,0.0,0
Guinea-Bissau,2002,1.4286425,3.519844,8.416568,1.2422979,3.2092693,0.0,0
Guinea-Bissau,2003,1.4999583,3.9412694,8.565278,1.2723783,1.8309834,0.0,0
Guinea-Bissau,2004,1.6832292,3.8311536,8.364513,1.2391872,1.1255951,0.0,0
Guinea-Bissau,2005,1.4429077,3.813399,8.41009,1.2470846,1.7417958,0.0,0
Guinea-Bissau,2006,1.5926452,3.7915232,8.435882,1.2946664,1.346042,0.0,0
Guinea-Bissau,2007,1.606178,3.7647994,8.429876,1.3504173,1.4936433,0.0,0
Guinea-Bissau,2008,1.7631986,4.4742436,8.449084,1.416674,2.7110453,0.0,0
Guinea-Bissau,2009,1.777264,4.0318503,8.44962,1.4725902,1.7366408,0.0,0
Guinea-Bissau,2010,2.069992,4.0699844,8.739966,1.4999943,0.9899962,0.0,0
Guinea-Bissau,2011,2.239993,4.0599875,9.359971,1.4799955,1.4499955,0.0,0
Guinea-Bissau,2012,2.05,4.07,9.24,1.46,2.01,0.01,0
Guinea-Bissau,2013,2.189991,3.9599838,9.59996,1.3999943,1.3099946,0.0,0
Guinea-Bissau,2014,2.5699883,3.969982,8.85996,1.4099935,0.99999547,0.0,0
Guinea-Bissau,2015,3.0399814,3.8999763,8.619947,1.3999914,1.0599935,0.0,0
Guinea-Bissau,2016,3.1799932,3.9499915,8.299982,1.449997,1.2899972,0.0,0
Guinea-Bissau,2017,3.6399903,3.9099896,8.169978,1.4199961,1.2099968,0.0,0
Guinea-Bissau,2018,3.2199934,3.879992,8.039983,1.409997,1.2099975,0.0,0
Guinea-Bissau,2019,3.05,3.66,7.16,1.28,1.18,0.0,0
Guinea-Bissau,2020,2.9499867,3.6599836,7.0399685,1.1299949,1.1499949,0.0,0
Guinea-Bissau,2021,3.0199852,3.6599822,6.919966,1.0899947,1.1299945,0.0,0
Guyana,1961,3.1412098,8.4254875,2.250711,0.51864207,24.767607,0.5969277,1
Guyana,1962,3.2201307,8.074796,2.1434913,0.59704554,21.757904,0.6264084,1
Guyana,1963,3.252023,8.394529,2.2137265,0.626896,23.293106,0.6464865,1
Guyana,1964,4.0620975,7.9868298,2.3744628,0.6966399,24.617882,0.67701626,1
Guyana,1965,4.258776,9.1583395,2.2969787,0.7492291,24.231646,0.66050464,1
Guyana,1966,4.662811,9.385147,2.827449,0.72422385,24.5244,0.68454033,1
Guyana,1967,4.5963097,8.882194,2.5835466,0.710976,25.855494,0.9212647,1
Guyana,1968,6.112706,8.9821415,2.5562224,0.8183953,26.90601,0.90932816,1
Guyana,1969,7.9251304,8.71866,2.1466012,0.76300997,28.536572,0.6002345,1
Guyana,1970,8.597621,9.405246,2.0241725,0.7565089,29.708307,0.5520471,1
Guyana,1971,9.26418,9.233503,2.4234111,0.756677,22.89459,0.50104284,1
Guyana,1972,10.66284,8.634251,2.3242137,0.73396224,17.737421,0.1529088,0
Guyana,1973,12.054975,7.8575315,2.0480275,0.76040626,18.635021,0.0608325,1
Guyana,1974,12.667091,6.656274,1.6338128,0.7160537,24.426508,0.040341053,1
Guyana,1975,13.290454,7.765322,2.0995502,0.7333358,21.628382,0.06027417,1
Guyana,1976,13.726216,7.674658,3.0858939,0.7514352,23.07407,0.030057408,1
Guyana,1977,14.45053,4.7500353,3.2568808,0.7716302,37.44912,0.040084686,1
Guyana,1978,13.273772,4.317733,2.203947,0.79141736,38.909683,0.030053822,1
Guyana,1979,13.168666,2.291508,2.3415408,0.8105334,39.546024,0.010006585,1
Guyana,1980,13.239774,2.925531,1.8172239,0.8387187,38.07184,0.009984747,1
Guyana,1981,13.217014,2.6772418,1.7516526,0.85592115,39.601284,0.0,1
Guyana,1982,9.000924,2.9111898,1.4654969,0.8812785,39.409985,0.0,1
Guyana,1983,4.8811307,2.844046,1.1710778,0.91521204,42.3753,0.0,1
Guyana,1984,5.3598657,2.0735245,1.3790895,0.919393,45.37302,0.0,1
Guyana,1985,3.7274938,2.160584,1.3917274,0.9440389,46.043797,0.0,1
Guyana,1986,4.052079,2.1811433,1.4153197,0.95000905,44.708588,0.0,1
Guyana,1987,4.8091564,2.3900638,1.4611322,0.9676372,44.182312,0.0,1
Guyana,1988,5.547356,2.7640135,1.4496576,0.9857671,43.905296,0.0,1
Guyana,1989,3.190828,3.239174,1.3536847,1.0055943,42.312313,0.0,1
Guyana,1990,4.3473372,2.940275,1.2032808,1.028611,44.37583,0.0,1
Guyana,1991,6.0436068,4.061459,1.2048348,1.0396559,47.377213,0.0,1
Guyana,1992,15.032598,5.6384373,0.8928334,1.0481088,48.71765,0.0,1
Guyana,1993,16.73387,5.1354666,1.715052,1.0464724,52.56586,0.0,1
Guyana,1994,16.940416,6.14078,0.8136049,1.0363778,56.400253,0.0,1
Guyana,1995,17.984467,5.0554075,0.9587842,1.0362618,57.02345,0.0,1
Guyana,1996,20.205938,3.8510597,0.78573257,1.0379431,57.174168,0.0,1
Guyana,1997,22.723225,2.8476925,1.671683,1.0399423,57.56615,0.058314517,1
Guyana,1998,23.260452,3.1404047,1.6677306,1.024045,49.573536,0.00975281,1
Guyana,1999,26.950928,2.541618,1.5933992,1.0361981,51.25271,0.3421409,1
Guyana,2000,30.551617,2.8326652,1.9505203,1.0389706,41.000134,0.029404828,1
Guyana,2001,25.152668,2.923813,1.811386,1.0238268,37.103878,0.009844488,1
Guyana,2002,27.044163,2.5088449,1.7877989,1.0371208,34.73861,0.0,1
Guyana,2003,32.23913,2.7163348,1.2193766,1.0211039,40.130375,0.00991363,1
Guyana,2004,32.91097,2.638054,1.1746805,1.0353117,37.778923,0.00995492,1
Guyana,2005,31.032482,2.9149299,0.9616263,1.0317448,33.486633,0.0,1
Guyana,2006,28.506836,3.1169894,1.0692585,1.0289091,25.71264,0.0,1
Guyana,2007,33.424805,3.3892994,2.157752,1.0890542,23.307795,0.010178076,1
Guyana,2008,32.2785,3.086882,1.728654,1.0906984,18.922586,0.0,0
Guyana,2009,36.437275,3.1291356,2.640533,1.1019547,25.521687,0.0,1
Guyana,2010,31.9297,3.3299687,1.1099896,1.0999898,31.819702,0.12999877,1
Guyana,2011,34.57977,3.2199783,1.0399929,1.1099925,31.349789,0.12999912,1
Guyana,2012,40.82,2.71,2.42,1.13,32.61,0.13,1
Guyana,2013,38.70979,3.4099817,2.449987,1.119994,25.689863,0.1299993,1
Guyana,2014,39.709682,3.8499691,3.5699713,1.1199911,26.979784,0.119999036,1
Guyana,2015,42.309273,3.3599422,3.4099414,1.109981,24.759575,0.14999743,1
Guyana,2016,43.819595,3.0999715,3.929964,1.1199898,24.069778,0.08999918,1
Guyana,2017,40.859196,3.1099389,4.2499166,1.119978,24.699516,0.039999213,1
Guyana,2018,54.09945,3.1399682,4.209957,1.089989,26.529732,0.17999817,1
Guyana,2019,49.379322,4.1899424,5.449925,1.0699853,25.619648,0.04999931,1
Guyana,2020,54.379524,4.4199615,5.6399503,1.0599906,25.669775,0.12999886,1
Guyana,2021,61.709923,3.5399957,5.8899927,1.0499986,25.42997,0.21999973,1
Haiti,1961,0.5957826,3.4158201,4.3293533,0.87381446,1.1717057,0.8440253,0
Haiti,1962,0.5965168,3.1615388,4.3346887,0.8649493,1.0240204,0.8351234,0
Haiti,1963,0.5977783,3.178188,4.3139668,0.86677855,1.2154826,0.8368896,0
Haiti,1964,0.59909165,3.165201,4.3434143,0.84871316,1.2980318,0.858698,0
Haiti,1965,0.6000907,3.44052,4.3406563,0.7901194,1.3001964,0.86013,0
Haiti,1966,0.6012458,3.467184,4.3890944,0.801661,1.7937165,0.85176486,0
Haiti,1967,0.6726117,3.684306,4.8488274,0.8834303,1.4857692,0.90350825,0
Haiti,1968,0.6837646,3.7305388,4.9170713,0.8748164,1.447972,0.9653146,0
Haiti,1969,0.70462215,3.7848275,5.002817,0.8858107,1.5300367,1.0066031,0
Haiti,1970,0.7148816,3.866402,5.1954775,0.88605046,1.1579068,1.0471505,0
Haiti,1971,0.74490213,3.9359016,5.314977,0.8858295,0.97642577,1.0972207,0
Haiti,1972,0.7643663,3.8821762,5.410909,0.8649409,1.4080433,1.1566069,0
Haiti,1973,0.79388344,3.9091222,5.4365935,0.86422753,1.4671769,1.1958498,0
Haiti,1974,0.83352035,3.926584,5.603667,0.7933507,1.5264469,1.2251745,0
Haiti,1975,0.843186,4.0151715,5.771809,0.74280673,1.7365618,1.274817,0
Haiti,1976,0.853198,4.0551996,5.8418965,0.76285934,1.997487,1.3249663,0
Haiti,1977,0.86341894,3.9556637,5.34115,0.7128226,2.0782292,1.2750489,0
Haiti,1978,0.8740589,4.3401546,5.837106,0.5927526,2.7628298,1.3261584,0
Haiti,1979,0.9857656,3.8122973,5.311064,0.6538241,2.7661788,1.3478836,0
Haiti,1980,1.0382667,4.26395,3.9313014,0.6451366,3.5583315,1.3709153,0
Haiti,1981,1.1118019,4.507851,2.7087538,0.6569738,3.0625088,1.3442695,0
Haiti,1982,1.1253566,4.9475136,2.950259,0.6589925,3.4267614,1.3484002,0
Haiti,1983,1.312209,5.075909,2.8176892,0.64084625,3.366986,1.3427256,0
Haiti,1984,1.4490191,5.1429973,2.8776295,0.65307903,4.571553,1.3367711,0
Haiti,1985,1.3298606,5.0636997,2.9154634,0.6444709,4.3373914,1.3094012,0
Haiti,1986,1.3119032,4.796646,3.1567671,0.6252039,4.3661785,1.301654,0
Haiti,1987,1.3131683,4.4627204,2.8417783,0.61554766,4.103651,1.2618726,0
Haiti,1988,1.2009945,4.2188783,2.4943733,0.6056297,3.4592745,1.2523191,0
Haiti,1989,1.067722,4.0039577,2.20731,0.5954603,3.7370272,1.231987,0
Haiti,1990,0.97533184,3.4803948,2.0738635,0.6878657,3.5727947,1.1395984,0
Haiti,1991,0.9035299,3.542248,2.2998943,0.6263105,2.3614986,1.0164711,0
Haiti,1992,0.8729105,3.7483804,2.5981925,0.56482446,2.3517234,0.97560585,0
Haiti,1993,0.8319491,3.9235132,2.7423508,0.58544564,2.598557,0.9962848,0
Haiti,1994,1.1712033,3.7190838,2.866366,0.5547805,2.362954,0.965729,0
Haiti,1995,1.6647472,3.298666,3.1547987,0.5035347,2.6820927,0.9043071,0
Haiti,1996,1.9426333,3.8030388,3.4535701,0.575595,2.4565575,0.9456204,0
Haiti,1997,2.5080729,3.7312722,3.4845767,0.6681341,2.6211417,0.9456668,0
Haiti,1998,3.3921518,3.9780688,3.7210877,0.7503851,2.9604235,0.9456908,0
Haiti,1999,5.013196,3.8215346,3.759897,0.7293789,3.194885,0.95538366,0
Haiti,2000,2.8729374,4.8224306,3.847684,0.8618812,2.4009547,0.94396514,0
Haiti,2001,2.9709597,4.76378,4.517907,0.85030913,2.8172894,0.9425113,0
Haiti,2002,3.815462,4.869062,4.7258534,0.8387879,2.20949,0.93085,0
Haiti,2003,4.2161183,4.8388376,4.849046,0.82689005,2.7869256,0.9187667,0
Haiti,2004,2.873025,4.7781873,4.2993493,0.7539144,3.1277258,0.9067349,0
Haiti,2005,3.3438346,4.827725,4.5329795,0.8029269,3.1913803,0.93505406,0
Haiti,2006,3.232243,4.792636,4.113764,0.719402,4.286015,0.9321829,0
Haiti,2007,3.3932288,4.706085,4.5041075,0.8079117,4.534404,1.0199884,0
Haiti,2008,3.3920844,4.6200795,4.5798173,0.85557026,4.5496206,1.0367498,0
Haiti,2009,4.094404,4.535958,4.254969,0.7526479,4.957441,0.9934952,0
Haiti,2010,5.989998,4.7399983,3.9899988,0.60999984,3.909999,0.45999986,0
Haiti,2011,7.679993,4.7599964,4.289996,0.62999946,5.049996,0.4399996,0
Haiti,2012,8.059999,4.7799997,4.1799994,0.6399999,3.5799997,0.39999998,0
Haiti,2013,7.6200037,4.6900024,4.140002,0.6500003,4.9400024,0.4100002,0
Haiti,2014,8.449999,4.4899993,5.5699997,0.66999996,5.4399996,0.42999998,0
Haiti,2015,8.759998,4.439999,5.089999,0.6899999,5.8299985,0.4099999,0
Haiti,2016,9.980004,4.4100018,5.0100026,0.7400003,4.6800017,0.40000018,0
Haiti,2017,9.069995,4.3899975,4.529998,0.69999963,6.559996,0.40999976,0
Haiti,2018,10.189993,4.5099974,4.9599967,0.6799996,6.099996,0.39999974,0
Haiti,2019,9.819999,4.35,3.9999998,0.54,5.0999994,0.38999996,0
Haiti,2020,10.939996,4.3099985,4.719998,0.6099998,5.039998,0.39999986,0
Haiti,2021,12.189995,4.2999983,4.0599985,0.6099998,4.969998,0.37999985,0
Honduras,1961,1.198898,7.0000167,3.6450365,0.09668532,1.3826,0.0,0
Honduras,1962,1.2040502,6.4183645,3.660701,0.08739074,1.0389788,0.0,0
Honduras,1963,1.3064858,6.1034336,3.7732089,0.07799915,1.0334886,0.0,0
Honduras,1964,1.6625024,6.004567,3.774858,0.0782354,1.6233846,0.0,0
Honduras,1965,1.7034636,5.4726214,3.798528,0.06853014,1.5566132,0.0,0
Honduras,1966,1.8874671,5.0756245,3.6184607,0.048898116,0.60633665,0.0,0
Honduras,1967,1.84437,6.3235545,3.6497056,0.06831,1.6687157,0.0,0
Honduras,1968,1.829118,7.2580957,3.6290479,0.06810546,2.5101724,0.0,0
Honduras,1969,1.7942655,5.8483357,3.734012,0.06789113,1.7651693,0.0,0
Honduras,1970,1.7696593,5.5700755,3.7810755,0.067691885,1.4698809,0.0,0
Honduras,1971,1.7459277,6.7714987,3.6461916,0.057876058,1.080353,0.0,0
Honduras,1972,1.7227684,6.1211214,3.638025,0.057746425,1.2222993,0.0,0
Honduras,1973,1.6914184,6.275547,3.1617992,0.05766199,0.76882654,0.0,0
Honduras,1974,1.6731281,6.5771246,2.846241,0.038462713,1.1442659,0.0,0
Honduras,1975,1.9811878,6.1262946,2.6928766,0.0577045,1.0290637,0.0,0
Honduras,1976,1.7875943,5.3916154,2.8543844,0.05766433,1.0860116,0.0,0
Honduras,1977,2.0565915,6.285097,2.5467138,0.05766144,1.5184181,0.0,0
Honduras,1978,2.3167503,7.892332,2.7012732,0.057678428,1.4515738,0.0,0
Honduras,1979,2.279577,6.7136917,2.7220268,0.048092347,1.9333123,0.0,0
Honduras,1980,2.290549,8.296021,2.8295016,0.048120774,1.5302407,0.0,0
Honduras,1981,2.4745169,8.540454,3.331451,0.048142355,1.184302,0.0,0
Honduras,1982,2.9763863,6.790785,2.7355783,0.048161592,1.300363,0.0,0
Honduras,1983,3.2190933,4.578052,2.168551,0.048190024,1.6095467,0.0,0
Honduras,1984,3.1252608,5.6428323,2.749072,0.03858347,1.5336928,0.0,0
Honduras,1985,3.9987545,5.93052,2.4050481,0.04829414,2.1346009,0.0,0
Honduras,1986,3.6741285,3.7321413,2.4752023,0.0483438,2.736259,0.009668759,0
Honduras,1987,3.4855156,7.5906787,2.449543,0.048409943,2.1784472,0.0,0
Honduras,1988,4.3720803,7.047677,2.4817128,0.038776763,2.3459945,0.0,0
Honduras,1989,4.152234,7.0141706,2.6291013,0.048507404,1.8626842,0.0,0
Honduras,1990,5.5704827,6.133354,2.6299667,0.038818695,2.1544378,0.0,0
Honduras,1991,6.0443163,5.2681603,2.5613155,0.048509765,2.5807195,0.0,0
Honduras,1992,6.6788774,6.2038918,2.500944,0.048467904,3.5575442,0.0,0
Honduras,1993,7.3554945,4.442332,2.4873185,0.029034847,3.358364,0.009678283,0
Honduras,1994,8.330874,9.479628,1.4093949,0.048266947,1.8148371,0.0,0
Honduras,1995,8.792762,9.841351,1.6354152,0.038480356,3.2034895,0.16354151,0
Honduras,1996,9.270949,10.276579,1.6090077,0.03830971,4.194913,0.16281626,0
Honduras,1997,10.16444,10.031074,1.7147135,0.04763093,4.3629932,0.076209486,0
Honduras,1998,9.886822,8.768274,1.8768847,0.03791686,2.7584517,0.0,0
Honduras,1999,11.342135,8.259111,2.611614,0.037712835,3.8372812,0.037712835,0
Honduras,2000,12.834115,8.168868,2.4825113,0.037471868,2.7635503,0.06557577,0
Honduras,2001,10.900214,8.126291,2.9880178,0.04654233,3.27658,0.10239313,0
Honduras,2002,15.786773,7.939655,2.5077465,0.037014708,1.8507354,0.074029416,0
Honduras,2003,17.108654,8.595741,2.7057257,0.036812592,2.6781163,0.073625185,0
Honduras,2004,18.499912,8.563079,2.3262265,0.027475117,2.317068,0.073266976,0
Honduras,2005,19.745003,8.855612,3.3561947,0.027360281,4.6786084,0.054720562,0
Honduras,2006,17.626108,9.230992,4.2793283,0.03634249,4.270242,0.0,0
Honduras,2007,18.18852,9.438465,4.6920586,0.027174084,4.3569117,0.0,0
Honduras,2008,18.734789,9.2002,4.9164133,0.036150098,3.0456457,0.009037524,0
Honduras,2009,18.915712,6.9038744,4.728928,0.027074017,2.0576253,0.018049344,0
Honduras,2010,17.349987,7.0199947,4.949996,0.029999977,3.0699975,0.06999995,0
Honduras,2011,18.809978,6.9099917,4.6999946,0.029999964,4.829994,0.06999992,0
Honduras,2012,18.74,6.09,4.41,0.03,3.24,0.06,0
Honduras,2013,18.090014,6.5200043,5.280004,0.03000002,2.0200014,0.06000004,0
Honduras,2014,18.389997,6.689999,4.2999997,0.029999996,1.4699998,0.11999998,0
Honduras,2015,20.32,7.01,5.06,0.03,2.03,0.06,0
Honduras,2016,21.300003,7.0900016,5.4700007,0.030000005,2.4700005,0.06000001,0
Honduras,2017,21.159988,6.7599964,5.469997,0.029999983,2.9699984,0.059999965,0
Honduras,2018,22.55999,6.479997,6.0099974,0.029999986,3.5899982,0.04999998,0
Honduras,2019,22.729996,6.3599987,6.149999,0.029999994,4.689999,0.04999999,0
Honduras,2020,20.229996,6.3099985,6.8399987,0.029999992,4.619999,0.04999999,0
Honduras,2021,23.690008,6.5800023,8.4000025,0.03000001,4.5500016,0.05000002,0
Hong Kong,1961,8.088055,6.4105325,18.482702,0.19970505,32.13254,5.6216974,1
Hong Kong,1962,8.105301,7.677634,25.11014,0.26474598,33.89767,2.3521662,1
Hong Kong,1963,8.199092,7.285775,28.593033,0.28022212,33.554005,1.9200405,1
Hong Kong,1964,9.366894,9.408945,30.739391,0.30487084,38.329624,0.11564066,1
Hong Kong,1965,9.193539,10.797921,31.929338,0.26387882,38.082996,0.12666184,1
Hong Kong,1966,9.405806,10.434565,35.25078,0.35691673,40.33159,0.5038824,1
Hong Kong,1967,10.516861,10.516861,31.892845,0.32152137,38.613678,0.9023342,1
Hong Kong,1968,11.957245,10.200929,34.84041,0.36760104,47.369476,1.0415362,1
Hong Kong,1969,12.477223,10.421203,33.420414,0.3426701,46.613213,1.4513087,1
Hong Kong,1970,14.260535,12.068916,33.69489,0.4303179,53.379433,1.2509241,1
Hong Kong,1971,15.512466,10.828896,39.367855,0.46736276,53.348965,1.6208539,1
Hong Kong,1972,16.386967,11.3812065,42.16466,0.41386205,52.846245,1.5766174,1
Hong Kong,1973,16.034634,12.224326,40.32656,0.3820102,49.240135,1.0872598,1
Hong Kong,1974,15.880388,11.033205,37.516804,0.35181168,50.289524,1.2313409,1
Hong Kong,1975,15.399731,12.063449,36.20991,0.43048805,49.144123,1.2229774,1
Hong Kong,1976,17.289152,12.782362,37.97316,0.43296686,47.380352,1.3776218,1
Hong Kong,1977,20.190956,12.801841,39.239777,0.4866487,43.917564,1.6585782,1
Hong Kong,1978,20.47786,12.276677,37.95431,0.4617557,44.208088,5.209809,1
Hong Kong,1979,21.378252,11.129237,39.539146,0.5362268,48.806763,4.5933394,1
Hong Kong,1980,23.876442,11.440795,43.083168,0.77151763,48.656372,5.2381988,1
Hong Kong,1981,24.005999,11.952269,45.42471,0.52760434,44.470963,5.4383836,1
Hong Kong,1982,25.512943,12.802012,47.797554,0.5566093,48.910778,4.8070803,1
Hong Kong,1983,23.76459,14.002873,48.0631,0.64473665,50.229015,5.973888,1
Hong Kong,1984,23.301529,13.772277,47.194874,0.7422786,49.130817,4.864934,1
Hong Kong,1985,26.22605,14.158665,48.00938,0.41025108,48.22952,5.013068,1
Hong Kong,1986,27.191273,14.324866,49.158062,0.55940896,53.183815,5.6640162,1
Hong Kong,1987,29.23888,13.8962,47.903484,0.63844705,53.529797,5.4268003,1
Hong Kong,1988,27.061161,15.901919,54.012722,0.48821682,54.740063,2.4809384,1
Hong Kong,1989,30.422064,13.519812,51.442932,0.48746932,51.03505,2.3478112,1
Hong Kong,1990,33.571735,14.558006,51.43432,0.58549577,58.916756,2.3618307,1
Hong Kong,1991,35.74823,14.591922,47.700554,0.52396464,66.751114,2.1650615,1
Hong Kong,1992,44.324947,14.374861,44.551247,0.48211378,66.472664,2.4892812,1
Hong Kong,1993,43.77404,14.378978,40.98058,0.5292876,61.47577,2.4406037,1
Hong Kong,1994,48.048588,15.656941,49.518265,0.4115091,61.53041,2.5474372,1
Hong Kong,1995,54.986305,14.27794,48.334415,0.42312294,59.256893,2.450177,1
Hong Kong,1996,55.28507,13.791544,45.89255,0.40621644,58.22766,2.2292366,1
Hong Kong,1997,52.536304,11.571566,48.602573,0.44928426,64.05795,2.326294,1
Hong Kong,1998,51.99241,11.631074,52.49592,0.59414136,59.22281,2.2456532,1
Hong Kong,1999,54.010303,12.772708,52.114674,0.729869,54.740177,2.2909777,1
Hong Kong,2000,53.705643,13.119246,54.030575,0.91387933,63.748158,2.081614,1
Hong Kong,2001,46.537495,12.880915,55.344357,0.6992786,67.66787,1.9154153,1
Hong Kong,2002,45.081898,12.181296,53.670372,0.87802225,68.55638,1.8367822,1
Hong Kong,2003,45.605602,13.419902,56.42778,0.8124156,65.043396,1.69504,1
Hong Kong,2004,47.269802,14.859072,61.57041,0.8376926,68.391624,1.7751106,1
Hong Kong,2005,53.04335,16.236137,58.531624,1.0240797,67.68869,2.097872,1
Hong Kong,2006,51.033733,17.812162,62.282997,1.191449,68.71682,1.8864609,1
Hong Kong,2007,53.972828,18.324413,60.757812,1.1291801,63.68972,2.0800683,1
Hong Kong,2008,52.60585,20.09162,60.35392,1.1365156,63.63499,2.2137349,1
Hong Kong,2009,53.797436,21.886381,59.703598,1.7185155,68.47395,2.1037002,1
Hong Kong,2010,56.860023,19.660007,53.390022,1.9600009,70.45003,2.410001,1
Hong Kong,2011,57.25992,17.789976,54.999924,2.209997,70.5299,2.6699963,1
Hong Kong,2012,48.81999,28.209991,56.479984,1.6199995,66.84998,2.8699992,1
Hong Kong,2013,45.130062,24.080032,56.120075,1.4100019,65.68009,2.7000039,1
Hong Kong,2014,42.07,32.04,50.43,1.8,67.08,3.38,1
Hong Kong,2015,37.679974,29.68998,55.219963,1.419999,68.47996,3.169998,1
Hong Kong,2016,39.370026,31.870024,58.55004,0.6800005,68.320045,2.9900022,1
Hong Kong,2017,46.090073,33.210052,59.140095,1.190002,65.07011,2.8300045,1
Hong Kong,2018,40.259983,35.199986,56.269978,0.97999966,66.279976,3.3799987,1
Hong Kong,2019,56.499992,33.749996,51.589993,0.9099999,65.829994,2.5599997,1
Hong Kong,2020,53.870033,32.230022,55.660038,1.1900009,65.780045,2.1100013,1
Hong Kong,2021,58.34,32.94,52.16,1.33,65.84,2.07,1
Hungary,1961,9.404836,19.650105,46.8741,0.94048357,1.9610084,1.1405865,1
Hungary,1962,9.797339,20.51537,49.036736,0.9707272,2.131597,0.8406297,1
Hungary,1963,10.407176,21.174946,48.39988,0.8413886,2.5942814,0.64105797,1
Hungary,1964,11.023734,20.363844,48.895275,0.6914888,2.5354588,0.70151037,1
Hungary,1965,11.021582,18.884111,50.36432,0.9828163,3.0387073,0.68195415,1
Hungary,1966,11.619754,17.118567,48.024303,1.0536046,3.8130455,0.60205984,1
Hungary,1967,12.21839,18.167082,49.886745,1.0834041,4.153049,0.55173355,1
Hungary,1968,12.124997,19.135231,55.60048,0.7822578,6.18786,0.6518815,1
Hungary,1969,13.025217,19.342299,53.534744,0.7420062,4.121143,0.52140975,1
Hungary,1970,14.232139,19.83874,54.73205,0.6519303,3.470275,0.96285087,1
Hungary,1971,14.742016,19.669403,58.265587,0.4315226,3.532464,0.95336384,1
Hungary,1972,14.435961,17.849192,64.710846,0.4617901,3.7445154,1.1243585,1
Hungary,1973,15.033978,19.884619,63.711124,0.33141035,3.8162403,1.3457268,1
Hungary,1974,15.53484,19.227877,67.78931,0.40141708,3.693037,1.1340032,1
Hungary,1975,15.35023,14.658869,72.73323,0.4308485,4.078031,1.7334137,1
Hungary,1976,16.4841,20.910572,63.272507,0.27039534,4.216164,1.7024891,1
Hungary,1977,16.185078,18.1794,67.516335,0.17036924,4.1690354,1.3128452,1
Hungary,1978,17.012205,20.555159,69.002304,0.25091746,3.864129,1.3951012,1
Hungary,1979,17.391392,17.290922,69.8067,0.18084638,4.0188084,1.1051723,1
Hungary,1980,18.02103,19.710503,70.17341,0.41231152,3.9421005,1.2168219,1
Hungary,1981,18.922127,19.022778,72.7898,0.4730532,3.965595,1.1574706,1
Hungary,1982,20.211367,18.893454,72.74683,0.31187275,4.8994203,1.1368265,1
Hungary,1983,19.939129,16.220642,77.56563,0.3416988,5.5676804,0.7738472,1
Hungary,1984,21.033339,15.019509,76.2722,0.3815116,5.01989,0.87346077,1
Hungary,1985,20.980013,15.634723,76.27819,0.36103275,4.3925653,0.671922,1
Hungary,1986,22.53544,17.805904,74.780785,0.35070717,4.5692134,0.6012123,1
Hungary,1987,22.54754,17.481352,76.72371,0.29035464,5.576812,0.35042801,1
Hungary,1988,20.54718,15.693121,75.94349,0.27022594,5.654728,0.26021755,1
Hungary,1989,22.077196,15.779439,78.02612,0.480592,5.156352,0.15018502,1
Hungary,1990,22.759748,13.061334,70.93155,0.36031264,4.4738817,0.29025185,1
Hungary,1991,20.210741,16.04265,67.82893,0.43979853,3.3284752,0.32984892,1
Hungary,1992,22.938787,17.5914,64.98823,0.31984365,3.2983875,0.60970193,1
Hungary,1993,21.973944,17.951393,57.146267,0.09005716,3.1119747,1.1006985,1
Hungary,1994,22.710693,15.24732,52.62429,0.070125654,3.3159416,1.2822976,1
Hungary,1995,23.646717,11.126687,49.057663,0.18043277,3.1174772,0.9923802,1
Hungary,1996,23.340363,8.501987,49.167156,0.14036301,3.1280897,0.99256694,1
Hungary,1997,24.7194,9.713341,46.581936,0.17040949,3.658792,0.7317584,1
Hungary,1998,26.997852,7.185397,45.768074,0.23049392,3.9083753,0.84180385,1
Hungary,1999,27.982054,7.616891,46.974167,0.33073345,3.7583344,1.1826226,1
Hungary,2000,34.103203,12.486803,46.01878,0.34073138,4.1789703,1.5533342,1
Hungary,2001,33.990158,9.887499,43.54707,0.16028367,4.307624,1.1420212,1
Hungary,2002,37.135216,10.491249,48.59843,0.26052767,4.40893,0.9920092,1
Hungary,2003,34.14059,11.988298,41.648308,0.09021295,4.6108837,0.7617982,1
Hungary,2004,34.069134,8.98086,46.357674,0.20046562,5.061757,0.9421884,1
Hungary,2005,33.40434,6.3240733,43.64713,0.12026763,5.2015753,0.6714943,1
Hungary,2006,29.418203,7.845522,46.311626,0.11021806,5.310507,1.14226,1
Hungary,2007,27.724642,6.7432904,47.854313,0.10019748,5.069992,1.0019748,1
Hungary,2008,28.383547,5.79297,45.632164,0.1302917,5.813015,1.0022439,1
Hungary,2009,27.451353,5.6827006,44.629745,0.1102464,5.2717824,0.8819712,1
Hungary,2010,23.359997,5.729999,40.59999,0.10999998,5.309999,1.1499997,1
Hungary,2011,24.910007,6.440002,41.64001,0.14000005,5.3700013,1.0000004,1
Hungary,2012,25.809992,5.999998,39.19999,0.13999996,4.9999986,1.3199997,1
Hungary,2013,23.390005,5.5300016,35.140007,0.11000003,5.1400013,1.2700003,1
Hungary,2014,25.239985,5.229997,39.999977,0.13999993,5.5599966,0.44999972,1
Hungary,2015,24.72,4.92,44.96,0.14,5.85,0.29,1
Hungary,2016,24.829985,5.2899966,47.83997,0.1299999,5.699996,0.39999974,1
Hungary,2017,25.140001,5.4900002,49.520004,0.14,6.2700005,0.29,1
Hungary,2018,26.509998,5.8099995,53.929996,0.14999999,6.4599996,0.31999996,1
Hungary,2019,27.330002,6.1100006,51.400005,0.16000001,6.2900004,0.16000001,1
Hungary,2020,27.479998,5.7699995,47.859997,0.07999999,6.2999997,0.22999999,1
Hungary,2021,25.730015,5.770004,49.990032,0.10000006,6.3300037,0.4900003,1
Iceland,1961,1.3997028,10.887689,1.3997028,60.617134,60.19722,9.777924,1
Iceland,1962,1.3743182,14.054159,1.5348225,55.985912,61.2324,9.650322,1
Iceland,1963,1.3416013,13.586216,1.5618641,51.741756,61.973972,9.231018,1
Iceland,1964,1.319288,13.572675,1.6890885,48.104042,64.455215,9.304978,1
Iceland,1965,1.2978234,14.03646,1.7171203,48.438766,65.87951,7.786941,1
Iceland,1966,1.2764652,13.392912,2.253759,48.585457,70.91363,8.466554,1
Iceland,1967,1.2589253,9.6947155,2.210554,48.7214,65.61281,5.541254,1
Iceland,1968,1.2407994,5.350327,2.3823352,44.500034,69.93146,6.7003174,1
Iceland,1969,1.23178,7.7880287,1.9867419,41.98979,66.18831,8.503256,1
Iceland,1970,1.4665278,8.160679,1.9952759,45.342644,72.19906,5.397221,1
Iceland,1971,1.5962926,8.312769,1.9376382,45.609795,73.62022,6.846991,1
Iceland,1972,1.7968537,7.6190615,2.0578492,50.733513,75.37751,6.2438154,1
Iceland,1973,2.1161895,9.959129,2.637715,48.903034,76.243,5.7468085,1
Iceland,1974,1.9972967,7.699579,2.786229,49.922432,78.13425,6.4812274,1
Iceland,1975,2.049248,10.726064,2.7489913,57.08905,80.84034,5.737894,1
Iceland,1976,2.137513,9.029493,3.0864084,45.35722,82.713745,5.2538867,1
Iceland,1977,2.2510343,8.744018,3.2414894,45.700996,85.46927,5.6926155,1
Iceland,1978,2.9546695,11.287839,3.4855084,50.019047,83.481926,5.5287375,1
Iceland,1979,2.5715475,14.318617,3.9823966,48.189,86.15184,4.7128363,1
Iceland,1980,3.1262157,9.638332,4.6044264,44.056667,85.28676,6.8716817,1
Iceland,1981,3.3415766,11.045212,4.8122706,50.16367,86.24069,8.003777,1
Iceland,1982,3.3754697,9.777908,4.1919546,47.94362,86.90589,7.905967,1
Iceland,1983,4.3589625,11.613948,5.3442073,44.694294,88.005264,7.6331606,1
Iceland,1984,4.4373746,11.726636,5.9829774,45.59029,89.79452,5.9032044,1
Iceland,1985,6.324543,13.397258,6.7435193,43.553555,90.79809,8.978058,1
Iceland,1986,8.722629,14.036414,7.6799235,45.066917,90.534874,6.4266725,1
Iceland,1987,6.806427,13.442191,8.161689,34.7449,89.959274,5.0395665,1
Iceland,1988,3.9612677,11.713748,9.893167,34.731113,90.79905,9.362996,1
Iceland,1989,5.108633,11.422226,10.6156,29.865088,89.73468,10.715183,1
Iceland,1990,5.9693913,11.498828,9.9289875,30.87685,90.37078,5.6994185,1
Iceland,1991,6.0465903,11.664839,10.071009,27.812323,90.50958,10.001279,1
Iceland,1992,6.139891,12.946512,10.130322,25.694,90.48627,10.199981,1
Iceland,1993,5.6878405,12.924204,10.849581,29.570816,89.983025,10.283774,1
Iceland,1994,5.0764375,13.278369,12.05405,28.069715,90.17146,10.232506,1
Iceland,1995,7.3510303,11.440477,12.457852,28.20721,90.81565,10.363257,1
Iceland,1996,6.5308022,11.576875,13.824032,18.970425,90.899536,9.119046,1
Iceland,1997,8.088501,12.615647,14.476809,25.261477,90.9051,9.456705,1
Iceland,1998,10.364138,12.608024,14.197862,26.91657,91.48615,9.367973,1
Iceland,1999,11.184726,13.297506,16.982357,28.127031,91.84091,10.383671,1
Iceland,2000,11.291155,12.938405,17.081491,29.850178,91.39745,10.362704,1
Iceland,2001,13.550596,12.933303,18.588512,24.95062,90.64264,10.036004,1
Iceland,2002,16.723442,12.744519,20.423141,24.870762,91.27589,9.653127,1
Iceland,2003,20.193508,12.568408,20.67383,22.565094,91.29108,10.036714,1
Iceland,2004,18.891006,12.637431,18.961159,23.641317,91.107765,10.162059,1
Iceland,2005,20.037504,11.87852,17.867775,24.426958,90.76869,9.308841,1
Iceland,2006,22.529022,12.13558,19.19322,24.657202,90.30416,10.235065,1
Iceland,2007,25.516178,11.931674,20.57725,24.25455,89.86898,9.858301,1
Iceland,2008,25.06257,11.767836,21.96014,22.43669,88.64778,8.889092,1
Iceland,2009,23.549335,11.493967,20.505945,19.74756,89.371254,10.115085,1
Iceland,2010,25.678709,12.189386,19.409023,21.64891,90.21546,2.3398821,1
Iceland,2011,26.158525,13.529238,19.588896,21.81877,91.29486,2.5598557,1
Iceland,2012,26.389343,11.9197035,20.559488,21.869457,92.06771,2.889928,1
Iceland,2013,26.978666,12.409387,21.488937,21.84892,91.765465,2.5598733,1
Iceland,2014,26.92918,15.75952,19.6894,21.709337,91.61721,2.9099114,1
Iceland,2015,27.649332,15.859616,19.769522,21.669476,92.47777,2.4299414,1
Iceland,2016,27.280245,15.870141,20.03018,21.630192,92.260826,2.460022,1
Iceland,2017,32.58896,16.84946,19.939363,21.339317,92.67703,2.719913,1
Iceland,2018,29.549917,16.839952,20.289944,19.889944,91.45974,2.5999925,1
Iceland,2019,31.628508,16.389227,21.089006,19.0991,90.02576,2.5198812,1
Iceland,2020,29.98902,13.799549,20.119343,20.16934,88.5771,2.509918,1
Iceland,2021,29.659359,14.859678,19.879568,17.349625,87.7081,1.7899612,1
India,1961,0.17084754,2.3114665,0.34169507,0.78388864,1.869273,0.1105484,0
India,1962,0.17034137,2.3046184,0.33066267,0.8116265,1.9338754,0.11022089,0
India,1963,0.16988702,2.2784846,0.31978732,0.79946834,2.0686243,0.109926894,0
India,1964,0.16949518,2.2831995,0.30907944,0.78765404,2.462665,0.10967334,0
India,1965,0.16926497,2.2800987,0.2987029,0.7766275,2.4891908,0.10952439,0
India,1966,0.16922264,2.2795286,0.2886739,0.75652474,2.4686599,0.11945128,0
India,1967,0.16926232,2.299976,0.29869822,0.7467455,2.3995423,0.119479276,0
India,1968,0.16927628,2.3101234,0.3086803,0.7268923,2.5789738,0.11948914,0
India,1969,0.16927342,2.310084,0.2987178,0.70696545,2.648631,0.12944438,0
India,1970,0.16929826,2.3104231,0.30872035,0.68715173,2.7984006,0.119504645,0
India,1971,0.1693456,2.3210309,0.3386912,0.6674209,2.858952,0.12949957,0
India,1972,0.15944026,2.2919538,0.3487756,0.64772606,2.4613593,0.12954521,0
India,1973,0.15948614,2.302581,0.34887594,0.6379446,2.8607826,0.13955037,0
India,1974,0.15954892,2.3234313,0.34901327,0.6282239,3.2906966,0.13960531,0
India,1975,0.1596684,2.3351505,0.33929536,0.6386736,3.223306,0.12973058,0
India,1976,0.15985757,2.347908,0.33969733,0.6294392,3.077258,0.11989317,0
India,1977,0.16006123,2.3408954,0.3401301,0.62023723,3.2212322,0.120045915,0
India,1978,0.16025725,2.3337462,0.35056272,0.6310129,3.104984,0.12019293,0
India,1979,0.17044534,2.3361037,0.37096927,0.6216242,3.0379374,0.13034055,0
India,1980,0.19058286,2.3371477,0.37113506,0.651994,3.1195405,0.14042948,0
India,1981,0.20062724,2.3373072,0.3912231,0.6520385,3.0395026,0.14043906,0
India,1982,0.21065505,2.4977672,0.40124774,0.6921523,2.899015,0.1504679,0
India,1983,0.22063698,2.4871805,0.40115815,0.68196887,3.028744,0.14040536,0
India,1984,0.2305589,2.4559536,0.400972,0.6716281,3.2879703,0.1403402,0
India,1985,0.24045981,2.454694,0.46088132,0.67128366,3.2261693,0.15028739,0
India,1986,0.26034638,2.4332376,0.46061286,0.67089266,3.19425,0.15019985,0
India,1987,0.38028547,2.4418333,0.45033807,0.7105334,3.1523666,0.14010519,0
India,1988,0.38004756,2.4103017,0.4600576,0.71008885,3.350419,0.15001878,0
India,1989,0.40969315,2.378219,0.45965573,0.69947606,3.6672533,0.14988774,0
India,1990,0.4491929,2.3557673,0.47913912,0.6887625,3.7432745,0.13974892,0
India,1991,0.5882791,2.3132331,0.4786,0.6879875,3.8587124,0.13959166,0
India,1992,0.5974719,2.3002667,0.4879354,0.6771348,3.9532723,0.13941011,0
India,1993,0.6562643,2.247208,0.48722655,0.6761511,4.0569067,0.13920757,0
India,1994,0.6651738,2.1940808,0.47654244,0.6751018,4.179674,0.13899155,0
India,1995,0.6641114,2.1211915,0.46586913,0.67402345,4.163086,0.13876954,0
India,1996,0.6729922,2.0882552,0.4651564,0.6729922,4.4635224,0.13855723,0
India,1997,0.66206217,2.035594,0.46443164,0.67194366,4.5257382,0.13834134,0
India,1998,0.72021776,2.0323954,0.45383584,0.66102177,4.498894,0.13812396,0
India,1999,0.778243,1.9800866,0.44330296,0.6501777,4.6103506,0.13791648,0
India,2000,0.8557372,1.8393432,0.44262266,0.63934386,4.3967185,0.13770483,0
India,2001,0.8935792,1.8558952,0.43206027,0.6382708,4.733024,0.13747372,0
India,2002,1.0293434,1.7743919,0.42154062,0.6274093,4.597734,0.13724579,0
India,2003,1.1158942,1.7129955,0.4209075,0.6166784,4.659348,0.13703965,0
India,2004,1.1826977,1.7496105,0.39097443,0.6255591,4.6916933,0.13684106,0
India,2005,1.2495201,1.6302333,0.3709513,0.64428383,4.9395094,0.13666627,0
India,2006,1.3262606,1.609066,0.34131703,0.65337837,5.1002517,0.12677489,0
India,2007,1.5003939,1.6270505,0.321513,0.6625116,5.037037,0.12665662,0
India,2008,1.5866776,1.6353486,0.32122922,0.62298995,5.8307962,0.12654483,0
India,2009,1.7312652,1.5561935,0.31123868,0.59329873,5.4369507,0.1264407,0
India,2010,1.79,1.43,0.3,0.61,5.56,0.0,0
India,2011,1.93,1.17,0.27,0.6,5.02,0.0,0
India,2012,1.9400002,1.0700002,0.25000003,0.51000005,5.8300004,0.0,0
India,2013,2.1,0.84,0.26,0.52,5.88,0.0,0
India,2014,2.35,0.92,0.29,0.55,6.3,0.0,0
India,2015,2.49,0.97999996,0.29,0.57,6.4599996,0.0,0
India,2016,2.5900002,0.9200001,0.29000002,0.57000005,6.8700004,0.0,0
India,2017,2.8099997,0.84999996,0.27999997,0.56999993,7.2799997,0.0,0
India,2018,2.99,1.05,0.27,0.57,7.77,0.0,0
India,2019,3.1699998,1.04,0.26,0.59,8.1,0.0,0
India,2020,3.2300003,2.02,0.23000002,0.59,8.03,0.0,0
India,2021,2.63,2.25,0.23,0.58,7.96,0.0,0
Indonesia,1961,0.60028446,1.700806,1.0304883,0.39018488,10.284873,0.010004741,0
Indonesia,1962,0.5884546,1.7354425,1.1170664,0.38897848,10.143362,0.009973807,0
Indonesia,1963,0.58667046,1.6406887,1.2031717,0.36791202,9.675091,0.009943568,0
Indonesia,1964,0.58494115,1.7052523,1.1698823,0.36682755,10.062971,0.009914258,0
Indonesia,1965,0.5752533,1.7059236,1.1405884,0.3570538,10.453741,0.00991816,0
Indonesia,1966,0.5664989,1.6597424,1.1131207,0.34785017,11.488996,0.009938576,0
Indonesia,1967,0.57642615,1.6497715,0.9838999,0.3577818,11.011727,0.0,0
Indonesia,1968,0.5262377,1.5886424,1.2609848,0.2780124,10.425465,0.0,0
Indonesia,1969,0.5254572,1.6755147,1.0806574,0.3172572,10.578546,0.0,0
Indonesia,1970,0.5147589,1.7818577,1.0988122,0.34647232,10.324876,0.009899209,0
Indonesia,1971,0.6030358,1.7102491,1.2555008,0.3262325,10.103321,0.009885833,0
Indonesia,1972,0.65168846,1.7279618,1.313251,0.35546643,9.903689,0.009874067,0
Indonesia,1973,0.65096575,1.8345398,1.1046691,0.36493534,9.734897,0.019726234,0
Indonesia,1974,0.6898008,1.9511509,1.12339,0.3449004,9.992258,0.019708594,0
Indonesia,1975,0.7188552,1.9497716,1.0142751,0.3840459,9.995041,0.019694662,0
Indonesia,1976,0.7282497,1.9780837,1.112057,0.38380727,10.510415,0.019682424,0
Indonesia,1977,0.74753815,1.8983535,1.0819632,0.39344114,10.957336,0.019672057,0
Indonesia,1978,0.79627764,1.8481505,1.0125506,0.40305412,11.059412,0.019661175,0
Indonesia,1979,0.98246574,1.8175616,1.2182575,0.42246026,11.347479,0.009824657,0
Indonesia,1980,1.197909,1.7674066,1.1880901,0.36330026,11.851443,0.019637851,0
Indonesia,1981,1.2464368,1.7862324,1.3445815,0.3729496,12.042347,0.009814464,0
Indonesia,1982,1.2949344,1.7952499,1.3832253,0.38259423,12.125294,0.009810109,0
Indonesia,1983,1.6668909,1.5786437,1.7747483,0.5588987,13.0213585,0.01961048,0
Indonesia,1984,1.7249373,1.6465311,2.0679646,0.48023826,13.338862,0.009800781,0
Indonesia,1985,1.9206007,1.6756262,2.224369,0.48015016,13.532396,0.009798983,0
Indonesia,1986,2.0288377,1.6465929,2.440486,0.5488643,13.858825,0.009801148,0
Indonesia,1987,2.2156656,1.6176319,2.421546,0.5392107,14.058692,0.00980383,0
Indonesia,1988,2.3041267,1.5981816,2.6276853,0.54906857,14.589536,0.0098047955,0
Indonesia,1989,2.4708788,1.6570578,2.765031,0.5294741,14.854688,0.009805075,0
Indonesia,1990,2.7948196,1.6866982,3.0007539,0.50012565,14.640933,0.009806385,0
Indonesia,1991,3.1480858,1.6966319,3.1088574,0.50997025,14.867595,0.009807121,0
Indonesia,1992,3.4324083,1.8436937,3.1087813,0.5295716,15.69101,0.009806881,0
Indonesia,1993,3.6478596,2.0985,3.2458105,0.5785583,16.297697,0.009806074,0
Indonesia,1994,4.2250385,2.0095892,3.3917944,0.5097494,17.184439,0.009802874,0
Indonesia,1995,4.428132,1.8613828,2.8900418,0.48004085,17.957447,0.009796752,0
Indonesia,1996,4.7176566,2.0554104,2.9754512,0.48938346,18.420393,0.0097876685,0
Indonesia,1997,4.3993244,2.1116757,3.0990796,0.52791893,18.623806,0.009776276,0
Indonesia,1998,2.97862,1.9238957,2.9883862,0.3906387,18.623701,0.009765968,0
Indonesia,1999,2.9672418,1.8154836,2.6060975,0.37090522,19.208988,0.009760664,0
Indonesia,2000,3.8845603,1.9715607,1.93252,0.37088767,20.135296,0.009760202,0
Indonesia,2001,4.256731,1.8647605,1.9233395,0.42957833,21.088392,0.009763144,0
Indonesia,2002,5.0116735,1.7682512,2.1101785,0.5763913,20.584007,0.009769344,0
Indonesia,2003,5.094764,1.9068695,2.1806765,0.645402,20.52574,0.009778818,0
Indonesia,2004,5.3771424,2.2331302,2.1449804,0.54848814,20.7544,0.009794431,0
Indonesia,2005,5.033049,1.8542812,2.413509,0.5199836,21.643091,0.029433034,0
Indonesia,2006,5.5601935,2.043322,2.5541525,0.60906714,22.191656,0.029470991,0
Indonesia,2007,5.7335534,1.8488989,2.5471532,0.51139754,23.740648,0.049172845,0
Indonesia,2008,5.8281026,2.0575564,2.6876216,0.48239362,24.75959,0.019689536,0
Indonesia,2009,5.9524183,2.1976645,2.6904142,0.5321699,25.179518,0.009854997,0
Indonesia,2010,6.68,2.55,0.87,0.42,27.72,0.01,0
Indonesia,2011,6.85,2.43,1.39,0.42,30.5,0.01,0
Indonesia,2012,7.0100007,2.3300002,1.4100001,0.43000004,30.950003,0.010000001,0
Indonesia,2013,7.17,2.43,1.43,0.44,35.15,0.01,0
Indonesia,2014,7.32,2.58,1.54,0.46,37.04,0.01,0
Indonesia,2015,7.45,2.53,1.54,0.47,38.7,0.01,0
Indonesia,2016,7.6000004,2.8600001,1.33,0.46000004,39.73,0.01,0
Indonesia,2017,7.74,2.7,1.2,0.47,42.45,0.01,0
Indonesia,2018,7.92,2.77,0.81,0.47,43.33,0.01,0
Indonesia,2019,14.71,2.91,0.88,0.54,45.09,0.01,0
Indonesia,2020,13.539999,2.5699997,1.04,0.42999998,44.709995,0.009999999,0
Indonesia,2021,14.2,2.71,1.2,0.43,44.4,0.01,0
Iran,1961,1.9374889,4.0800033,0.05125632,7.8422174,0.49206066,0.67658347,0
Iran,1962,1.8929619,4.1133547,0.05116113,8.093691,0.6650947,0.65486246,0
Iran,1963,1.9292401,3.5318363,0.051038098,7.4413548,0.5512115,0.6124572,0
Iran,1964,1.943845,3.5009565,0.050885998,7.19528,0.3663792,0.58010036,0
Iran,1965,1.8869172,3.4796379,0.050723583,6.9897094,0.48694637,0.5681041,0
Iran,1966,1.8312575,3.3792264,0.050587222,6.9304495,0.4755199,0.546342,0
Iran,1967,2.4744363,3.4036124,0.0504987,6.9183216,0.3736904,0.5352862,0
Iran,1968,2.72388,3.3897173,0.04035378,6.9408503,0.6557489,0.52459913,0
Iran,1969,2.962048,3.4657977,0.04029997,7.012195,0.66494954,0.5641996,0
Iran,1970,3.2277482,3.7003467,0.05027645,6.9984818,0.7843126,0.5429857,0
Iran,1971,3.5129502,3.9345043,0.050185002,6.6043463,0.632331,0.521924,0
Iran,1972,3.8291874,4.1700053,0.040096205,6.4955854,0.4310342,0.5012026,0
Iran,1973,3.8152997,4.135745,0.04005564,6.4789996,0.560779,0.4906816,0
Iran,1974,3.9127533,4.393091,0.05003521,6.5646195,2.1014786,0.47033095,0
Iran,1975,4.1926813,4.6829944,0.06003839,7.014486,1.9012157,0.46029434,0
Iran,1976,4.5881114,5.4897056,0.080141686,7.00238,2.1738434,0.450797,0
Iran,1977,5.05669,5.98977,0.080264926,7.9361944,2.1771863,0.4414571,0
Iran,1978,6.029728,6.2206693,0.08039637,7.5472097,1.9998598,0.43213052,0
Iran,1979,6.142791,5.548652,0.030210445,7.4418397,1.6615745,0.4229462,0
Iran,1980,5.8051305,6.239253,0.0,8.692552,1.0600673,0.4240269,0
Iran,1981,7.0436845,5.555019,0.0,8.8120985,1.2189071,0.4096327,0
Iran,1982,6.1416416,5.4779487,0.0,9.559168,1.7236221,0.39623496,0
Iran,1983,6.3745637,6.6833315,0.0,8.426376,1.9322896,0.3784897,0
Iran,1984,5.925657,5.8155518,0.0,8.4180355,1.7416626,0.3803631,0
Iran,1985,5.571159,4.9677844,0.0,8.366794,1.7397301,0.36202478,0
Iran,1986,6.418515,5.660423,0.0,7.9852395,2.2641692,0.35377643,0
Iran,1987,6.7194,4.52365,0.0,7.837606,2.9886591,0.38628924,0
Iran,1988,6.5295587,5.4975004,0.0,6.6317425,3.412946,0.36786246,0
Iran,1989,7.250684,5.202468,0.0,6.820558,4.055467,0.39940205,0
Iran,1990,6.9904943,6.1924467,0.0,6.313669,3.9599333,0.41417667,0
Iran,1991,7.422981,5.034545,0.0,7.0562916,4.4200926,0.46579453,0
Iran,1992,9.417974,4.8121037,0.0,6.9235373,5.0674396,0.5499547,0
Iran,1993,10.393707,5.4386826,0.0,6.534315,5.182048,0.6021046,0
Iran,1994,10.453451,5.2714834,0.0,6.3854575,4.6150346,0.54704076,0
Iran,1995,10.682266,5.082531,0.0,6.2959723,5.2018857,0.5072584,0
Iran,1996,10.902075,6.263955,0.0,6.662933,5.037098,0.32915688,0
Iran,1997,11.481469,6.1561494,0.0,6.676669,5.125119,0.41040993,0
Iran,1998,11.635945,6.1041026,0.0,6.9173136,4.6182356,0.43170464,0
Iran,1999,11.568537,5.0599775,0.0,6.1866527,4.6173553,0.5331586,0
Iran,2000,12.660421,4.344164,0.0,6.646973,4.9173517,0.3519577,0
Iran,2001,13.306451,4.903432,0.0,6.658239,4.9535694,0.37101632,0
Iran,2002,14.022795,4.456311,0.0,6.679437,5.0498157,0.40237576,0
Iran,2003,16.289814,5.3257103,0.0,6.1326356,6.1326356,0.31268373,0
Iran,2004,16.86819,5.893826,0.0,6.1850033,6.0946383,0.26105532,0
Iran,2005,17.572336,5.4776115,0.0,6.2672668,6.657097,0.24989103,0
Iran,2006,18.970146,5.646233,0.0,5.536694,7.110071,0.26886824,0
Iran,2007,20.494324,6.503771,0.0,4.785981,7.1690416,0.2879532,0
Iran,2008,21.53516,4.737141,0.0,4.1127896,6.639925,0.2973101,0
Iran,2009,27.053188,4.878281,0.0,3.3742273,7.114573,0.3364332,0
Iran,2010,22.319996,8.299999,0.0,5.229999,8.499999,0.16999997,0
Iran,2011,24.01,7.5,0.0,5.22,8.99,0.17,0
Iran,2012,24.410002,6.0800004,0.0,4.9200006,9.530001,0.15000002,0
Iran,2013,25.05,6.16,0.0,4.8,9.71,0.13,0
Iran,2014,26.13,5.93,0.0,5.02,10.27,0.17,0
Iran,2015,25.469997,6.5899997,0.0,4.26,10.399999,0.11999999,0
Iran,2016,26.999998,7.0899997,0.0,4.5699997,11.159999,0.10999999,0
Iran,2017,25.91,7.76,0.0,4.61,11.23,0.1,0
Iran,2018,25.63,6.84,0.0,4.05,12.11,0.1,0
Iran,2019,24.799997,7.3799996,0.0,3.2599998,12.249999,0.099999994,0
Iran,2020,27.949999,3.3899999,0.0,2.14,12.149999,0.07999999,0
Iran,2021,23.97,4.38,0.0,3.14,12.06,0.09,0
Iraq,1961,0.5353465,5.374055,0.010295125,6.4653387,1.2971858,0.7824295,0
Iraq,1962,0.543613,5.3745894,0.0,6.215651,1.2821063,0.7590069,0
Iraq,1963,0.5812871,5.3233657,0.0,5.874059,1.5093069,0.7342574,0
Iraq,1964,0.67026097,5.2706885,0.0,5.62613,2.4982455,0.70072734,0
Iraq,1965,0.6987977,4.6586514,0.0,5.4688516,2.0660105,0.67854273,0
Iraq,1966,0.81919664,4.4196167,0.0,5.3399487,1.6990745,0.6776071,0
Iraq,1967,1.132466,4.49953,0.0,5.2174325,1.1425773,0.6471234,0
Iraq,1968,1.4160339,4.4807353,0.0,5.178638,1.7498133,0.6877879,0
Iraq,1969,1.5779853,4.4709587,0.0,4.8755703,2.1646724,0.7181856,0
Iraq,1970,1.8498912,4.609565,0.0,4.862282,3.073043,0.69749993,0
Iraq,1971,2.0300038,4.5346847,0.0,4.4033914,2.4743826,0.65646887,0
Iraq,1972,2.3707285,4.3681936,0.0,3.944489,2.8448744,0.61538064,0
Iraq,1973,2.4979885,4.2707543,0.0,3.5153143,2.2361026,0.5640619,0
Iraq,1974,2.6461067,4.37664,0.0,3.652231,2.1027994,0.51312333,0
Iraq,1975,2.7860627,4.1740656,0.0,3.8421516,2.3334532,0.47272545,0
Iraq,1976,2.7053907,4.2542014,0.0,3.1177363,2.353388,0.4425174,0
Iraq,1977,3.6277022,4.089958,0.0,3.8286831,2.1002486,0.38186342,0
Iraq,1978,4.373701,4.704738,0.0,3.1799617,2.036379,0.30094275,0
Iraq,1979,5.4900074,4.418053,0.0,3.5665011,4.177615,0.21038349,0
Iraq,1980,8.549769,4.6198754,0.0,4.009892,3.899895,0.20999433,0
Iraq,1981,10.203823,5.4313893,0.0,4.602703,1.86704,0.20966758,0
Iraq,1982,12.352885,6.1864204,0.0,4.0810423,1.6563642,0.21951815,0
Iraq,1983,12.243314,7.7279077,0.0,4.485568,1.5117657,0.20886236,0
Iraq,1984,14.118379,8.01821,0.0,4.2315593,1.3643812,0.17796277,0
Iraq,1985,14.148443,8.196407,0.0,3.6087923,1.36442,0.12853232,0
Iraq,1986,14.521229,7.867722,0.0,3.455085,1.2734456,0.09871671,0
Iraq,1987,14.909273,7.690356,0.0,3.192038,1.2768152,0.10803821,0
Iraq,1988,14.869648,8.166038,0.0,2.7481859,1.560577,0.11777939,0
Iraq,1989,15.378014,7.018482,0.0,2.652732,1.4095697,0.12725282,0
Iraq,1990,10.664537,7.1129985,0.0,2.599171,1.369029,0.1289665,0
Iraq,1991,1.0899014,2.9568624,0.0,1.2210933,0.85779285,0.03027504,0
Iraq,1992,1.714916,4.236851,0.0,1.634214,1.2407922,0.020175481,0
Iraq,1993,1.9821907,3.9544706,0.0,1.9524579,1.2388692,0.019821906,0
Iraq,1994,2.026986,2.806596,0.0,1.6566712,1.4422784,0.009745124,0
Iraq,1995,1.9051867,2.0704324,0.0,1.4677713,1.4677713,0.009720339,0
Iraq,1996,1.8550694,1.7190957,0.0,1.0295149,1.583122,0.009712405,0
Iraq,1997,1.4766562,2.040117,0.0,1.2143555,1.5738047,0.009714844,0
Iraq,1998,1.2138617,2.0392876,0.0,1.2138617,1.3401034,0.009710894,0
Iraq,1999,2.055055,1.9775058,0.0,1.1632388,1.0953832,0.009693656,0
Iraq,2000,3.0054622,1.942437,0.0,1.2659664,0.9180673,0.009663866,0
Iraq,2001,3.2688477,1.996022,0.0,0.9739045,1.3788944,0.009642619,0
Iraq,2002,3.6143072,1.9513414,0.0,0.9420269,1.0669897,0.028837558,0
Iraq,2003,1.1124827,1.4001937,0.009590368,1.198796,0.78641015,0.04795184,0
Iraq,2004,2.6713305,1.8287601,0.009574661,0.8617195,1.2638553,0.028723981,0
Iraq,2005,4.035192,1.8697343,0.0,1.0970379,1.8601948,0.06677622,0
Iraq,2006,4.320434,1.9126416,0.0,1.2912759,3.2621703,0.06796189,0
Iraq,2007,7.230153,1.5643604,0.0,1.6445841,3.2891681,0.060167708,0
Iraq,2008,7.6449714,1.9439781,0.0,1.893616,3.1123796,0.0805794,0
Iraq,2009,11.681187,2.350179,0.009958386,1.9916773,2.8978906,0.049791932,0
Iraq,2010,10.086779,2.5560036,0.0,1.5696263,2.6417754,0.051463157,0
Iraq,2011,14.178099,2.8047419,0.0,1.3637736,2.633198,0.05146315,0
Iraq,2012,13.011604,2.8819373,0.0,1.715439,3.2850654,0.051463164,0
Iraq,2013,14.478302,2.8047423,0.0,1.6468211,3.1649845,0.042885967,0
Iraq,2014,5.026237,2.9419782,0.06861757,1.5610497,3.628154,0.04288598,0
Iraq,2015,11.793642,2.4959636,0.10292633,1.4924319,2.3158426,0.060040362,0
Iraq,2016,13.277498,2.487387,0.09434915,1.4667006,2.6246219,0.12865794,0
Iraq,2017,14.727045,2.8819375,0.18869829,1.4581232,3.1907167,0.16296671,0
Iraq,2018,14.135215,2.924823,0.22300702,1.4066597,2.8476284,0.08577194,0
Iraq,2019,14.804236,3.0706353,0.24873862,1.3809282,2.9848635,0.16296668,0
Iraq,2020,14.135218,2.7361255,0.28304747,1.3380425,2.9162467,0.58324933,0
Iraq,2021,10.747225,3.122099,0.3430878,1.3466196,2.8476286,0.09434914,0
Ireland,1961,5.2489552,16.149857,24.048477,10.618808,7.1530867,1.4507669,1
Ireland,1962,5.290924,16.971268,24.449108,11.257071,7.336748,0.09070156,1
Ireland,1963,6.14947,18.035084,25.041449,11.411803,8.185852,0.06048659,1
Ireland,1964,6.8665476,17.625147,27.173782,11.202252,8.661328,0.16132857,1
Ireland,1965,7.367908,17.487442,29.48171,10.694049,9.635733,0.11087139,1
Ireland,1966,8.468644,17.350147,28.235527,10.8350315,9.697151,0.14097624,1
Ireland,1967,8.430162,18.701279,26.366892,11.0960245,10.452194,0.14083804,1
Ireland,1968,9.65081,19.291567,26.99211,10.827003,9.861922,0.1809527,1
Ireland,1969,10.285888,19.474749,29.509024,11.1011095,10.104728,0.17109598,1
Ireland,1970,10.156908,19.779242,31.529785,10.83269,11.256315,0.17146717,1
Ireland,1971,11.307866,22.37342,31.268269,11.18671,10.389102,0.17163725,1
Ireland,1972,11.726486,20.79107,31.95291,11.010595,11.3635,0.17141037,1
Ireland,1973,12.976675,18.719458,30.93043,10.326935,9.631756,0.16120093,1
Ireland,1974,10.953528,31.11729,31.248291,10.893068,12.293749,0.16122949,1
Ireland,1975,10.334647,34.139626,26.920496,10.8791065,13.813138,0.15123875,1
Ireland,1976,11.752648,32.94777,29.164726,9.270973,16.00983,0.15132166,1
Ireland,1977,12.380608,30.69422,27.949701,9.404015,13.016286,0.11099159,1
Ireland,1978,13.551506,25.761976,29.593506,7.8042154,15.033702,0.15124449,1
Ireland,1979,14.733831,25.154339,30.65685,7.7700305,11.297281,0.16124576,1
Ireland,1980,14.039288,26.335001,31.081953,7.8007236,15.954193,0.21164754,1
Ireland,1981,15.284677,27.242214,31.688482,8.106121,14.790647,0.22180928,1
Ireland,1982,16.768229,32.265217,32.285397,7.2541246,15.093422,0.20178372,1
Ireland,1983,17.040861,27.661116,34.021152,7.2686143,10.872636,0.25238246,1
Ireland,1984,17.76165,33.313183,32.929695,6.8422723,11.343235,0.30275542,1
Ireland,1985,18.80012,30.443089,32.53983,6.95554,13.689309,0.3124953,1
Ireland,1986,20.610067,27.765224,33.83352,6.85325,17.077776,0.3119688,1
Ireland,1987,22.3472,28.356785,32.72556,6.824956,16.166487,0.27179027,1
Ireland,1988,22.75522,27.835503,35.016575,6.9790754,14.049051,0.22219923,1
Ireland,1989,22.152971,21.990828,35.12452,7.45864,14.937548,0.19254641,1
Ireland,1990,24.364859,23.189672,34.283028,9.077303,15.317949,0.13170193,1
Ireland,1991,25.186302,23.591337,35.94726,9.236659,11.861284,0.15142065,1
Ireland,1992,23.748045,21.253544,36.813995,9.334259,14.242792,0.040233877,1
Ireland,1993,24.15752,19.651873,32.78664,9.835993,17.932081,0.18103056,1
Ireland,1994,27.068306,18.109362,31.401653,7.7294827,17.877579,0.13100818,1
Ireland,1995,25.996881,15.575934,32.1405,11.540718,20.811626,0.13114452,1
Ireland,1996,26.255714,17.127237,32.912945,9.017521,17.520622,0.25216782,1
Ireland,1997,25.073893,19.236423,35.33735,9.50731,17.119205,0.4032793,1
Ireland,1998,26.059153,20.204407,38.06087,10.7118635,23.46936,1.3906276,1
Ireland,1999,33.003475,19.441095,42.845028,9.851634,21.60906,0.3125902,1
Ireland,2000,31.2277,17.9857,37.54591,8.457922,24.536049,0.7872529,1
Ireland,2001,28.381489,25.251549,39.06367,3.1905196,24.797201,3.372258,1
Ireland,2002,27.774569,27.107492,40.67135,5.538742,20.70964,1.1016842,1
Ireland,2003,27.85314,23.790167,42.61561,5.197767,21.844805,0.8612284,1
Ireland,2004,28.192862,28.010448,39.482166,6.0905504,23.58188,1.4592999,1
Ireland,2005,32.49746,26.262306,36.08923,5.185872,22.84205,1.765618,1
Ireland,2006,28.061508,27.682297,36.274384,4.7999945,20.517231,4.071513,1
Ireland,2007,25.717411,23.561993,34.260357,4.753735,22.213625,2.6770518,1
Ireland,2008,26.977673,21.640785,33.008553,4.2519155,20.770853,1.6421192,1
Ireland,2009,25.500751,22.325407,31.94944,4.0671835,22.050995,2.0482924,1
Ireland,2010,22.860044,22.170044,30.50006,3.530007,22.660044,1.4300027,1
Ireland,2011,21.32998,22.039982,29.979973,2.7899976,20.96998,1.2699989,1
Ireland,2012,25.389997,22.389997,31.779999,3.0099998,20.88,0.57,1
Ireland,2013,26.47,22.41,32.57,4.13,20.83,1.34,1
Ireland,2014,24.840027,19.110022,30.730032,3.3100035,21.860023,0.7400008,1
Ireland,2015,26.749975,20.20998,29.839973,3.3699968,21.119982,1.3399988,1
Ireland,2016,27.289995,20.019997,26.969994,3.3699992,21.129995,1.9199996,1
Ireland,2017,23.84995,20.199959,28.72994,3.399993,23.349953,0.35999927,1
Ireland,2018,24.390018,23.580019,30.010023,3.4100027,18.970015,0.6100005,1
Ireland,2019,28.109995,19.429996,29.439995,3.5899992,20.449997,1.0199997,1
Ireland,2020,28.879982,20.399988,29.289984,2.9199984,20.239988,0.5599997,1
Ireland,2021,26.840027,19.45002,27.810026,3.5700033,20.080019,2.5200024,1
Israel,1961,21.429571,8.571829,1.9072868,1.1838332,20.64035,0.18634412,1
Israel,1962,24.455341,13.031906,1.9804996,1.1926767,21.719845,0.16412981,1
Israel,1963,23.871561,14.002324,1.7121222,1.3304389,19.934772,0.14176807,1
Israel,1964,25.026125,18.188032,1.1468954,1.3632909,17.333271,0.1081977,1
Israel,1965,24.224579,17.310904,1.3570893,1.3036606,17.610104,0.11754317,1
Israel,1966,25.448845,22.613028,1.344388,1.2918729,18.663887,0.12603638,1
Israel,1967,26.20249,15.614376,1.5037593,1.3801626,17.015139,0.113296926,1
Israel,1968,25.071793,20.740019,1.7468467,1.4035357,17.872362,0.11107118,1
Israel,1969,25.333101,20.111624,1.6577696,1.4393808,15.168095,0.1091944,1
Israel,1970,26.604969,19.390062,1.6860924,1.362598,15.733594,0.107831486,1
Israel,1971,29.870186,19.070215,1.7124275,1.2259424,18.22373,0.09729702,1
Israel,1972,33.74292,15.427835,1.9637194,1.2832227,16.574959,0.08749245,1
Israel,1973,32.65556,18.777435,2.127589,1.258986,16.36682,0.07807665,1
Israel,1974,36.149036,12.131404,2.2948654,1.1964684,16.29943,0.07845694,1
Israel,1975,37.082233,15.453392,2.5115454,1.1819038,13.375212,0.078793585,1
Israel,1976,37.75804,15.073563,2.4315386,1.1861165,13.086818,0.07907443,1
Israel,1977,36.743713,21.105558,2.827966,1.1510319,13.613929,0.0793815,1
Israel,1978,37.834843,12.538579,2.519667,1.2448947,15.01841,0.0697141,1
Israel,1979,38.070354,22.161102,2.4468093,1.1684762,20.063837,0.049934886,1
Israel,1980,35.333664,13.071354,2.480257,1.0201057,19.071976,0.050005183,1
Israel,1981,37.312847,15.242991,2.4188879,0.99954045,16.492418,0.03998162,1
Israel,1982,41.03659,16.253004,2.484345,0.9977289,14.257546,0.029931867,1
Israel,1983,42.62598,12.716321,2.2136922,1.0323945,15.912774,0.01985374,1
Israel,1984,41.19428,17.533672,2.0488784,1.0047386,15.080929,0.0,1
Israel,1985,39.04665,16.594828,2.088996,1.0054512,17.414806,0.009761662,1
Israel,1986,32.84108,13.9574585,1.9414873,1.0818238,19.984764,0.0,1
Israel,1987,32.871544,16.63644,2.0162487,1.2135715,19.91404,0.019111361,1
Israel,1988,36.321255,18.553265,2.062525,1.3907852,18.950632,0.018922247,1
Israel,1989,35.20089,15.684495,1.831423,1.2773001,20.47437,0.018783825,1
Israel,1990,36.510868,13.337988,1.9107792,1.2457532,20.035082,0.018733129,1
Israel,1991,38.373253,16.528862,1.887671,1.2114903,21.168213,0.018782796,1
Israel,1992,41.195652,13.656175,1.8170377,1.1829673,22.192467,0.018927477,1
Israel,1993,43.32737,14.547667,1.6642301,1.3486003,22.81143,0.01912908,1
Israel,1994,46.392307,19.115215,1.6227165,1.3619229,20.747591,0.009659027,1
Israel,1995,44.972347,16.797722,1.8588442,1.4111644,23.639437,0.009732168,1
Israel,1996,45.442238,18.59134,1.8376297,1.3391237,22.198175,0.009774625,1
Israel,1997,45.1025,19.762365,2.0487769,1.1959368,23.369781,0.009802761,1
Israel,1998,44.898186,18.77632,2.0033312,1.2962731,23.273994,0.009820251,1
Israel,1999,45.798534,18.515976,1.4348898,1.3759217,20.579859,0.009828012,1
Israel,2000,57.210598,22.789856,2.408764,1.45509,20.095974,0.009831689,1
Israel,2001,65.339005,20.901802,2.5156846,1.4445533,21.85501,0.009826893,1
Israel,2002,68.96892,24.48804,2.5813046,1.2759299,20.954697,0.009814845,1
Israel,2003,68.637924,25.274755,2.6863008,1.3137383,21.970802,0.009804017,1
Israel,2004,69.66152,25.250341,2.7162504,1.2845805,22.857687,0.009805958,1
Israel,2005,71.54698,23.635881,2.763913,1.4163824,20.930984,0.009835988,1
Israel,2006,69.290794,28.086315,2.5425088,1.572992,19.350769,0.009893031,1
Israel,2007,67.69503,27.044117,2.6017377,1.5650301,24.20314,0.009968344,1
Israel,2008,68.874664,29.464617,2.5617037,1.657573,22.090927,0.010045897,1
Israel,2009,67.25696,25.359015,2.707656,1.7478524,21.166191,0.010103193,1
Israel,2010,65.87001,29.490004,2.5500002,1.9600003,22.340004,0.010000001,1
Israel,2011,66.11,29.88,2.43,1.99,24.39,0.01,1
Israel,2012,66.11009,28.09004,2.0800028,1.9900029,21.15003,0.010000014,1
Israel,2013,66.20004,29.50002,2.0100014,2.0200014,23.360016,0.010000006,1
Israel,2014,66.50001,28.860004,2.3000002,2.0400002,23.810003,0.010000001,1
Israel,2015,66.220024,28.02001,1.7400006,2.0500007,23.330008,0.0100000035,1
Israel,2016,66.59995,31.58998,1.7699988,2.0099988,24.479984,0.009999993,1
Israel,2017,66.76003,30.980013,1.5400007,1.8400009,25.750011,0.010000004,1
Israel,2018,76.20994,31.629974,1.329999,1.7399987,24.539982,0.009999992,1
Israel,2019,69.47999,31.679993,1.4099996,1.7599995,23.309994,0.009999997,1
Israel,2020,71.91003,30.330011,1.5300006,5.100002,22.910007,0.0100000035,1
Israel,2021,69.330025,31.960009,1.4300003,4.9600015,22.540007,0.010000003,1
Italy,1961,5.3757434,14.865883,7.888428,0.820877,12.022845,2.072214,1
Italy,1962,6.210352,16.507517,8.393992,0.8714526,11.028383,2.18364,1
Italy,1963,7.1931896,18.764408,8.164971,0.8515615,11.390887,2.2641518,1
Italy,1964,8.469492,18.270477,9.610772,0.84094244,12.494002,2.232502,1
Italy,1965,10.040028,18.34005,9.590026,0.8000022,14.060039,2.2700062,1
Italy,1966,10.710999,21.57187,9.372124,0.86926943,13.598571,2.3380349,1
Italy,1967,10.364232,23.77383,10.324293,0.89863276,13.030176,2.3663995,1
Italy,1968,10.724281,23.54549,11.413272,0.9486096,12.801237,2.4663851,1
Italy,1969,10.969951,24.547512,11.2596855,1.0390481,12.48856,2.6775472,1
Italy,1970,11.749992,25.839983,12.879992,1.1199993,13.509991,2.8799982,1
Italy,1971,12.174487,26.231215,14.266977,1.1213343,13.636227,3.1237168,1
Italy,1972,13.17915,25.376873,14.87161,1.1216298,13.26928,3.4249768,1
Italy,1973,14.705779,27.429432,15.9371,1.0611385,12.843781,3.4837382,1
Italy,1974,15.168394,25.314009,17.389622,0.92050946,12.536938,3.6220043,1
Italy,1975,15.640286,23.310427,18.300335,1.0800198,12.510229,3.9100716,1
Italy,1976,16.396475,23.944853,18.925932,1.0997636,13.547088,4.0291343,1
Italy,1977,16.593237,24.180145,19.82192,1.339454,12.944724,4.3282356,1
Italy,1978,17.301321,24.177872,22.098915,1.3893031,13.233361,4.547719,1
Italy,1979,17.672218,25.248882,22.979881,1.4593574,13.933864,4.727918,1
Italy,1980,18.095083,26.169504,24.802143,1.4272461,14.751536,4.870602,1
Italy,1981,18.039791,25.808168,25.10014,1.3961142,13.751725,4.806622,1
Italy,1982,18.575071,25.825342,24.636936,1.4081101,15.359386,4.7236605,1
Italy,1983,18.674778,26.966898,26.626812,1.6004094,16.424202,4.8212333,1
Italy,1984,18.308659,26.11087,28.354382,1.4422575,17.317106,4.847588,1
Italy,1985,18.043074,26.082266,27.966764,1.5136135,19.837358,5.082133,1
Italy,1986,18.134249,26.479212,28.354824,1.4744108,19.06704,5.0952425,1
Italy,1987,18.789013,27.436172,29.582914,1.5147576,21.62793,5.1963205,1
Italy,1988,19.24185,27.002764,30.191355,1.5742421,20.08412,5.444671,1
Italy,1989,19.418436,27.123688,31.011383,1.6933519,21.201967,5.300492,1
Italy,1990,19.636066,27.216127,31.902348,1.7723527,21.348337,5.136819,1
Italy,1991,19.530787,27.559332,32.194263,1.7818965,23.124613,5.4558067,1
Italy,1992,19.73109,26.107908,33.305603,1.771894,21.923435,5.686078,1
Italy,1993,19.493124,26.691664,34.380787,1.7220429,21.275238,5.6667223,1
Italy,1994,19.036795,27.028044,34.06795,1.7424526,21.299982,5.667978,1
Italy,1995,18.436499,25.516674,32.927326,1.6223317,21.120356,5.6681466,1
Italy,1996,18.672472,25.46701,35.863953,1.6511028,21.464336,5.8639164,1
Italy,1997,18.647278,24.183502,35.345886,1.6288887,21.405397,5.6761274,1
Italy,1998,18.511106,24.51174,38.000687,1.5775377,22.355106,5.6012573,1
Italy,1999,18.386702,25.68745,37.003113,1.5780005,22.451551,5.712761,1
Italy,2000,18.946518,24.938578,37.462887,1.5405298,22.527748,5.8019958,1
Italy,2001,18.345753,24.006039,39.933125,1.5555753,24.487764,6.613704,1
Italy,2002,18.134075,24.225754,39.94329,1.4599893,23.99417,6.1118174,1
Italy,2003,15.095515,24.860239,40.40922,1.43095,24.699005,5.1997905,1
Italy,2004,15.850536,23.695244,39.918377,1.419902,24.279318,5.3472905,1
Italy,2005,15.535007,23.801527,39.003857,1.4617627,25.404427,5.433724,1
Italy,2006,13.609297,24.54931,40.767223,1.496416,26.601826,5.5407834,1
Italy,2007,16.000307,24.33949,41.432796,1.4168519,26.333204,5.5965652,1
Italy,2008,17.226954,23.161354,39.367226,1.3749211,25.294504,5.792866,1
Italy,2009,17.541422,23.850267,40.1279,1.3446739,25.478031,5.742667,1
Italy,2010,17.77,23.479998,42.349995,1.25,27.239998,5.7499995,1
Italy,2011,18.35,21.879997,40.59,1.19,28.049997,5.7499995,1
Italy,2012,19.239998,21.049997,40.239998,1.1099999,26.249998,5.9599996,1
Italy,2013,18.82,18.9,40.74,0.93,26.5,5.69,1
Italy,2014,18.5,19.789999,36.76,0.96999997,28.219997,2.9699998,1
Italy,2015,18.62,17.55,36.99,0.90000004,29.600002,2.07,1
Italy,2016,18.81,17.38,36.36,0.95,30.02,2.05,1
Italy,2017,19.080002,16.330002,40.690002,0.8800001,30.090004,1.7400002,1
Italy,2018,19.18,17.21,38.47,0.87999994,29.719997,1.7199999,1
Italy,2019,19.629997,17.449999,36.549995,0.88999987,29.269997,1.1999999,1
Italy,2020,20.88,16.2,33.37,0.77,29.390001,1.09,1
Italy,2021,20.609999,15.979998,35.869995,0.8099999,29.519997,1.0399998,1
Jamaica,1961,2.4326782,9.244178,3.9816492,1.7078394,32.359585,0.49646494,1
Jamaica,1962,3.1410894,9.183947,4.0186,1.7151345,33.44512,0.47864217,1
Jamaica,1963,3.7368476,9.998321,4.1275635,1.4626803,38.580696,0.5910831,1
Jamaica,1964,4.1736007,10.911703,4.314397,1.3979048,33.680458,1.0056869,1
Jamaica,1965,4.4126363,9.973765,4.0701027,1.4708787,31.64404,0.8160354,1
Jamaica,1966,5.9070344,10.160905,3.2861657,1.4213171,34.82731,0.86690265,1
Jamaica,1967,7.515869,9.843169,3.6571858,1.763106,33.297516,1.0377138,1
Jamaica,1968,7.5688868,9.763059,4.0863934,2.0130017,34.6035,1.0467609,1
Jamaica,1969,9.040864,10.277823,4.2036495,1.8705236,31.97992,0.77435654,1
Jamaica,1970,11.169198,11.641703,4.4837646,2.0709765,26.993069,1.2063941,1
Jamaica,1971,14.535483,9.147504,3.8198366,2.4024763,26.52776,0.97506356,1
Jamaica,1972,11.7491665,11.698915,4.834345,2.392046,39.187344,0.86435276,1
Jamaica,1973,15.05451,10.743172,4.944472,1.658207,27.254894,0.23114403,1
Jamaica,1974,16.706772,11.301935,2.9535725,1.6174326,23.698902,0.1707848,1
Jamaica,1975,19.797554,12.937215,3.2744813,1.8079958,26.276205,0.10044421,1
Jamaica,1976,22.472853,13.09829,3.5430624,1.3148475,24.058699,0.05018502,1
Jamaica,1977,23.77701,10.520802,4.0079246,0.9919613,16.572767,0.050099056,1
Jamaica,1978,24.205969,12.733138,3.6308951,0.95023423,20.315008,0.100024655,1
Jamaica,1979,23.288548,8.262389,2.9173129,0.639411,21.839884,0.059944782,1
Jamaica,1980,25.38775,7.427639,4.013321,0.67887026,17.69056,0.22961788,1
Jamaica,1981,25.000704,7.913892,3.7271233,0.45964524,18.895416,0.119907446,1
Jamaica,1982,25.474585,8.11146,3.300594,0.5601008,19.793564,0.0700126,1
Jamaica,1983,24.496113,8.906767,3.0357144,0.4708864,17.723364,0.120226316,1
Jamaica,1984,26.508854,8.742708,3.1481771,0.30078125,19.661068,0.060156245,1
Jamaica,1985,23.230202,7.5062213,3.166844,0.34073636,16.194998,0.020043315,1
Jamaica,1986,26.282774,8.274021,2.6512885,0.5002431,19.27937,0.3201556,1
Jamaica,1987,27.919212,8.135201,3.0045347,0.68874717,18.027206,0.61887425,1
Jamaica,1988,25.739182,8.801846,3.5605204,0.795647,21.293505,0.5967353,1
Jamaica,1989,25.25142,8.645166,3.777303,0.822877,22.118538,0.7237352,1
Jamaica,1990,30.659523,7.939244,3.252816,0.7118625,18.85447,0.5734448,1
Jamaica,1991,32.163017,7.9272256,1.8658103,0.6614248,17.048965,0.19744025,1
Jamaica,1992,32.685238,8.494023,2.670395,0.5518159,17.116148,0.059123132,1
Jamaica,1993,33.48541,8.312329,3.2659092,1.032893,19.24132,0.4426684,1
Jamaica,1994,28.130583,8.024681,3.6341884,1.2277664,22.620369,0.06875492,1
Jamaica,1995,24.596756,8.957654,3.26714,1.5599859,20.721321,0.049056157,1
Jamaica,1996,38.537247,7.78005,3.2277887,1.491258,19.278435,0.03924363,1
Jamaica,1997,40.47864,8.406045,3.2602882,1.6694248,21.250793,0.039280582,1
Jamaica,1998,40.12592,7.6809664,3.4028354,2.409522,22.108595,0.019669568,1
Jamaica,1999,40.69718,8.466669,3.3511846,1.9121466,23.418867,0.01971285,1
Jamaica,2000,40.71375,7.7888894,3.0345037,2.1350255,19.491991,0.019768754,1
Jamaica,2001,43.330505,6.251024,3.165201,1.6470951,25.649042,0.019844519,1
Jamaica,2002,43.762623,8.274571,2.778105,2.2005777,26.516464,0.039829463,1
Jamaica,2003,49.03527,7.748192,3.3848417,2.076835,24.971943,0.089863054,1
Jamaica,2004,50.27721,6.8750877,3.7027402,1.9614516,25.328745,0.040029623,1
Jamaica,2005,48.492794,7.2138033,4.5086274,2.043911,27.081821,0.030057514,1
Jamaica,2006,47.191013,5.162143,5.252355,2.4858477,29.088427,0.4310139,1
Jamaica,2007,52.832237,5.2832236,3.7694347,2.9874775,30.506357,0.060150553,1
Jamaica,2008,51.634747,5.776192,4.3522005,2.5070279,26.915451,0.030084332,1
Jamaica,2009,48.926117,4.4624143,4.0111594,1.8451333,25.741615,0.030083694,1
Jamaica,2010,52.72992,5.1299925,3.6399946,1.4899977,24.189964,0.01999997,1
Jamaica,2011,52.63002,6.170002,3.8900013,1.3000004,25.420008,0.020000007,1
Jamaica,2012,53.32002,5.2400017,3.9200015,1.3800005,23.93001,0.020000007,1
Jamaica,2013,53.17992,4.4799933,3.989994,1.1699982,24.849964,0.029999955,1
Jamaica,2014,53.489964,4.229997,3.5399976,1.299999,23.399982,0.019999985,1
Jamaica,2015,54.3599,4.379992,3.5199935,1.139998,23.499958,0.019999964,1
Jamaica,2016,52.86002,4.5700016,3.830001,1.1000004,25.280008,0.030000009,1
Jamaica,2017,53.249847,4.139988,3.5899894,1.039997,27.68992,0.029999912,1
Jamaica,2018,57.589962,5.069997,3.5099976,0.93999934,27.029982,0.079999946,1
Jamaica,2019,57.849876,5.3999887,3.239993,1.0299978,27.71994,0.039999913,1
Jamaica,2020,55.65004,4.500003,2.4300017,0.9800007,27.660019,0.020000013,1
Jamaica,2021,52.02998,7.329997,3.0899987,0.8799997,27.58999,0.07999997,1
Japan,1961,1.3608683,1.5370959,2.124521,0.27413175,49.872395,2.1832635,1
Japan,1962,1.5764867,1.5373193,3.3096428,0.26437977,50.12444,2.7221322,1
Japan,1963,1.8311813,1.9193131,2.8789697,0.5189979,51.038055,2.3795564,1
Japan,1964,1.8111192,2.4278786,3.465601,0.6363391,46.47234,2.34956,1
Japan,1965,2.074672,2.2606096,4.0025516,0.54802656,50.76096,2.3682578,1
Japan,1966,2.4215205,1.6666335,5.509694,0.9215502,51.38133,2.3823054,1
Japan,1967,2.8972094,1.6793994,5.8238816,0.9624628,54.614853,2.1409886,1
Japan,1968,3.2805448,1.8170683,5.7163987,1.050953,57.56669,1.9349322,1
Japan,1969,3.951338,2.4474707,5.9368362,1.2286499,56.85209,1.9363523,1
Japan,1970,4.653325,2.862828,6.9849067,1.042817,60.316147,1.721632,1
Japan,1971,5.198599,3.2097409,7.9849687,1.2011914,63.613914,1.693483,1
Japan,1972,5.8914,3.556514,8.640063,1.3792574,64.76599,1.7339237,1
Japan,1973,6.3365817,3.6363902,9.933553,1.2022753,66.10543,1.7541393,1
Japan,1974,6.603207,3.4395812,10.200478,0.7982982,67.37243,1.5867409,1
Japan,1975,6.6140976,3.6076896,10.241502,1.1434207,67.15625,1.4194189,1
Japan,1976,7.421855,3.6271482,10.4970455,1.1729094,68.33429,1.2911859,1
Japan,1977,8.098699,4.088759,11.02487,1.2709637,65.95218,1.2315539,1
Japan,1978,9.001529,4.6386433,11.828048,1.18182,66.85161,1.1325774,1
Japan,1979,9.739869,4.9437957,13.206434,0.99466807,64.623886,1.0734538,1
Japan,1980,9.962833,4.897654,13.26407,0.66024715,65.196945,0.9558802,1
Japan,1981,10.124478,5.2892013,13.163795,0.7302255,64.86179,0.88811207,1
Japan,1982,10.58508,5.337015,12.986737,0.7017186,64.20232,0.8895025,1
Japan,1983,10.975044,5.571641,13.12255,0.6729513,67.00813,0.87087816,1
Japan,1984,11.409865,5.9723516,13.261988,0.6140726,68.201675,0.85177815,1
Japan,1985,11.779068,6.1421547,14.047703,0.64393556,69.50542,0.8123495,1
Japan,1986,12.519603,6.447992,14.302457,0.64380866,69.95724,0.61409444,1
Japan,1987,13.055489,6.8692265,15.084583,0.6136773,71.70126,0.5146971,1
Japan,1988,13.745456,7.3968353,15.347445,0.6229955,72.40592,0.40544152,1
Japan,1989,13.619066,8.094351,15.664892,0.5534599,72.18698,0.3953285,1
Japan,1990,13.461726,8.322154,15.211158,0.5139572,71.084236,0.37558413,1
Japan,1991,13.677181,8.33685,15.160606,0.5142541,66.645355,0.3560221,1
Japan,1992,14.134876,9.037214,15.3820715,0.53451216,66.358696,0.32664633,1
Japan,1993,13.735531,10.039028,15.22206,0.4459588,67.785736,0.32703647,1
Japan,1994,13.767151,10.741948,15.126012,0.37691045,70.86908,0.28764218,1
Japan,1995,14.677871,11.263951,17.11922,0.37711906,71.07702,0.28780138,1
Japan,1996,14.749935,10.650525,18.00564,0.32755578,69.70982,0.25807422,1
Japan,1997,14.4369755,10.616882,16.391674,0.28774726,66.42001,0.21829104,1
Japan,1998,14.3903675,10.800214,16.32429,0.27769145,64.40458,0.21818614,1
Japan,1999,15.041253,10.99588,17.301905,0.23796313,65.64808,0.20821774,1
Japan,2000,15.456129,11.321937,17.696722,0.20819673,67.217804,0.18836847,1
Japan,2001,15.594849,10.310644,18.093199,0.2081957,69.269684,0.17845346,1
Japan,2002,16.066032,8.915655,18.961885,0.19834606,67.43766,0.15867685,1
Japan,2003,15.797843,9.536261,18.983212,0.17861883,65.86073,0.15877229,1
Japan,2004,14.874601,8.321039,20.395483,0.2184521,62.229057,0.17873354,1
Japan,2005,16.761839,8.524989,20.686512,0.24839713,60.72813,0.18878181,1
Japan,2006,17.26595,8.449082,19.40307,0.24850243,57.622746,0.16898166,1
Japan,2007,17.068403,8.549113,19.951244,0.17893493,56.26509,0.14911245,1
Japan,2008,17.237291,8.469535,20.179758,0.17893383,55.857174,0.13917075,1
Japan,2009,16.858856,8.697819,19.642159,0.17892656,53.84695,0.12922473,1
Japan,2010,17.36,8.87,19.84,0.14,52.89,0.12,1
Japan,2011,17.84,8.93,20.11,0.14,51.3,0.11,1
Japan,2012,18.19,9.02,20.26,0.14,51.66,0.1,1
Japan,2013,19.68,9.16,19.92,0.15,48.66,0.09,1
Japan,2014,18.030003,8.9800005,20.560001,0.15000002,49.300003,0.110000014,1
Japan,2015,18.06,8.59,20.089998,0.15,47.819996,0.099999994,1
Japan,2016,18.28,8.56,21.01,0.15,45.57,0.1,1
Japan,2017,18.97,9.29,21.79,0.15,46.13,0.10000001,1
Japan,2018,19.28,9.71,21.87,0.15,44.72,0.099999994,1
Japan,2019,19.82,9.79,22.17,0.15,44.69,0.11,1
Japan,2020,22.96,9.7,21.73,0.14,44.89,0.1,1
Japan,2021,25.47,9.54,21.94,0.12,45.12,0.1,1
Jordan,1961,1.1846334,1.417676,0.0,7.96229,3.2043362,0.9710109,0
Jordan,1962,1.44662,1.2943442,0.0,10.16441,3.1026192,0.8755858,0
Jordan,1963,1.8938655,2.0063725,0.0,9.038052,3.525215,0.525032,0
Jordan,1964,2.2665355,1.695295,0.0,8.937152,2.966766,0.5159593,0
Jordan,1965,2.870829,1.6148413,0.0,9.419909,3.0143704,0.73564994,0
Jordan,1966,3.0291402,1.575153,0.0,10.229839,2.3367653,0.5885187,0
Jordan,1967,2.5361125,1.2763442,0.0,6.7463913,1.6907418,0.34809387,0
Jordan,1968,2.7797487,1.3266982,0.0,7.6127205,1.2108753,0.42117402,0
Jordan,1969,5.9873734,0.92194957,0.0,7.259028,1.4624027,0.38149637,0
Jordan,1970,5.5365887,0.9457896,0.0,6.5886464,1.3496099,0.3825666,0
Jordan,1971,6.6565995,0.87195075,0.0,6.528997,1.9565724,0.55294436,0
Jordan,1972,7.5145974,0.8928234,0.0,6.1647334,1.4986678,0.8184214,0
Jordan,1973,9.033769,1.1239194,0.0,6.86015,2.4068842,0.731608,0
Jordan,1974,10.475867,0.6969831,0.01056035,4.445907,2.7879324,0.40129328,0
Jordan,1975,11.89966,0.87327296,0.0,4.724091,2.6829472,0.36824763,0
Jordan,1976,12.233069,0.8071519,0.0,3.2181253,2.4948335,0.37736976,0
Jordan,1977,12.142437,0.8032368,0.010431646,4.4125867,3.1190624,0.56330895,0
Jordan,1978,13.1780815,0.78860956,0.010376442,8.145507,3.3723438,0.2697875,0
Jordan,1979,12.573719,0.77488,0.020663466,8.286051,2.86189,0.26862505,0
Jordan,1980,13.622775,0.7511047,0.010289106,7.1097717,3.323381,0.41156423,0
Jordan,1981,13.088286,6.595429,0.010257277,8.934089,3.1900132,1.7129653,0
Jordan,1982,15.8546505,4.124871,0.01023541,9.672462,3.7052183,1.4431928,0
Jordan,1983,19.276756,4.464198,0.020431112,6.9261475,4.1066537,1.8796624,0
Jordan,1984,21.681082,4.275143,0.010178912,6.891124,4.041028,1.0789647,0
Jordan,1985,20.815598,7.2217383,0.010114479,10.549402,5.3404455,1.1227072,0
Jordan,1986,23.063492,6.068813,0.010014542,7.6711397,3.134552,1.7625595,0
Jordan,1987,21.543749,5.806327,0.009891528,8.615521,5.064462,0.9792613,0
Jordan,1988,22.830961,5.6026297,0.0,12.65236,2.8257592,0.1564434,0
Jordan,1989,17.77521,2.22917,0.009692044,8.858529,2.9754574,0.29076135,0
Jordan,1990,18.186079,4.003832,0.0,5.682546,2.8653927,0.26049027,0
Jordan,1991,23.043804,3.155496,0.0,7.8163667,3.1458461,0.14474753,0
Jordan,1992,20.046457,1.1905912,0.0,7.743683,2.9425993,0.10647564,0
Jordan,1993,21.237074,5.765458,0.0,8.347297,3.8339324,0.1358862,0
Jordan,1994,22.915058,5.369503,0.00970977,5.816152,3.6120346,0.07767816,0
Jordan,1995,23.885868,4.2054634,0.009690007,4.6124434,4.4864736,0.10659008,0
Jordan,1996,22.251694,2.6076202,0.0,4.5198746,5.1283197,0.09657852,0
Jordan,1997,21.367252,4.8273454,0.009616225,4.317685,3.7984092,0.09616226,0
Jordan,1998,20.466803,3.8142245,0.0,5.085633,4.387792,0.0955946,0
Jordan,1999,22.883856,4.498941,0.009491437,4.35657,3.8725064,0.09491438,0
Jordan,2000,23.843618,5.967975,0.009428081,4.4783387,3.7335203,0.11313697,0
Jordan,2001,23.10134,6.8826447,0.009364142,4.9068108,4.2138643,0.10300557,0
Jordan,2002,21.366564,7.48155,0.0092938505,4.5911627,4.470342,0.09293851,0
Jordan,2003,23.58018,5.624884,0.018472524,4.5350046,4.442642,0.10159889,0
Jordan,2004,25.209534,7.353931,0.009203918,5.457924,5.209418,0.09203919,0
Jordan,2005,25.638948,6.218298,0.018451922,4.871308,4.6222067,0.06458173,0
Jordan,2006,21.919558,8.551576,0.008935817,4.0747323,5.263196,0.089358166,0
Jordan,2007,24.61273,7.924652,0.008737213,5.2598023,5.2423277,0.1310582,0
Jordan,2008,25.184364,7.512533,0.017823327,5.124207,6.4431334,0.1247633,0
Jordan,2009,25.424067,5.159563,0.018231671,5.788556,6.3263903,0.063810855,0
Jordan,2010,31.279985,5.069998,0.01999999,4.7499976,6.2599974,0.09999996,0
Jordan,2011,31.87,7.03,0.02,4.6,5.41,0.08,0
Jordan,2012,32.389973,6.1399946,0.0,6.829994,7.029994,0.04999996,0
Jordan,2013,31.579967,6.0799937,0.0099999895,5.369994,6.189994,0.089999914,0
Jordan,2014,29.58,4.56,0.01,5.04,5.79,0.08,0
Jordan,2015,26.41,5.83,0.01,5.08,5.67,0.08,0
Jordan,2016,24.900003,6.420001,0.010000001,4.8900003,5.7900004,0.110000014,0
Jordan,2017,24.20999,6.6099973,0.009999996,4.5699983,5.159998,0.07999997,0
Jordan,2018,25.610016,6.820004,0.010000005,5.680003,4.9700027,0.07000004,0
Jordan,2019,21.959995,7.6199985,0.009999998,4.459999,4.939999,0.08999998,0
Jordan,2020,24.369993,7.3899975,0.009999997,4.4199986,4.8299985,0.089999974,0
Jordan,2021,24.399982,7.5199947,0.009999993,3.9599972,4.7399964,0.06999995,0
Kazakhstan,1992,6.2136183,24.797897,12.97411,13.662416,4.016694,3.6395395,1
Kazakhstan,1993,4.700278,22.647644,11.586513,15.508101,3.50879,3.9215887,1
Kazakhstan,1994,2.8215542,25.130642,9.358154,14.314685,2.398321,4.4674606,1
Kazakhstan,1995,2.403324,24.941582,6.5003285,11.685452,2.2424712,3.888843,1
Kazakhstan,1996,2.6296065,21.843771,6.74964,10.252618,2.7435246,4.6041846,1
Kazakhstan,1997,3.5282342,18.394497,5.5879602,9.249695,1.6973667,4.4627395,0
Kazakhstan,1998,3.50464,17.177536,5.472999,7.700607,1.47867,4.6184435,0
Kazakhstan,1999,2.8193288,17.733866,6.4950404,6.485418,2.7231057,4.281915,0
Kazakhstan,2000,3.5109622,16.339846,9.480555,6.2565923,3.7501287,3.5874956,0
Kazakhstan,2001,4.306357,15.539088,12.642778,6.354735,2.982057,3.6203885,0
Kazakhstan,2002,5.3004813,16.073042,12.984272,6.6256013,2.7646396,3.431966,0
Kazakhstan,2003,6.0458665,17.487095,12.876164,6.227625,2.4202597,4.0273886,0
Kazakhstan,2004,7.6900935,18.39478,12.884027,6.5476203,2.4385564,4.272274,0
Kazakhstan,2005,9.804525,18.829693,13.98035,6.821795,3.0981917,4.1854453,1
Kazakhstan,2006,13.549866,19.458685,14.329369,7.2753544,3.2912319,4.292074,1
Kazakhstan,2007,12.908443,20.901674,14.63021,7.723904,4.5593157,4.28037,1
Kazakhstan,2008,12.03415,20.608002,16.080776,8.102866,5.440358,4.3926573,1
Kazakhstan,2009,11.403155,20.781002,15.703336,8.235612,3.753059,4.6841245,0
Kazakhstan,2010,15.650001,23.190002,7.8700004,8.68,5.0700006,5.3300004,1
Kazakhstan,2011,16.41,22.22,10.2,8.87,4.74,5.48,1
Kazakhstan,2012,16.720001,21.500002,10.100001,8.970001,4.6500006,5.5800004,1
Kazakhstan,2013,17.129995,21.839996,9.8099985,9.109998,4.519999,5.659999,1
Kazakhstan,2014,17.760006,22.830006,8.850003,9.200003,3.680001,5.4300013,1
Kazakhstan,2015,17.740002,23.000002,8.110001,9.200001,4.0500007,5.3500004,1
Kazakhstan,2016,17.189993,22.97999,7.689997,9.199996,3.159999,5.6499977,1
Kazakhstan,2017,18.009989,23.679985,7.469995,9.149994,2.8299983,5.629997,1
Kazakhstan,2018,18.42,24.19,7.23,9.14,2.85,5.71,1
Kazakhstan,2019,19.91,25.94,7.49,9.17,3.76,6.24,1
Kazakhstan,2020,20.749989,26.299986,8.129996,9.019996,3.7199981,6.4699965,1
Kazakhstan,2021,20.100002,27.120005,8.780001,9.080001,3.6800005,6.760001,1
Kenya,1961,0.89350504,13.007771,0.280519,3.781812,1.9428539,1.7662308,0
Kenya,1962,0.9182443,11.648291,0.2579338,3.5078998,2.4658473,1.7126805,0
Kenya,1963,0.9218141,9.965835,0.1536357,3.4926515,2.5503523,1.7002349,0
Kenya,1964,0.96602446,10.666944,0.17286754,3.5081942,2.5726757,1.6880006,0
Kenya,1965,0.99922895,11.203477,0.17158477,3.3408563,2.735263,1.6653816,0
Kenya,1966,1.1123096,9.960682,0.20041613,3.1765957,3.0262835,1.6333915,0
Kenya,1967,1.1546466,10.043436,0.14930777,3.145417,2.7671704,1.6224777,0
Kenya,1968,1.1378775,10.636682,0.18799715,2.9287977,2.6517494,1.6029232,0
Kenya,1969,1.3585554,10.563261,0.1968921,2.5595973,2.894314,1.6145152,0
Kenya,1970,1.3337917,11.023396,0.08826563,2.2458699,3.3540938,1.5201302,0
Kenya,1971,1.4989499,10.806154,0.12736174,2.1357586,2.1357586,1.4891528,0
Kenya,1972,1.6472929,10.648571,0.18630098,1.9806736,2.363081,1.4609919,0
Kenya,1973,1.7282202,10.781737,0.18656923,1.8460534,2.2290113,1.4238179,0
Kenya,1974,1.7619445,10.473235,0.17717879,1.9095936,2.480503,1.4075869,0
Kenya,1975,1.9164242,9.078318,0.18769102,2.143629,2.0448442,1.373108,0
Kenya,1976,1.8856821,9.517733,0.1885682,2.2628186,2.9773927,1.359676,0
Kenya,1977,2.003057,12.317306,0.1893437,2.521261,3.0095682,1.3453369,0
Kenya,1978,2.0292695,12.535487,0.19992803,2.868967,3.1288738,1.3994962,0
Kenya,1979,1.9951448,12.141309,0.20051707,2.7370582,3.28848,1.3635161,0
Kenya,1980,1.9898927,11.818757,0.21104921,2.190892,3.004939,1.356745,0
Kenya,1981,2.0237744,9.776543,0.22150765,2.1949396,3.3528204,1.329046,0
Kenya,1982,1.9968871,10.4887,0.24204692,2.168337,4.6291475,1.3211727,0
Kenya,1983,2.1401248,10.7511,0.23218338,1.8271822,5.400787,1.3830053,0
Kenya,1984,1.6767142,10.2825,0.23231582,2.2625542,4.8483305,1.4645998,0
Kenya,1985,2.102224,9.641932,0.24256432,2.516605,5.407163,1.4755996,0
Kenya,1986,2.245449,9.831426,0.2326366,2.0330415,5.8563733,1.4666221,0
Kenya,1987,2.1156123,10.507204,0.22269604,1.9738967,5.952058,1.3969115,0
Kenya,1988,1.8529214,11.016275,0.24300607,2.3389335,5.8523965,1.3770344,0
Kenya,1989,1.9439441,10.155083,0.24299301,2.328683,5.7103357,1.3668357,0
Kenya,1990,0.76930976,9.2114725,0.24293992,2.4293993,7.5716276,1.3462921,0
Kenya,1991,0.7498621,10.224471,0.29386488,2.4826515,6.9210243,1.3477252,0
Kenya,1992,0.761598,10.144485,0.31479385,2.4066496,5.2296395,1.1880928,0
Kenya,1993,0.569862,9.545189,0.3154593,2.3405046,5.607035,1.129548,0
Kenya,1994,0.59112453,9.264349,0.25479507,2.2523885,6.492178,1.1516737,0
Kenya,1995,0.74465656,8.895076,0.2856217,2.2135682,5.936851,1.1424868,0
Kenya,1996,0.71445495,9.134817,0.3368145,2.082126,5.389032,1.1737474,0
Kenya,1997,0.7143071,9.245176,0.367358,2.0714908,4.7654495,1.1326871,0
Kenya,1998,0.66259557,9.266145,0.3262009,1.8348801,5.310959,1.1417032,0
Kenya,1999,0.498403,9.306913,0.33565918,2.2072134,6.1130657,1.1697214,0
Kenya,2000,0.5475858,8.315191,0.4056191,2.099079,6.1147084,1.0241883,0
Kenya,2001,0.89911413,8.869912,0.40409628,2.384168,4.3844447,1.1112647,0
Kenya,2002,0.60404843,9.715112,0.42283386,2.3658562,3.000107,1.1678269,0
Kenya,2003,0.61249083,10.151281,0.42171496,2.279269,2.4499633,1.2048999,0
Kenya,2004,0.54067,10.062469,0.42052105,2.1726923,2.8935854,1.3516749,0
Kenya,2005,0.54912513,11.05239,0.41933188,2.1066434,3.7240667,1.2180593,0
Kenya,2006,0.57735705,11.646686,0.41808614,2.1700664,4.081317,1.3239396,0
Kenya,2007,0.6153578,11.681874,0.3870799,2.2232282,3.305067,2.441581,0
Kenya,2008,0.6134515,11.675367,0.35619766,2.137186,3.3739834,2.483489,0
Kenya,2009,0.6215804,11.958023,0.38478786,2.1508656,3.27563,2.1409993,0
Kenya,2010,0.65000004,11.120001,0.30000004,2.0900002,3.3400002,2.1400003,0
Kenya,2011,0.4999999,10.739998,0.25999993,2.2499995,4.399999,2.0599997,0
Kenya,2012,0.54,9.39,0.25,2.19,3.75,2.08,0
Kenya,2013,0.83000004,9.470001,0.28000003,2.0000002,4.0100007,2.1000001,0
Kenya,2014,0.97,10.19,0.29,2.21,4.15,2.21,0
Kenya,2015,0.90999985,10.509998,0.31999993,2.0799997,3.9899993,2.1599998,0
Kenya,2016,0.84000003,10.840001,0.30000004,1.9300001,3.5600002,2.1400003,0
Kenya,2017,2.18,11.09,0.28,0.96,3.16,2.16,0
Kenya,2018,2.65,10.52,0.3,1.12,3.17,2.1,0
Kenya,2019,1.7499999,6.4499993,0.31999996,1.8999999,3.0099998,2.16,0
Kenya,2020,1.34,4.69,0.47,2.84,2.95,1.83,0
Kenya,2021,1.6999998,4.7199993,0.40999994,2.0499997,2.8899996,1.3699999,0
Kiribati,1961,1.9430181,1.4009442,10.271244,0.0,33.129868,0.0,1
Kiribati,1962,1.9787586,6.6005735,10.013932,0.0,32.303234,0.0,1
Kiribati,1963,1.9699236,6.8805604,9.7645855,0.0,32.475395,0.0,1
Kiribati,1964,1.9951259,7.071692,11.395647,0.0,36.458973,0.0,1
Kiribati,1965,1.9830908,6.070106,11.109573,0.0,39.277992,0.0,1
Kiribati,1966,2.0199459,4.1974764,9.347623,0.0,41.322937,0.0,1
Kiribati,1967,2.0577328,6.653094,9.248891,0.0,41.80906,0.0,1
Kiribati,1968,2.1403875,7.079161,9.166607,0.0,45.01621,0.0,1
Kiribati,1969,2.1827023,4.876737,9.036082,0.0,45.25673,0.0,1
Kiribati,1970,2.2285655,6.042399,8.860654,0.0,45.2529,0.0,1
Kiribati,1971,2.274629,6.1015387,8.745027,0.0,46.107346,0.0,1
Kiribati,1972,2.345207,7.5062046,8.586235,0.0,46.11726,0.0,1
Kiribati,1973,3.2643197,7.280751,8.44381,0.0,47.01861,0.0,1
Kiribati,1974,3.414846,6.4596863,8.394509,0.0,48.702026,0.0,1
Kiribati,1975,3.313781,6.4931126,8.557305,0.0,49.176826,0.0,1
Kiribati,1976,3.3135545,8.032122,8.698081,0.0,51.863625,0.0,1
Kiribati,1977,3.4219048,10.801983,8.725006,0.0,53.201256,0.0,1
Kiribati,1978,3.6628337,8.80304,8.724362,0.0,56.34994,0.0,1
Kiribati,1979,4.112718,9.608161,8.757254,0.0,57.019653,0.0,1
Kiribati,1980,3.4988081,9.16742,8.733459,0.0,60.61889,0.0,1
Kiribati,1981,3.6552815,5.77245,8.586292,0.12666817,61.434067,0.18095453,1
Kiribati,1982,3.5830278,5.8902807,8.342302,0.018096099,62.132957,0.54288304,1
Kiribati,1983,3.7435498,5.7854857,8.195338,0.07358328,62.941303,0.3311248,1
Kiribati,1984,4.066956,5.939776,8.005386,0.0,63.15258,0.34885857,1
Kiribati,1985,3.958396,5.4637012,7.8238716,0.0,65.25778,0.19513218,1
Kiribati,1986,4.3958235,3.6085114,7.844998,0.0,65.74989,0.6467203,1
Kiribati,1987,4.631678,6.13155,7.989881,0.0,67.66401,0.45279133,1
Kiribati,1988,4.324686,5.462762,7.568201,0.0,68.02846,0.24658297,1
Kiribati,1989,4.3026357,8.877709,7.4497604,0.028183203,68.992485,0.028183203,1
Kiribati,1990,4.4221454,4.4788394,7.304099,0.0661432,69.5543,0.07559223,1
Kiribati,1991,5.4591722,5.7410574,7.263236,0.075169325,69.69136,0.56377,1
Kiribati,1992,5.546059,6.3236313,6.998152,0.03747337,69.70984,0.43094376,1
Kiribati,1993,6.3233476,4.7518644,7.8012896,0.037416253,70.48287,0.19643533,1
Kiribati,1994,6.3527656,5.0635276,7.8849025,0.065396115,71.31913,0.15881914,1
Kiribati,1995,9.344148,7.0314245,8.327669,0.16785894,70.8831,0.44762382,1
Kiribati,1996,10.798813,6.2420335,7.7484064,0.09414832,71.430336,0.28244498,1
Kiribati,1997,10.212407,4.956297,8.057496,0.08432264,70.02526,0.515305,1
Kiribati,1998,12.361187,4.8661685,7.672139,0.42881948,70.14927,0.16779892,1
Kiribati,1999,12.645088,3.7573447,8.043501,0.38965055,70.49892,0.092773944,1
Kiribati,2000,12.313598,4.157474,9.221184,0.78478163,70.424805,0.22422332,1
Kiribati,2001,14.444849,4.805672,9.982439,0.33398497,70.17395,1.131838,1
Kiribati,2002,14.992858,4.299628,11.056186,0.4187949,69.85499,0.26989004,1
Kiribati,2003,16.76057,5.931231,11.539612,0.23983204,69.44983,0.42431825,1
Kiribati,2004,16.960484,5.5949254,10.949408,0.6380989,69.62676,0.30517775,1
Kiribati,2005,21.917683,5.7383814,9.441746,0.8800073,69.575584,0.09166743,1
Kiribati,2006,20.560867,5.698586,9.577302,0.7904491,68.144066,0.42279834,1
Kiribati,2007,19.691608,5.570173,9.617892,0.8660661,68.15485,0.22791213,1
Kiribati,2008,16.226042,4.111328,9.794097,0.3106337,66.27461,0.45681423,1
Kiribati,2009,14.824122,2.2729716,8.6843815,0.11772363,67.3198,0.0,1
Kiribati,2010,13.408634,0.0,8.3091545,0.09998982,73.202545,0.0,1
Kiribati,2011,13.917847,0.0,8.388702,0.02999536,73.6586,0.0,1
Kiribati,2012,13.208817,6.3394322,8.619228,0.099991046,73.96338,0.039996415,1
Kiribati,2013,14.309242,5.2997193,9.429501,0.17999047,74.72604,0.12999311,1
Kiribati,2014,15.137104,7.3785887,7.99847,0.15996939,74.96566,0.039992347,1
Kiribati,2015,16.33902,4.199748,8.929464,0.0899946,75.77545,0.0699958,1
Kiribati,2016,17.4672,4.1893287,11.508156,0.019996794,76.7377,0.039993588,1
Kiribati,2017,19.947018,3.5794647,12.738095,0.049992524,76.17861,0.30995366,1
Kiribati,2018,21.78715,3.8994899,10.678603,0.09998692,76.61997,0.13998169,1
Kiribati,2019,21.387934,2.3997684,11.358902,0.109989375,77.09255,0.22997779,1
Kiribati,2020,10.648905,,13.608601,0.07999177,75.74221,,1
Kiribati,2021,30.086964,6.1693773,15.3784485,0.27997175,74.3225,0.47995156,1
Kuwait,1961,9.422313,3.5344527,,23.473282,7.3554826,4.776287,1
Kuwait,1962,9.203127,3.569644,,21.745596,7.670748,4.2871156,1
Kuwait,1963,8.7483,3.670107,,22.193247,5.9775505,3.86088,1
Kuwait,1964,8.800186,4.265916,,21.7645,8.70765,2.8963811,1
Kuwait,1965,9.126958,7.222772,,23.591263,8.188935,3.3768806,1
Kuwait,1966,8.716278,3.6734912,,24.212933,8.49908,2.955791,1
Kuwait,1967,11.724698,3.867358,,19.289627,8.536486,2.876937,1
Kuwait,1968,13.171582,3.4711435,,19.879333,7.861671,2.3922746,1
Kuwait,1969,12.197838,3.0541294,,18.73573,8.013587,2.4376996,1
Kuwait,1970,11.145492,3.2511575,,18.311117,7.1189137,1.74703,1
Kuwait,1971,10.895778,2.8321495,,17.858536,7.2356243,1.9759182,1
Kuwait,1972,15.275544,4.9526916,,17.106712,6.0058503,2.362491,1
Kuwait,1973,14.002343,4.584669,,17.125648,5.1864066,2.3974,1
Kuwait,1974,16.990244,2.7805707,,17.651829,7.14319,1.8888704,1
Kuwait,1975,15.922388,5.872698,,18.23123,6.926526,1.1017295,1
Kuwait,1976,22.1582,3.586793,,18.571405,8.343813,1.2082831,1
Kuwait,1977,27.047205,5.1060905,,19.7178,15.977729,1.4696497,1
Kuwait,1978,25.596775,6.2315297,,19.933443,9.4730425,1.1363926,1
Kuwait,1979,24.385187,8.254584,,21.199694,9.861182,1.3203641,1
Kuwait,1980,25.889534,6.7087026,,20.54827,13.0594845,1.1930661,1
Kuwait,1981,23.242786,8.724054,,19.37967,11.287261,1.1625971,1
Kuwait,1982,33.551067,12.718408,,18.343683,11.432891,1.0120023,1
Kuwait,1983,32.427105,10.321842,,18.51032,11.511078,0.6990165,1
Kuwait,1984,31.45373,7.8043084,,18.310108,13.552937,0.16372676,1
Kuwait,1985,26.843187,6.0628424,,19.324165,11.905884,0.17400907,1
Kuwait,1986,33.559135,8.193058,,19.413382,11.507312,0.1388654,1
Kuwait,1987,33.75138,9.4477625,,19.870295,11.425419,0.14059171,1
Kuwait,1988,31.84188,10.029533,,20.483246,12.338964,0.13196753,1
Kuwait,1989,32.93443,9.661387,,20.347609,11.235905,0.13975006,1
Kuwait,1990,25.852358,0.9593168,,17.661268,5.903488,0.2582776,1
Kuwait,1991,13.5423155,3.060832,,6.0918026,6.2411113,0.89585334,0
Kuwait,1992,27.172615,7.720288,,12.455088,10.939018,1.387786,1
Kuwait,1993,28.45416,10.073305,,16.338537,10.871085,0.58503884,1
Kuwait,1994,32.977814,9.620203,,20.465525,12.31145,0.72302157,1
Kuwait,1995,36.257385,10.060849,,20.591206,13.261158,0.85277677,1
Kuwait,1996,35.85358,9.714804,,20.546251,12.9995985,0.8560938,1
Kuwait,1997,36.268394,9.807792,,24.417315,11.070916,0.52011013,1
Kuwait,1998,37.912235,9.955984,,23.158072,11.848757,0.6056872,1
Kuwait,1999,39.42126,9.257364,,20.35458,12.917702,0.45512143,1
Kuwait,2000,48.82936,8.983736,,19.592817,10.540129,0.34477055,1
Kuwait,2001,57.301193,7.250923,,17.923409,9.498809,0.43764147,1
Kuwait,2002,45.664093,7.4222903,,20.526335,9.112812,0.36011115,1
Kuwait,2003,55.208004,13.049347,,21.064224,11.951833,0.5235849,1
Kuwait,2004,72.33033,10.8500595,,22.52611,10.880651,0.2549356,1
Kuwait,2005,86.88282,12.664206,,24.03426,12.150653,0.56490785,1
Kuwait,2006,63.12953,10.390346,,22.498781,12.323195,0.542016,1
Kuwait,2007,72.13149,10.131228,,22.066507,13.392791,1.2536631,1
Kuwait,2008,77.0765,9.723747,,20.91523,11.303601,0.4077043,1
Kuwait,2009,89.53041,10.011257,,19.298687,18.044731,0.77480197,1
Kuwait,2010,70.99991,10.469986,,14.399981,14.91998,0.5499993,1
Kuwait,2011,67.26985,10.109978,,14.319968,14.039969,0.69999844,1
Kuwait,2012,57.859863,8.999979,,14.079967,15.749963,0.5799986,1
Kuwait,2013,51.19,12.16,,13.32,12.73,0.52,1
Kuwait,2014,45.569878,11.489969,,13.2399645,13.279964,0.6199984,1
Kuwait,2015,46.169937,11.879985,,13.1099825,13.8999815,0.5599993,1
Kuwait,2016,45.7,9.49,,13.01,12.95,0.43,1
Kuwait,2017,45.559956,9.669991,,12.689987,14.429986,0.5399995,1
Kuwait,2018,46.51,9.57,,12.2,14.27,1.38,1
Kuwait,2019,45.74995,11.679987,0.35999963,12.959986,14.129985,2.4199975,1
Kuwait,2020,45.699886,11.69997,0.0,13.269967,14.389964,2.2899942,1
Kuwait,2021,50.949986,13.059997,0.41999987,14.279996,14.759996,2.6099992,1
Kyrgyzstan,1992,4.932168,19.509907,4.1664886,15.442856,0.18893385,2.6649618,1
Kyrgyzstan,1993,2.0597084,19.507238,4.5593543,17.877468,0.07998867,1.2398245,0
Kyrgyzstan,1994,1.5842181,18.088161,3.9104118,16.704477,0.23061402,2.9177687,0
Kyrgyzstan,1995,0.68933094,17.043457,5.964211,11.658684,0.20979637,2.2877793,0
Kyrgyzstan,1996,0.7487808,16.033892,6.050149,11.511256,0.3394473,2.845367,0
Kyrgyzstan,1997,1.2901677,19.782572,5.260684,9.061178,0.5600728,3.8805046,0
Kyrgyzstan,1998,2.156072,19.685436,6.4983,8.804795,1.0028241,3.7806468,0
Kyrgyzstan,1999,1.094487,19.560188,5.663217,9.177625,0.79325205,4.217289,0
Kyrgyzstan,2000,1.3453802,20.431707,4.708831,8.343366,0.8734931,3.9758997,0
Kyrgyzstan,2001,1.3317508,20.116444,5.016595,8.451109,0.8210794,3.6948571,0
Kyrgyzstan,2002,1.6123793,20.871353,4.3693485,8.290814,0.97538996,2.418569,0
Kyrgyzstan,2003,2.298215,18.582993,4.2018867,8.3150015,1.2724023,1.6373549,0
Kyrgyzstan,2004,2.5109444,18.48524,4.8167143,8.382842,1.3385191,0.9574808,0
Kyrgyzstan,2005,3.310774,17.379135,3.369028,8.602186,1.4272251,1.2330449,0
Kyrgyzstan,2006,3.1769855,15.681523,5.792187,8.52362,1.7725255,0.6877011,0
Kyrgyzstan,2007,3.8397539,14.059705,5.643275,8.561875,2.3174272,0.7854042,0
Kyrgyzstan,2008,5.143114,14.029326,5.2986712,8.487596,2.3819716,0.73889726,0
Kyrgyzstan,2009,6.2043185,14.47026,5.4749703,8.781346,1.8379563,1.1086086,0
Kyrgyzstan,2010,10.729978,13.859972,5.369989,8.749983,2.059996,1.4399972,0
Kyrgyzstan,2011,8.400001,14.360002,4.830001,8.690001,2.3100002,1.4600003,0
Kyrgyzstan,2012,7.209994,14.489987,4.879996,8.589993,2.5899978,1.4599988,0
Kyrgyzstan,2013,5.719999,14.799997,4.349999,8.5199995,2.5299995,1.4899998,0
Kyrgyzstan,2014,3.6799963,15.649983,5.8499937,8.599992,3.009997,1.5099984,0
Kyrgyzstan,2015,3.739997,14.699987,3.1599975,8.669992,1.8599985,1.4999987,0
Kyrgyzstan,2016,4.339998,14.769993,2.8499985,8.729995,1.1199994,1.5099992,0
Kyrgyzstan,2017,3.1699967,14.299986,2.789997,8.809992,1.1499988,1.5299984,0
Kyrgyzstan,2018,5.9999876,14.949969,2.7199945,8.869982,0.989998,1.5299969,0
Kyrgyzstan,2019,5.899997,15.569993,2.309999,8.889997,0.88999957,1.5899993,0
Kyrgyzstan,2020,5.799991,15.709976,2.1699967,9.019986,0.8699987,1.5199976,0
Kyrgyzstan,2021,7.849998,15.649996,2.0999994,9.939997,0.8599998,3.479999,0
Laos,1961,2.0679548,2.7572732,4.1459002,0.02997036,5.5245366,0.0,0
Laos,1962,2.298327,2.8279414,4.0470543,0.029978177,7.744363,0.0,0
Laos,1963,2.2387938,2.7785032,3.9578679,0.029983846,7.1061716,0.0,0
Laos,1964,2.759385,2.769383,5.0788684,0.029993316,6.538543,0.0,0
Laos,1965,2.9719198,2.911881,5.6336393,0.03001939,6.984512,0.0,0
Laos,1966,3.463031,2.792444,6.045291,0.03002628,7.936947,0.0,0
Laos,1967,3.8632126,3.3427799,6.0250106,0.030024968,7.686392,0.070058264,0
Laos,1968,3.9044688,2.8933115,5.8967485,0.030034373,7.7088223,0.010011458,0
Laos,1969,3.7069125,2.9254553,4.688743,0.030056046,7.2234697,0.010018682,0
Laos,1970,3.442457,4.0446362,4.4460883,0.030108953,7.687819,0.0,0
Laos,1971,3.0602548,3.2817206,4.248117,0.030199884,7.4090385,0.0,0
Laos,1972,2.4245248,3.0407581,4.414655,0.030306557,7.536231,0.010102186,0
Laos,1973,1.8234179,2.7655172,4.173601,0.030390298,7.1315904,0.010130099,0
Laos,1974,1.6617655,2.249463,3.7085743,0.030398147,7.032105,0.0,0
Laos,1975,1.395699,2.0733209,3.9848218,0.020227522,7.565093,0.0,0
Laos,1976,1.1682997,2.296313,4.6832705,0.020143097,7.1608715,0.0,0
Laos,1977,1.1415511,1.982694,3.965388,0.020027213,7.0395656,0.0,0
Laos,1978,1.204309,2.3588529,3.274526,0.029858898,6.9272647,0.0,0
Laos,1979,1.2472554,2.6825893,3.830856,0.019797705,7.4241395,0.0,0
Laos,1980,1.2323655,3.0069718,5.0379105,0.029576773,7.275886,0.0,0
Laos,1981,1.4165064,3.0887709,5.341409,0.029510548,7.1218786,0.0,0
Laos,1982,1.4441668,3.0848188,5.324751,0.03929705,6.9457545,0.0,0
Laos,1983,1.6211947,3.1244843,5.5022364,0.03930169,7.3395905,0.0,0
Laos,1984,1.7000746,3.351014,5.6014013,0.03930808,7.1442437,0.0,0
Laos,1985,1.5039893,3.8042083,4.226898,0.04914998,6.949807,0.0,0
Laos,1986,1.4446398,4.1373696,4.9923606,0.049137406,6.7514796,0.0,0
Laos,1987,1.7392904,3.9993854,4.8444643,0.0491325,7.0750794,0.0,0
Laos,1988,1.4840738,3.4595625,4.9239798,0.049141515,6.8699837,0.0,0
Laos,1989,1.7107313,3.6574254,5.1518574,0.05899073,6.6757846,0.0,0
Laos,1990,1.6136038,3.8864238,5.0671096,0.07871238,6.493771,0.0,0
Laos,1991,1.6742417,4.0969677,4.92424,0.05909088,6.5393906,0.0,0
Laos,1992,1.735645,4.270081,4.950533,0.0493081,6.5777,0.0,0
Laos,1993,1.9154491,4.3936844,5.242801,0.05924069,6.654704,0.0,0
Laos,1994,1.9763076,4.515863,5.3162675,0.069170766,8.241203,0.0,0
Laos,1995,2.0561786,5.7632313,5.8522005,0.059312843,9.094636,0.0,0
Laos,1996,2.1257377,5.487369,5.8729677,0.06921006,8.176675,0.0,0
Laos,1997,2.1474433,5.7891903,5.927735,0.06927236,8.471021,0.0,0
Laos,1998,2.151008,5.8979244,5.987137,0.07929982,8.227357,0.0,0
Laos,1999,2.0338535,7.0639205,5.9130573,0.079369895,11.845957,0.0,0
Laos,2000,2.192558,6.071699,5.278013,0.07936861,13.949035,0.0,0
Laos,2001,2.4180238,6.2333484,5.718032,0.08918941,15.489226,0.0,0
Laos,2002,2.3738415,6.6962113,5.6279826,0.08901906,17.358715,0.0,0
Laos,2003,3.1408322,6.992796,6.242157,0.08889148,17.48199,0.0,0
Laos,2004,3.3691084,6.8567777,6.4121737,0.118561,17.398827,0.0,0
Laos,2005,3.3738964,6.935781,6.668639,0.1286236,15.612927,0.0,0
Laos,2006,3.45039,6.94044,7.2279725,0.1388088,15.278883,0.0,0
Laos,2007,3.3641362,6.987052,7.6140947,0.1692021,15.904998,0.0,0
Laos,2008,3.4017384,7.093625,8.264223,0.17008692,15.908129,0.0,0
Laos,2009,3.5415084,7.103139,8.743098,0.22134428,17.42583,0.0,0
Laos,2010,3.6399972,6.9199944,8.969993,0.2399998,17.969984,0.0,0
Laos,2011,3.5999994,6.859999,8.619999,0.24999997,20.329996,0.0,0
Laos,2012,3.8899963,6.8399935,9.149991,0.25999975,20.96998,0.0,0
Laos,2013,4.2000027,7.1800046,9.390006,0.28000018,22.340015,0.0,0
Laos,2014,4.6499887,9.499976,10.859972,0.28999928,25.299936,0.01999995,0
Laos,2015,4.72,8.42,11.22,0.31,23.57,0.0,0
Laos,2016,5.2099953,7.7599936,12.359988,0.3199997,24.899977,0.0,0
Laos,2017,5.389996,7.7099943,12.69999,0.32999977,25.74998,0.0,0
Laos,2018,5.5300016,7.800002,12.310003,0.3400001,25.920006,0.0,0
Laos,2019,5.7999935,8.129991,13.099985,0.3599996,26.31997,0.019999977,0
Laos,2020,6.1200023,8.580004,13.2400055,0.37000015,25.93001,0.05000002,0
Laos,2021,6.450004,8.790006,14.150009,0.38000026,25.560017,0.06000004,0
Latvia,1992,8.138279,29.984163,24.591328,1.4609681,33.161034,0.77460724,1
Latvia,1993,4.887049,31.892374,25.408762,1.4408033,29.536469,0.46728754,1
Latvia,1994,4.9406013,29.662985,23.482388,0.8428085,29.798609,0.23249888,1
Latvia,1995,4.6368966,24.200922,26.049873,0.42593622,26.437086,0.14520554,1
Latvia,1996,5.1889524,11.153823,19.70832,0.2909693,24.257141,0.1260867,1
Latvia,1997,6.8600307,10.981896,17.617805,0.16565415,18.796875,0.17539851,1
Latvia,1998,8.601417,11.318169,15.064737,0.1373088,15.976861,0.19615544,1
Latvia,1999,7.294495,9.693091,16.434824,0.10857841,17.106035,0.11844918,1
Latvia,2000,10.237017,10.593776,15.52895,0.15855978,13.299202,0.15855978,1
Latvia,2001,11.857918,9.482358,17.831604,0.15903325,11.718763,0.2286103,1
Latvia,2002,15.638244,8.008374,21.943344,0.1693313,10.050311,0.3685446,1
Latvia,2003,16.564087,10.201722,25.180204,0.1894748,9.6432705,0.26925367,1
Latvia,2004,18.84449,10.614367,25.478472,0.17956635,13.33779,0.2394218,1
Latvia,2005,19.774158,9.178721,30.329689,0.20951429,12.870164,0.23944491,1
Latvia,2006,21.203245,7.635959,31.221703,0.22927815,13.995935,0.3489015,1
Latvia,2007,21.529997,8.793241,33.70908,0.2589176,19.72753,0.27883434,1
Latvia,2008,22.211065,7.6456175,37.691204,0.3181531,24.13987,0.39769143,1
Latvia,2009,20.759754,6.6351748,37.119232,0.288054,26.878418,0.3079198,1
Latvia,2010,21.39993,5.399982,37.259876,0.29999903,27.809908,0.53999823,1
Latvia,2011,20.75996,4.8199906,42.349915,0.35999933,25.29995,0.37999925,1
Latvia,2012,20.630049,4.8800116,38.07009,0.35000083,20.94005,0.31000075,1
Latvia,2013,20.71999,5.1599975,35.28998,0.33999982,23.86999,0.32999983,1
Latvia,2014,20.73,4.72,35.33,0.36,23.0,0.28,1
Latvia,2015,20.35999,5.099997,37.989983,0.35999984,22.549988,0.4099998,1
Latvia,2016,20.34003,5.230008,39.41006,0.37000057,25.450039,0.4700007,1
Latvia,2017,20.829988,5.5499973,41.449978,0.36999983,24.129986,0.50999975,1
Latvia,2018,20.93998,5.699994,43.589954,0.3799996,23.349976,0.4999995,1
Latvia,2019,24.0501,6.070026,40.87017,0.44000185,24.0501,0.39000162,1
Latvia,2020,25.329906,5.5599794,37.66986,0.39999855,24.29991,0.3799986,1
Latvia,2021,25.33992,4.969984,42.95986,0.32999897,24.599922,0.35999888,1
Lebanon,1961,3.552287,7.3561525,0.51321995,10.193957,3.9850018,0.0,0
Lebanon,1962,5.436829,7.8733344,0.48327368,10.53134,4.0977583,0.0,0
Lebanon,1963,5.4570837,8.658841,0.503421,10.068419,4.208599,0.0,0
Lebanon,1964,6.1719027,8.574321,0.5126499,9.971543,3.638809,0.0,0
Lebanon,1965,7.1455345,8.548584,0.5612201,9.831374,3.677996,0.0,0
Lebanon,1966,8.455753,8.415915,0.5975798,9.939743,3.485882,0.0,0
Lebanon,1967,7.2855062,8.539245,0.7009091,9.447465,4.106735,0.00987196,0
Lebanon,1968,7.750213,8.707994,0.7818626,8.356157,4.290471,0.019546565,0
Lebanon,1969,7.855845,8.524222,0.8039891,7.865532,3.8649597,0.009686615,0
Lebanon,1970,7.9177003,8.419186,0.72329783,8.187731,3.4911172,0.009643971,0
Lebanon,1971,7.9522433,8.8294,0.7132922,7.9522433,3.730325,0.019278165,0
Lebanon,1972,8.612977,7.6677675,0.80053425,7.1855183,3.5590017,0.019289982,0
Lebanon,1973,8.646727,9.052042,0.84923214,6.485045,3.70574,0.0,0
Lebanon,1974,8.302804,9.747607,0.78019387,5.374669,3.8817055,0.0,0
Lebanon,1975,8.249815,7.5990176,0.8134969,4.651288,3.541104,0.0,0
Lebanon,1976,8.029847,7.7167764,0.7192171,4.3660707,3.088403,0.0,0
Lebanon,1977,7.883684,6.6777663,0.95719683,5.4115534,4.1604147,1.0702516,0
Lebanon,1978,11.05531,7.7329884,0.70374286,4.623427,0.5482648,0.36823756,0
Lebanon,1979,16.216248,10.475983,0.86103964,4.780564,0.5740264,0.6457798,0
Lebanon,1980,17.684813,10.292701,1.1866052,4.280568,0.5889078,0.75591147,0
Lebanon,1981,17.309057,10.274822,0.96785545,4.5800304,0.518494,0.38887048,0
Lebanon,1982,18.611769,11.024752,0.9430192,4.4064713,0.4972283,0.38578057,0
Lebanon,1983,17.209764,11.569877,1.3566449,4.462423,0.48634437,0.37542373,0
Lebanon,1984,16.481379,9.290272,1.7535176,4.06344,0.4721009,0.15174672,0
Lebanon,1985,16.426641,8.30458,1.9081452,2.6465144,0.53096217,0.1493331,0
Lebanon,1986,17.29357,7.793031,1.8046167,2.2254243,0.5664716,0.0,0
Lebanon,1987,17.462044,7.2732244,1.7572364,2.0093958,0.5594788,0.0,0
Lebanon,1988,18.628902,7.52722,1.8760148,2.949126,0.5172551,0.0,0
Lebanon,1989,17.471983,7.145213,1.8679303,2.6728108,0.50874525,0.0,0
Lebanon,1990,17.11138,5.6035066,1.9706291,2.7302992,0.41368172,0.0,0
Lebanon,1991,16.294037,6.1168313,1.9663924,2.7169237,2.6869025,0.0,0
Lebanon,1992,16.508211,9.101743,2.087072,2.6747673,2.1624174,0.0,0
Lebanon,1993,17.282328,9.738875,2.4157276,3.2513566,2.628433,0.0,0
Lebanon,1994,16.328194,9.250603,2.2495263,3.7186048,3.2748208,0.0,0
Lebanon,1995,15.151052,8.410441,2.1294198,2.5660274,3.607758,0.0,0
Lebanon,1996,14.486244,8.350715,1.9563661,2.3217573,5.1383157,0.0,0
Lebanon,1997,19.969612,13.305545,3.5842896,2.4849064,6.7770176,0.060240157,1
Lebanon,1998,20.276688,11.863464,2.794472,2.0269237,6.050963,0.052163474,0
Lebanon,1999,20.197258,13.341035,2.5181577,2.0576096,6.1579723,0.02228458,0
Lebanon,2000,20.0435,14.173458,2.4857833,2.0065963,5.48819,0.022461897,0
Lebanon,2001,19.746185,10.986255,2.3181303,4.3914413,7.145656,0.03060238,0
Lebanon,2002,20.60578,13.97967,2.38793,3.4711962,6.1358733,0.0079070525,0
Lebanon,2003,20.412596,16.12038,2.1133425,3.546811,6.528426,0.016382499,0
Lebanon,2004,22.055115,15.74523,2.0892546,2.8979983,7.784158,0.0,0
Lebanon,2005,20.995275,17.397312,2.129582,2.4558887,7.2045135,0.025761072,0
Lebanon,2006,22.743149,16.960115,1.8844571,2.1178532,8.238016,0.0,0
Lebanon,2007,22.862236,16.810976,1.9970026,2.5995467,8.10852,0.00860777,0
Lebanon,2008,23.072775,17.274605,1.7300298,2.783464,8.376085,0.008564504,0
Lebanon,2009,21.727633,21.290163,1.5954757,3.35393,9.504231,0.025733477,0
Lebanon,2010,17.810003,19.330004,1.5300002,2.8600004,10.520002,0.020000003,0
Lebanon,2011,19.489996,17.209995,1.4399998,2.5599995,10.039998,0.009999998,0
Lebanon,2012,21.090008,14.510005,1.4100004,2.1100006,10.040004,0.0,0
Lebanon,2013,16.779974,14.549977,1.2099981,2.0399969,9.629985,0.0,0
Lebanon,2014,16.919987,12.789989,1.1099991,1.8199985,9.429993,0.009999991,0
Lebanon,2015,18.509996,12.539998,1.0499998,1.6199998,8.259999,0.009999998,0
Lebanon,2016,21.879972,11.999985,1.1199986,1.3899982,9.2899885,0.019999973,0
Lebanon,2017,23.009981,13.29999,1.1899991,1.3099989,9.529992,0.009999991,0
Lebanon,2018,23.859991,14.999994,1.2499995,1.4599996,10.249996,0.019999992,0
Lebanon,2019,21.869993,14.649995,1.1599996,1.6199995,8.789997,0.009999997,0
Lebanon,2020,20.759985,12.769991,0.70999944,1.4299989,8.969994,0.0,0
Lebanon,2021,21.720015,12.540009,0.6600005,1.4100009,9.090007,0.0,0
Lesotho,1961,0.60320747,10.869117,2.1396794,4.2452154,0.0,3.539576,0
Lesotho,1962,0.60696507,10.846689,2.1468577,4.79952,0.0,3.484429,0
Lesotho,1963,0.59929854,10.221369,2.1530354,4.7167015,0.0,3.4404173,0
Lesotho,1964,0.60325956,7.688818,2.1388295,4.343469,0.0,3.3782535,0
Lesotho,1965,0.6073767,8.861192,2.1149724,4.5010953,0.0,3.3297257,0
Lesotho,1966,0.5254076,5.179018,2.0909078,4.289042,0.0,3.3776205,0
Lesotho,1967,0.6234309,6.720374,2.092192,4.480249,0.0,3.3284872,0
Lesotho,1968,0.63432586,6.0000987,2.0485606,3.5771818,0.0,3.5563843,0
Lesotho,1969,0.64472145,6.6007195,2.0058002,3.7762258,0.0,3.1110368,0
Lesotho,1970,0.6554026,8.126993,1.9359585,4.20466,0.0,3.085434,0
Lesotho,1971,0.67622113,7.9257092,1.9292191,4.1866045,0.0,3.0131617,0
Lesotho,1972,0.6564156,7.788811,2.0084357,4.193222,0.0,2.9587686,0
Lesotho,1973,0.64779735,7.9282656,2.0207407,4.167174,0.0,2.9876025,0
Lesotho,1974,0.6300282,7.9135356,1.9950892,4.1715503,0.009545881,2.8733103,0
Lesotho,1975,0.60464084,7.3974032,2.0123205,4.0907736,0.018895026,2.834254,0
Lesotho,1976,0.59064865,6.9284024,1.9875795,3.5345166,0.018750751,2.7844865,0
Lesotho,1977,0.57907534,6.948904,1.970724,3.567851,0.018679848,2.6992383,0
Lesotho,1978,0.55933744,7.32732,1.9576808,3.728916,0.018644579,2.6288857,0
Lesotho,1979,0.5397824,7.6686325,1.9357713,3.8901558,0.98649883,2.559313,0
Lesotho,1980,0.5385153,7.669202,1.9219427,4.038865,1.726963,2.4883125,0
Lesotho,1981,0.52805924,7.4576793,1.5563852,4.0484543,1.7046124,2.4179554,0
Lesotho,1982,1.8001235,7.8651547,1.6801152,4.0618167,2.0770655,3.3694618,0
Lesotho,1983,3.2455072,8.008037,1.5721862,4.1649146,2.7858036,3.7511811,0
Lesotho,1984,3.1807728,7.7325687,1.5355455,4.158769,2.1479356,3.3178754,0
Lesotho,1985,2.1883342,7.745432,1.5617988,4.3766685,1.9704089,2.5606234,0
Lesotho,1986,2.467948,7.556965,1.8284432,3.9901493,1.810429,2.630076,0
Lesotho,1987,2.9882054,7.3273664,1.7625046,3.918665,1.7714512,2.7555907,0
Lesotho,1988,2.9496706,7.271695,1.72881,3.9121008,0.017822782,2.9051135,0
Lesotho,1989,2.914163,6.432482,1.6969669,3.9181275,0.017769286,2.843086,0
Lesotho,1990,2.9312887,5.2496715,1.5811193,3.8017926,0.017765386,3.0023503,0
Lesotho,1991,2.8831248,5.739554,1.1657078,3.6217031,0.017797066,3.069994,0
Lesotho,1992,2.7420816,6.7792835,1.0182322,3.2869253,0.017863724,3.1708112,0
Lesotho,1993,2.6488397,7.0845237,1.382784,3.2683988,0.017958235,3.0798373,0
Lesotho,1994,2.8258739,5.8864846,1.0202036,3.4127164,0.0180567,2.9342139,0
Lesotho,1995,2.847631,4.2623773,1.451022,2.983664,0.018137775,2.6571841,0
Lesotho,1996,2.86627,4.4768405,1.383089,2.602391,0.018198539,2.602391,0
Lesotho,1997,2.8775904,4.942147,1.6900133,2.8501844,0.018270414,2.7222917,0
Lesotho,1998,2.9179146,4.90907,1.633298,2.1379688,0.018351663,2.7527497,0
Lesotho,1999,3.0447583,4.899293,1.6792303,3.2200625,0.01845308,2.8233213,0
Lesotho,2000,3.2037914,5.0703483,1.6994025,3.0552096,0.6500446,2.8973417,0
Lesotho,2001,3.2768552,5.0744443,1.9473882,3.0896063,0.8519824,3.0053444,0
Lesotho,2002,3.3877468,5.039156,2.1609862,2.9064794,1.6797185,3.0857751,0
Lesotho,2003,3.4968445,5.021354,2.2295957,2.810815,1.0290442,3.1824143,0
Lesotho,2004,3.630649,5.104096,2.3690708,2.8024375,0.7222777,3.2743256,0
Lesotho,2005,3.7206511,5.21086,2.60056,3.0096366,0.5649156,3.370014,0
Lesotho,2006,3.7979813,8.675492,2.8067768,3.5624475,0.5692065,3.4839363,0
Lesotho,2007,3.8558466,5.2463183,3.3824947,2.9190042,0.690305,3.5797248,0
Lesotho,2008,3.469506,5.2092013,3.5584676,3.2718134,0.780886,3.6375449,0
Lesotho,2009,3.6943965,5.1800785,3.7142055,3.2883098,0.8914093,3.7241101,0
Lesotho,2010,6.209994,0.93999904,0.27999973,0.21999978,0.8699992,4.0999956,0
Lesotho,2011,6.5699778,1.2199959,0.44999847,0.32999888,1.7899939,4.439985,0
Lesotho,2012,6.8999934,2.6599975,0.45999956,0.34999964,1.4299985,4.5199957,0
Lesotho,2013,7.029973,2.1199915,1.8499929,1.2599951,1.4699943,2.7099895,0
Lesotho,2014,10.459945,3.9199796,5.219972,0.65999657,2.8699849,2.5799863,0
Lesotho,2015,9.429947,2.9199836,4.9499717,0.63999635,1.3999921,3.0599825,0
Lesotho,2016,7.4699793,3.2299912,5.169986,0.49999863,1.7899951,2.6699927,0
Lesotho,2017,6.189995,3.9899964,4.7099957,0.6699994,1.7799984,3.1799972,0
Lesotho,2018,8.449962,2.6399882,4.569979,1.3999937,3.059986,3.719983,0
Lesotho,2019,0.8999959,1.5999928,3.8299825,0.33999845,2.889987,2.5999882,0
Lesotho,2020,1.6899971,1.9699966,4.3599925,0.48999918,2.849995,3.2899942,0
Lesotho,2021,10.479935,2.8299825,5.279968,0.38999757,2.8199825,2.739983,0
Liberia,1961,1.0319672,2.663458,1.8771974,0.56021076,8.373677,5.208977,0
Liberia,1962,0.9994213,2.7925007,1.8028777,0.5780966,8.250125,4.3210273,0
Liberia,1963,1.0658079,3.461431,1.7404935,0.57690513,6.98153,3.1094213,0
Liberia,1964,1.1604152,2.3013272,1.8430122,0.58508325,7.1770215,3.7347813,0
Liberia,1965,1.1388032,2.3165402,1.8688054,0.5937351,8.000824,3.844678,0
Liberia,1966,1.1077744,2.3807433,1.88516,0.6024738,11.4275675,3.62456,0
Liberia,1967,1.1069236,2.291526,1.9516811,0.6020111,10.700262,3.4469988,0
Liberia,1968,1.144795,2.066452,1.9112256,0.6112041,10.943464,3.822451,0
Liberia,1969,1.1348094,2.4248064,1.9495444,0.6110512,10.591555,3.482022,0
Liberia,1970,1.1545733,2.2315283,1.9210547,0.6112447,13.38917,3.9585369,0
Liberia,1971,1.2427796,2.864219,1.932134,0.6213898,14.117201,3.9807787,0
Liberia,1972,1.2823094,2.8657672,1.8748916,0.62172574,11.812789,4.225792,0
Liberia,1973,1.2835535,2.469868,1.8767107,0.62232894,14.556663,3.8506603,0
Liberia,1974,1.3335346,1.8494276,1.8396937,0.62296504,14.824621,3.7183228,0
Liberia,1975,1.3253125,1.7930698,1.8125597,0.6236764,14.6661415,3.8979778,0
Liberia,1976,1.3068706,1.579948,1.8237671,0.64368254,13.751399,4.4570136,0
Liberia,1977,1.5308471,1.89162,1.8233657,0.66304207,14.869693,4.6120424,0
Liberia,1978,1.5012063,2.1348324,1.8326415,0.6823665,14.3881855,4.737573,0
Liberia,1979,1.5034002,1.9915172,1.9329432,0.6052651,16.996233,4.627349,0
Liberia,1980,1.459791,1.4695882,2.0574234,0.58783525,13.314468,6.632741,0
Liberia,1981,1.5580077,1.3312091,2.1003523,0.5916485,12.010465,6.567298,0
Liberia,1982,1.5312697,1.252857,2.058265,0.59659857,13.393638,7.268559,0
Liberia,1983,1.6790831,1.5691433,2.0288923,0.6196617,15.981274,7.0061746,0
Liberia,1984,1.6621646,1.2540883,2.0204756,0.607138,17.338268,4.847151,0
Liberia,1985,1.8343214,0.90244687,2.09917,0.5885523,12.908914,7.131292,0
Liberia,1986,1.8663889,0.765698,1.9812435,0.6029872,14.127128,6.613716,0
Liberia,1987,2.054885,0.8608302,2.2122412,0.56463057,14.106507,7.932596,0
Liberia,1988,2.7217894,1.0228947,2.2058947,0.5514737,13.075263,4.3762107,0
Liberia,1989,2.7781978,0.8692521,2.147564,0.536891,12.075787,3.7241485,0
Liberia,1990,2.3792424,0.8470103,2.226971,0.60908604,8.746095,2.9978456,0
Liberia,1991,2.9723644,1.0014418,2.2585707,0.70314,9.012977,3.4624317,0
Liberia,1992,3.0840778,1.7891605,2.2932887,0.6425162,6.158271,3.6574001,0
Liberia,1993,2.5959406,1.7212216,2.0692282,0.6207684,4.5428963,3.4048207,0
Liberia,1994,2.6220756,1.2255353,2.1090608,0.61751777,4.6836348,3.7811089,0
Liberia,1995,2.6601582,0.8349402,2.0485158,0.6213508,5.262065,3.8543167,0
Liberia,1996,2.7724645,0.61831945,1.9247686,0.5983737,5.096149,3.9891577,0
Liberia,1997,3.1853497,0.5854692,2.10372,0.5556996,5.021143,4.2570558,0
Liberia,1998,3.1112065,0.5233805,1.8221396,0.503996,5.1271906,3.9156616,0
Liberia,1999,3.459752,0.7076766,1.6512452,0.47178438,6.369089,3.970852,0
Liberia,2000,3.2164087,0.6292974,1.8579255,0.459487,5.6936426,3.5560296,0
Liberia,2001,2.8766372,0.72418845,1.8004128,0.44255957,4.4356537,2.7056484,0
Liberia,2002,3.1305985,0.51173246,1.8663185,0.43146074,4.113928,2.428221,0
Liberia,2003,3.1288877,0.44553742,1.9137857,0.43541157,4.5161295,2.5213368,0
Liberia,2004,4.885958,0.49981618,2.8152912,0.4386142,5.1103654,2.437879,0
Liberia,2005,4.434983,0.58065236,2.5628796,0.4204724,4.5451064,2.4427445,0
Liberia,2006,3.751968,0.48981306,2.1061962,0.4310355,3.556043,1.9788446,0
Liberia,2007,4.3918986,0.44597644,2.2686627,0.42658615,4.5470204,2.3850045,0
Liberia,2008,4.756399,0.4465191,2.6499937,0.43681213,3.6109805,2.3490787,0
Liberia,2009,4.3933415,0.3718196,2.67123,0.45009738,3.5029318,2.3679037,0
Liberia,2010,5.630003,0.6100003,2.8400013,0.47000024,4.8200026,2.070001,0
Liberia,2011,7.7300034,0.77000034,3.4400017,0.4800002,5.0400023,2.060001,0
Liberia,2012,7.959984,0.75999844,3.6299927,0.479999,5.2099895,2.1199956,0
Liberia,2013,8.559983,0.70999855,3.5699928,0.45999908,6.369987,1.8599962,0
Liberia,2014,10.359977,0.9299979,5.6299877,0.47999892,7.099984,1.8799958,0
Liberia,2015,11.15,1.05,5.1,0.51,6.45,1.99,0
Liberia,2016,11.609985,0.88999885,5.3999934,0.45999944,5.879993,1.8599976,0
Liberia,2017,13.069994,0.6799997,5.3599977,0.4599998,4.689998,1.7599992,0
Liberia,2018,11.239986,0.7199992,4.619994,0.44999945,4.3099947,1.8999977,0
Liberia,2019,10.65,0.61,5.05,0.45,4.36,1.79,0
Liberia,2020,11.039997,0.49999988,4.929999,0.39999992,4.269999,1.6299996,0
Liberia,2021,12.489995,0.71999973,4.999998,0.40999982,4.179998,1.6399993,0
Libya,2010,18.309998,5.8299994,0.0,7.149999,20.609999,0.82999986,0
Libya,2011,23.64998,2.7499976,0.0,7.519994,17.169987,0.82999927,0
Libya,2012,21.229963,6.1699896,0.0,8.299986,23.97996,0.8899985,0
Libya,2013,20.919973,5.4899926,0.009999987,7.3499904,23.85997,0.9199988,0
Libya,2014,33.54996,5.229994,0.029999964,7.649991,19.999977,0.93999887,1
Libya,2015,33.759937,3.6899934,0.019999964,7.349987,16.66997,0.86999846,0
Libya,2016,30.84999,2.9099991,0.009999997,7.409998,16.849995,0.92999977,0
Libya,2017,28.949968,2.8999968,0.019999977,7.329992,22.369976,0.9499989,0
Libya,2018,38.659992,3.0299995,0.0,7.269999,19.559996,0.9699999,1
Libya,2019,31.100023,3.050002,0.060000043,6.690005,20.700016,0.7000005,0
Libya,2020,33.45997,3.5999966,0.0,6.349994,20.439981,0.85999924,0
Libya,2021,38.41,4.48,0.08,6.18,20.19,0.87,1
Lithuania,1992,7.998547,36.43567,17.892254,0.44706342,26.512804,0.077750154,1
Lithuania,1993,5.476211,38.5564,7.6957726,0.426466,23.542862,0.077539265,1
Lithuania,1994,6.011599,24.646587,20.609816,0.46466467,17.202274,0.08712463,1
Lithuania,1995,6.7675204,19.605478,23.865433,0.42599556,15.761837,0.116180606,1
Lithuania,1996,7.4115343,19.20217,22.263666,0.3778429,30.876549,0.15501247,1
Lithuania,1997,8.300768,18.434298,21.741028,0.32000622,21.275566,0.33940053,1
Lithuania,1998,9.078304,21.43839,19.08871,0.33012015,21.12769,0.17476949,1
Lithuania,1999,8.356364,18.082783,25.321726,0.9619535,28.382486,0.26235098,1
Lithuania,2000,9.484418,14.216909,23.691608,0.2623763,35.722046,0.087458774,1
Lithuania,2001,10.871794,10.755101,18.690147,0.23338374,40.861607,0.06807026,1
Lithuania,2002,12.951114,12.192144,26.00926,0.2335287,41.684875,0.0778429,1
Lithuania,2003,14.691261,13.386669,31.115488,0.1947152,36.606457,0.077886075,1
Lithuania,2004,20.177612,11.345038,37.112396,0.19476461,41.017426,0.12659699,1
Lithuania,2005,22.86796,12.588584,37.989853,0.21435669,38.360104,0.11692183,1
Lithuania,2006,24.90461,7.7491837,44.52613,0.18520062,36.240837,0.14621103,1
Lithuania,2007,25.676626,7.6133046,48.497044,0.25345188,42.40445,0.14622225,1
Lithuania,2008,25.909117,6.345687,49.790733,0.25343755,42.626247,0.11697118,1
Lithuania,2009,23.768644,4.8766193,45.928,0.24383096,42.79721,0.09753239,1
Lithuania,2010,22.659992,3.7799988,44.719986,0.21999992,33.549988,0.6399998,1
Lithuania,2011,22.95,3.45,44.01,0.21,32.73,0.57,1
Lithuania,2012,24.63,3.46,44.17,0.21,26.52,0.54,1
Lithuania,2013,26.74999,4.3899984,45.379986,0.2399999,30.11999,0.62999976,1
Lithuania,2014,25.940018,3.9500027,46.51003,0.22000015,32.580025,0.7300005,1
Lithuania,2015,26.369965,3.8699946,47.859936,0.18999974,27.069963,0.69999903,1
Lithuania,2016,26.889944,4.379991,45.669903,0.17999963,28.699942,0.35999927,1
Lithuania,2017,27.63998,4.7899966,46.529964,0.18999986,30.969978,0.46999967,1
Lithuania,2018,28.320019,5.4600034,47.63003,0.37000024,26.870018,0.4700003,1
Lithuania,2019,29.16997,5.4599943,46.66995,0.43999955,28.55997,0.6699993,1
Lithuania,2020,26.77001,5.770002,48.260017,0.4600002,28.86001,0.5600002,1
Lithuania,2021,24.82998,5.419996,52.219963,0.41999966,29.199978,0.65999955,1
Luxembourg,2000,14.822443,30.035213,50.09205,1.471235,24.650692,1.8115206,1
Luxembourg,2001,19.11552,34.18258,50.346516,1.6453109,26.943213,2.2735205,1
Luxembourg,2002,16.628096,31.075619,45.01534,1.5134553,26.843918,2.0610871,1
Luxembourg,2003,18.579155,32.741306,46.230007,1.5647689,28.958128,2.208503,1
Luxembourg,2004,17.880638,31.653963,48.409035,1.6389761,26.16438,3.5445328,1
Luxembourg,2005,17.615839,30.285845,49.675087,1.5862137,24.473011,3.921199,1
Luxembourg,2006,16.325714,30.905415,48.11893,1.6276392,27.186506,4.172675,1
Luxembourg,2007,17.864494,30.243666,46.540924,1.6763463,27.902733,4.0966334,1
Luxembourg,2008,19.942719,31.892405,47.42002,1.9633762,26.520529,3.5081644,1
Luxembourg,2009,19.03474,29.427328,44.721134,1.8004483,26.556612,3.5308793,1
Luxembourg,2010,18.719814,30.909695,41.659588,1.7099832,29.43971,1.6699835,1
Luxembourg,2011,22.55013,30.560177,38.300224,1.9500114,30.640179,1.5000087,1
Luxembourg,2012,19.569778,31.129648,38.279568,1.8999786,35.419598,2.2799742,1
Luxembourg,2013,19.990074,30.390112,38.840145,1.6300061,33.12012,1.8600069,1
Luxembourg,2014,18.85983,28.019749,37.08967,1.8599833,35.059685,1.8399835,1
Luxembourg,2015,19.979824,26.399767,36.599674,1.8599836,35.10969,1.7599845,1
Luxembourg,2016,19.59983,27.70976,36.899685,1.5599865,34.379704,1.6999854,1
Luxembourg,2017,18.809685,26.539557,36.179394,1.3299778,32.009464,1.7599705,1
Luxembourg,2018,19.41968,27.29955,36.709393,1.2999785,33.40945,1.7999703,1
Luxembourg,2019,19.269657,29.089483,34.139393,1.179979,32.63942,0.96998274,1
Luxembourg,2020,18.539972,28.729956,35.679947,1.1299982,32.09995,0.8599987,1
Luxembourg,2021,18.829706,30.679522,34.34946,1.1099826,31.649506,0.829987,1
Macao,1961,10.391016,4.270013,10.635857,0.009793607,5.0339136,4.054553,1
Macao,1962,10.642824,6.138594,12.646866,0.009728358,5.9148417,1.0214776,1
Macao,1963,10.629823,6.5301666,14.504973,0.009761086,8.26764,2.2255275,1
Macao,1964,11.139282,8.130792,15.7208395,0.00983167,10.431401,2.5365708,1
Macao,1965,12.99635,7.418008,17.011965,0.0,12.42269,2.818843,1
Macao,1966,13.204969,7.601348,19.308023,0.0,14.73323,3.565941,1
Macao,1967,10.999009,5.2121797,14.698952,0.0,11.543415,4.8996506,1
Macao,1968,10.031897,4.619149,15.017323,0.0,14.600175,8.882196,1
Macao,1969,10.353074,4.7077956,14.418898,0.0,13.308185,8.243737,1
Macao,1970,9.977435,6.079841,15.803527,0.0,16.179075,8.830487,1
Macao,1971,10.14597,6.0184517,18.228182,0.0,16.408413,8.021213,1
Macao,1972,12.277193,9.948407,20.8365,0.01021397,20.509653,14.085066,1
Macao,1973,12.69864,7.666141,21.477446,0.01020791,19.772724,16.087667,1
Macao,1974,12.920826,6.678636,18.86867,0.0,23.050428,13.814018,1
Macao,1975,9.169488,7.8939953,20.990395,0.0200865,15.798033,15.336044,1
Macao,1976,10.950176,8.437021,19.875866,0.029918514,19.227633,15.647383,1
Macao,1977,13.694458,8.812775,20.932816,0.009901995,23.457827,16.892803,1
Macao,1978,17.810968,9.195613,24.075785,0.019669758,19.522236,18.056839,1
Macao,1979,19.648716,9.507762,29.02786,0.0,33.153496,21.934141,1
Macao,1980,23.884176,13.185429,33.550148,0.34091604,41.200706,10.748882,1
Macao,1981,22.595263,9.808168,39.627834,0.44582582,44.430595,5.6741467,1
Macao,1982,26.0696,10.350567,45.47945,0.35586426,30.868683,2.9790924,1
Macao,1983,24.456005,12.994167,49.72925,0.33711284,30.432096,1.5629777,1
Macao,1984,22.978325,11.294084,46.798576,0.3798919,37.896786,1.2012798,1
Macao,1985,33.35391,12.767489,40.257202,0.4218107,35.617283,1.3271605,1
Macao,1986,24.441925,11.029303,39.443428,0.46428308,33.975204,2.0737977,1
Macao,1987,22.975317,10.545028,35.14664,0.5386458,24.777708,1.1083674,1
Macao,1988,21.9417,12.736333,35.848118,0.7041225,23.494911,0.77660567,1
Macao,1989,23.190233,14.401053,38.107082,0.45390138,30.318548,1.1347535,1
Macao,1990,23.240065,12.375514,40.54934,0.52421194,30.74349,1.6651438,1
Macao,1991,25.19105,13.71558,38.499336,0.47856885,39.721214,1.7819053,1
Macao,1992,25.753096,14.982881,40.78673,0.6699662,38.289585,1.5429524,1
Macao,1993,26.07986,13.297795,43.240585,0.6573055,37.476524,1.9618042,1
Macao,1994,25.932554,13.944293,46.128086,0.64528906,42.014366,1.4720657,1
Macao,1995,25.817507,13.295063,46.527702,0.67227864,41.560867,1.3044212,1
Macao,1996,24.802563,11.589889,44.656635,0.5910142,38.2857,1.4324582,1
Macao,1997,22.976284,9.496731,47.57372,0.55039006,35.254986,1.5711136,1
Macao,1998,19.230005,8.794576,46.654274,0.70036435,33.777573,1.0605518,1
Macao,1999,22.132868,7.79045,43.496677,0.75906944,32.929634,1.06869,1
Macao,2000,22.965103,7.761725,45.580128,0.65014446,34.257614,1.0902423,1
Macao,2001,23.489452,8.4980955,45.841835,0.62838024,39.976955,1.2268376,1
Macao,2002,25.16831,8.945662,45.863792,0.74053484,43.00039,0.99725354,1
Macao,2003,23.976603,9.21427,49.737556,0.7117902,53.832787,1.1505649,1
Macao,2004,23.908663,11.360718,53.91756,0.7142677,50.80953,1.3706218,1
Macao,2005,27.411774,12.556546,54.4117,0.7183379,50.484787,0.593826,1
Macao,2006,28.004065,12.309164,47.409885,0.9659872,54.43003,0.87990916,1
Macao,2007,26.94904,16.368408,51.104637,1.1958218,60.910374,0.87055826,1
Macao,2008,32.887375,15.670713,58.611546,1.1618606,58.05462,0.566527,1
Macao,2009,32.13559,13.948173,57.138477,0.88437754,53.264523,0.47102717,1
Macao,2010,31.689602,9.43988,55.289307,0.85998917,56.989285,0.35999548,1
Macao,2011,33.599174,10.109752,57.878582,0.82997966,58.348568,0.56998605,1
Macao,2012,34.449646,10.889889,62.529358,0.7299925,53.749447,0.6899929,1
Macao,2013,35.13929,10.989778,61.748753,0.72998524,53.818913,0.6599867,1
Macao,2014,35.300407,13.100152,65.59075,0.76000875,63.90074,0.780009,1
Macao,2015,33.879837,12.379939,65.24968,0.6899966,63.909687,0.7599963,1
Macao,2016,33.619785,13.459914,67.51957,0.5899962,58.609627,0.51999664,1
Macao,2017,33.359894,15.56995,67.76978,0.6899978,60.40981,1.6399949,1
Macao,2018,33.34969,16.439848,65.82939,0.69999355,65.80939,1.2399886,1
Macao,2019,33.649494,12.209817,60.74909,0.6799898,71.608925,0.95998555,1
Macao,2020,37.17962,11.66988,56.049423,0.6999928,70.26927,1.059989,1
Macao,2021,38.54966,13.559881,54.449524,1.1199902,69.2094,1.2799888,1
Madagascar,1961,4.796298,17.950996,2.929956,0.59201163,5.769605,0.3913297,1
Madagascar,1962,4.818894,18.053322,3.0155659,0.6311649,5.9008913,0.38070264,1
Madagascar,1963,4.8024044,17.728874,3.211608,0.6903456,6.753381,0.37018535,1
Madagascar,1964,4.7957077,17.334484,3.3969595,0.7793024,8.052793,0.35967806,1
Madagascar,1965,4.770523,13.822539,2.944151,0.81837416,7.7745547,0.34930605,0
Madagascar,1966,4.765135,18.003834,3.2498617,0.8872321,9.281047,0.33894262,1
Madagascar,1967,4.7484717,17.689798,3.0959635,0.975577,9.38744,0.3285106,0
Madagascar,1968,4.8507905,17.514534,3.0814445,1.103356,9.940144,0.3180846,0
Madagascar,1969,5.0006742,16.252192,2.946826,1.0616511,7.372026,0.30758116,0
Madagascar,1970,5.1995935,14.865885,2.8820603,1.0498226,7.3091426,0.29711962,0
Madagascar,1971,5.435306,12.570381,3.4884784,1.0376493,7.550134,0.29647127,0
Madagascar,1972,4.890292,13.546898,3.855049,1.0451027,7.345298,0.28592435,0
Madagascar,1973,5.195327,13.135912,3.3159566,0.993803,7.773311,0.28534937,0
Madagascar,1974,4.744941,13.036308,2.9471684,1.0413327,7.4956317,0.26524517,0
Madagascar,1975,4.896374,13.707886,3.0712729,1.0204868,7.300406,0.2551217,0
Madagascar,1976,4.6769433,13.687657,2.5296674,1.0883453,7.1281714,0.25492772,0
Madagascar,1977,4.6750407,9.448091,2.5188372,0.8918841,7.164475,0.24502309,0
Madagascar,1978,4.9373455,17.819508,2.5176544,0.88166887,6.7888503,0.2351117,0
Madagascar,1979,4.884204,13.947878,2.7993634,0.84176666,6.6068897,0.23491162,0
Madagascar,1980,3.802548,14.183797,3.294238,1.0459452,6.1094923,0.2346045,0
Madagascar,1981,3.756202,14.351619,3.8440094,1.1707643,5.9611416,0.24390922,0
Madagascar,1982,3.4757674,14.097791,3.2421024,1.139117,5.8610983,0.2434011,0
Madagascar,1983,3.1863518,13.862574,3.3223548,0.85487485,6.178414,0.24286218,0
Madagascar,1984,3.0650198,13.210623,4.131957,0.8438504,6.3434267,0.25218517,0
Madagascar,1985,3.8381972,12.83276,3.8963516,0.8626251,6.309764,0.26169527,0
Madagascar,1986,4.0519238,12.659839,4.003456,0.843343,7.5513124,0.28111434,0
Madagascar,1987,3.1910567,12.657536,4.219178,0.82443714,7.885499,0.2715793,0
Madagascar,1988,3.4749677,12.531238,4.5038686,0.854182,8.522407,0.27178517,0
Madagascar,1989,3.234534,12.287344,4.5652585,0.7479253,7.9552054,0.28168616,0
Madagascar,1990,3.4785411,12.009711,4.53765,0.7578944,8.0744915,0.28178126,0
Madagascar,1991,3.459041,11.679123,4.4889803,0.7481634,7.306739,0.29149225,0
Madagascar,1992,3.3809366,11.318365,4.4496236,0.7480808,7.6653996,0.29146007,0
Madagascar,1993,3.3794737,10.934734,4.418565,0.7477571,7.759194,0.3010451,0
Madagascar,1994,3.3482869,10.578645,4.377036,0.7375936,6.706279,0.30086055,0
Madagascar,1995,3.443484,10.136454,4.31648,0.7274966,6.285571,0.29099867,0
Madagascar,1996,3.519848,10.055324,4.6252546,0.6593655,5.7403584,0.28119996,0
Madagascar,1997,3.5873613,9.908874,4.576309,0.62051654,8.1442795,0.29086715,0
Madagascar,1998,3.6657553,9.697765,3.3263335,0.5721681,6.76904,0.29093298,0
Madagascar,1999,3.7354891,9.401789,2.542073,0.5239388,7.0246596,0.29107708,0
Madagascar,2000,3.9710987,9.117022,1.3107538,0.4563365,7.349931,0.29127863,0
Madagascar,2001,4.0032115,7.1027856,1.1368343,0.5052597,6.169998,0.31092906,0
Madagascar,2002,3.8991172,6.4855638,1.2640529,0.49589765,6.718927,0.33059844,0
Madagascar,2003,3.7945342,6.4798965,1.3913292,0.52539706,6.596652,0.3405351,0
Madagascar,2004,3.6789744,6.2970805,1.5280397,0.5450333,6.4820027,0.33091307,0
Madagascar,2005,3.5719285,7.1243916,2.1801417,0.4671732,6.7058816,0.3503799,0
Madagascar,2006,3.5413733,6.9368105,2.9770885,0.46699426,6.6935844,0.3697038,0
Madagascar,2007,3.4513018,6.756774,3.1790864,0.46665487,7.2623167,0.3791571,0
Madagascar,2008,3.3999162,7.3438187,2.6422205,0.60227084,5.692431,0.33027756,0
Madagascar,2009,3.3582351,7.2502937,2.5914705,0.5920588,5.988529,0.33970585,0
Madagascar,2010,3.2399998,1.9599999,1.0999999,0.56999993,5.5399995,0.34999996,0
Madagascar,2011,3.2200003,1.9000002,1.0800002,0.57000005,5.1700006,0.35000002,0
Madagascar,2012,3.1799998,1.8399999,1.0699999,0.56999993,4.7999997,0.34999996,0
Madagascar,2013,3.069999,1.8099993,1.0299996,0.5599998,4.0499988,0.33999988,0
Madagascar,2014,3.02,1.74,1.0,0.53,3.56,0.33,0
Madagascar,2015,3.1499999,1.7199999,0.99999994,0.54999995,4.3399997,0.32999998,0
Madagascar,2016,3.2899995,1.6899997,0.9999998,0.5399999,5.229999,0.32999995,0
Madagascar,2017,3.21,1.64,0.97999996,0.53,5.58,0.32,0
Madagascar,2018,3.1499996,1.3799998,0.97999984,0.51999986,4.209999,0.30999994,0
Madagascar,2019,3.1099997,1.3599999,0.9799999,0.16999999,3.9799995,0.29999998,0
Madagascar,2020,3.0799997,1.1999999,0.9499999,0.15999998,3.8799999,0.29999998,0
Madagascar,2021,3.0699997,1.1899999,0.66999996,0.15999998,3.7899997,0.28999996,0
Malawi,1961,0.6128072,1.1283435,1.1186163,0.5933531,3.832477,0.0,0
Malawi,1962,0.64173067,1.2153989,1.1376134,0.53477556,5.104676,0.0,0
Malawi,1963,0.66085345,1.3411437,1.3411437,0.4762032,5.549225,0.0,0
Malawi,1964,0.670398,1.3213642,1.3602278,0.50522745,5.2854567,0.0,0
Malawi,1965,0.69973314,1.302281,1.2731254,0.47620726,8.270456,0.0,0
Malawi,1966,0.72910213,1.3512692,1.2054489,0.47634673,7.7284822,0.0,0
Malawi,1967,0.74871284,1.6043847,1.3515725,0.6125832,6.9134398,0.009723543,0
Malawi,1968,0.7494656,1.6643976,1.372398,0.62293243,7.5433226,0.0,0
Malawi,1969,1.2195673,1.6976377,1.6293418,0.57563573,8.468676,0.0,0
Malawi,1970,1.2830516,1.7825603,1.3222288,0.5484801,9.990173,0.0,0
Malawi,1971,1.220002,1.652906,1.2593569,0.55096865,12.426311,0.009838725,0
Malawi,1972,1.2361329,1.6020281,1.4339141,0.5340094,13.993023,0.029667187,0
Malawi,1973,1.2824494,1.6502837,1.3818641,0.47719046,13.420981,0.019882936,0
Malawi,1974,1.3089275,1.768551,1.3688785,0.5295661,13.43899,0.0,0
Malawi,1975,1.3347925,1.7964499,1.1742158,0.5419458,12.47479,0.010036033,0
Malawi,1976,1.3701956,1.6522946,1.3903455,0.5541232,13.470231,0.0,0
Malawi,1977,1.4241416,1.8584545,1.2726372,0.5959174,11.635541,0.0,0
Malawi,1978,1.4430919,1.8467541,1.4027257,0.55503535,11.373179,0.0,0
Malawi,1979,1.4758167,1.817162,1.1545504,0.44174105,9.507473,0.0,0
Malawi,1980,1.4330215,1.9305984,1.2638453,0.42791614,9.404203,0.0,0
Malawi,1981,1.4045813,2.5636065,1.2670698,0.4420011,7.278285,0.0,0
Malawi,1982,1.3728333,2.658656,1.1698086,0.4640563,8.062979,0.0,0
Malawi,1983,1.3350774,2.1647327,1.2015697,0.40052322,9.212034,0.0,0
Malawi,1984,1.3083584,2.085789,1.0144519,0.4361195,8.779275,0.0,0
Malawi,1985,1.2862483,1.3624704,0.97183204,0.4668605,8.0986,0.0,0
Malawi,1986,1.2699502,2.0454922,1.4250586,0.43624243,9.170785,0.0,0
Malawi,1987,1.2280027,1.876388,1.5030752,0.43225694,10.590295,0.0,0
Malawi,1988,1.2060952,1.8486868,1.146779,0.40532705,8.976511,0.0,0
Malawi,1989,1.2206298,1.7168207,1.1213915,0.38702893,7.7505026,0.0,0
Malawi,1990,1.1883432,1.7825146,1.0794117,0.35650295,7.7836475,0.0,0
Malawi,1991,1.3163413,1.7485727,1.1296959,0.34382048,6.4932957,0.0,0
Malawi,1992,1.1770126,1.6979853,1.3410225,0.36661047,6.8787704,0.0,0
Malawi,1993,1.2421771,1.7390481,1.0797386,0.37265316,6.6408706,0.009555209,0
Malawi,1994,1.3029951,1.487748,1.1376897,0.34033453,5.8148584,0.0,0
Malawi,1995,1.3596929,1.4877799,1.537044,0.3349968,5.33039,0.009852847,0
Malawi,1996,1.3884579,2.1860826,1.398305,0.4726665,6.203748,0.0,0
Malawi,1997,1.4053199,1.1480078,1.8308746,0.5740039,5.4629335,0.0,0
Malawi,1998,1.415705,1.335947,1.8144952,0.5682759,3.8882039,0.0,0
Malawi,1999,1.4250525,1.3246968,1.8565826,0.58206373,4.3153005,0.0,0
Malawi,2000,1.3610146,1.5525647,1.8953388,0.78636396,4.8190002,0.0,0
Malawi,2001,1.4050108,1.6981426,1.7385746,0.9400433,3.628769,0.0,0
Malawi,2002,0.8096737,1.8824915,1.1133014,0.8501574,3.5929272,0.0,0
Malawi,2003,0.9314949,1.8832396,1.093494,0.8504953,4.5764747,0.0,0
Malawi,2004,1.2760054,1.7823566,0.92155945,1.0633377,4.7293215,0.0,0
Malawi,2005,1.2564632,1.6719066,0.9524801,0.8511524,4.792799,0.0,0
Malawi,2006,0.8521464,1.8361726,1.2883642,1.166629,5.9244466,0.0,0
Malawi,2007,1.0161934,1.9815772,1.8596339,1.3413754,5.3350153,0.0,0
Malawi,2008,1.3741611,2.07651,2.4531322,1.4759508,5.7205815,0.0,0
Malawi,2009,1.498175,2.109675,2.945392,1.5695167,5.279283,0.0,0
Malawi,2010,1.6199993,2.199999,2.1599991,1.6899993,7.149997,0.0,0
Malawi,2011,3.6899989,2.2499993,2.9199991,1.9199994,5.8199983,0.0,0
Malawi,2012,4.78,2.3,4.28,1.99,8.43,0.0,0
Malawi,2013,4.5600014,1.9200006,4.4600015,2.1000006,7.490002,0.0,0
Malawi,2014,4.7199993,2.5599997,6.2399993,2.2699997,7.6899996,0.0,0
Malawi,2015,5.8199987,2.5799992,7.519998,2.4299994,9.009997,0.0,0
Malawi,2016,4.7299986,2.5699992,9.369997,2.6499994,9.6399975,0.0,0
Malawi,2017,7.2799993,2.6199996,10.489999,2.6999998,12.109999,0.0,0
Malawi,2018,10.399997,2.6399994,10.3499975,2.8999994,11.759997,0.0,0
Malawi,2019,5.59,2.93,14.32,2.7,10.09,0.0,0
Malawi,2020,5.3600006,2.9200006,18.070002,3.0900004,9.820001,0.0,0
Malawi,2021,5.4199996,3.0599997,15.649999,3.2999997,9.569999,0.0,0
Malaysia,1961,3.653527,2.3382573,6.983456,0.4279846,21.357473,0.34447542,1
Malaysia,1962,3.871918,2.1138577,7.3775735,0.41858572,22.62456,0.32440394,1
Malaysia,1963,4.2900543,2.1292934,6.681576,0.4195652,24.57603,0.38809782,1
Malaysia,1964,4.7192106,2.1441402,6.5900784,0.43093017,22.42939,0.5675666,1
Malaysia,1965,5.1476417,2.1580093,6.621404,0.41054812,21.169546,0.67372,1
Malaysia,1966,5.5647707,2.0973282,6.8611093,0.42157352,24.630434,0.6218209,1
Malaysia,1967,5.994115,1.9945205,6.4795537,0.3799087,27.764994,0.6120751,1
Malaysia,1968,6.4339533,1.8171427,6.106445,0.3697674,30.035679,0.53880394,1
Malaysia,1969,6.8630257,1.7871363,6.7467036,0.645061,27.568426,0.5498881,1
Malaysia,1970,7.2610173,1.788793,6.9117265,0.40221378,24.894917,0.23286061,1
Malaysia,1971,7.3115683,1.8755763,6.6333942,0.40266606,26.162699,0.32849076,1
Malaysia,1972,7.3629994,1.9733686,7.0765424,0.42438036,23.797129,0.45620888,1
Malaysia,1973,7.8544173,1.4859707,6.7930093,0.25473785,30.451788,0.36087862,1
Malaysia,1974,8.402668,1.782384,7.129536,0.2546263,36.78289,0.27584514,1
Malaysia,1975,9.813182,1.7697638,9.813182,0.31792167,31.643803,0.2543373,1
Malaysia,1976,9.849304,1.8936899,10.642749,0.39143312,34.721172,0.25390255,1
Malaysia,1977,9.453559,1.9730084,9.548517,0.4220339,45.991142,0.16881356,1
Malaysia,1978,9.769987,2.681751,9.486037,0.28395012,45.726482,0.27343342,1
Malaysia,1979,10.027035,2.276011,9.376745,0.2831903,46.285885,0.33563295,1
Malaysia,1980,10.551588,2.42854,10.331763,0.50245655,44.969864,0.51292443,1
Malaysia,1981,10.756841,2.4566157,10.704572,0.29270315,44.731316,0.47041577,1
Malaysia,1982,12.307155,2.6536648,9.716175,0.30297747,47.34807,0.8253525,1
Malaysia,1983,13.054591,2.391601,10.151251,0.3968596,45.221104,0.86682487,1
Malaysia,1984,14.1882715,2.860623,9.782495,0.4280494,51.136242,0.72037584,1
Malaysia,1985,16.089397,3.119799,10.246295,0.42779848,46.776115,0.5843101,1
Malaysia,1986,16.556948,2.8359509,10.311601,0.41705158,48.1069,0.56301963,1
Malaysia,1987,18.53441,2.9588375,10.970619,0.42715612,47.747723,0.635525,1
Malaysia,1988,18.706633,3.154207,10.399514,0.4372168,44.887592,0.010409924,1
Malaysia,1989,19.090523,3.5684195,12.026509,0.40573862,48.511776,0.010403555,1
Malaysia,1990,21.062603,3.6906335,13.431828,0.43663833,49.412903,0.010396151,1
Malaysia,1991,25.057474,4.0706716,13.291988,0.44652775,49.388046,0.020768732,1
Malaysia,1992,28.859266,4.0738835,13.921694,0.5183058,52.55621,0.010366116,1
Malaysia,1993,32.39018,4.147019,14.137094,0.47571784,51.449917,0.020683384,1
Malaysia,1994,33.360775,4.4563556,14.813256,0.49515063,53.507214,0.020631276,1
Malaysia,1995,33.510944,4.8990197,14.419173,0.5660632,57.96487,0.010292058,1
Malaysia,1996,33.581844,5.384604,13.749238,0.7193173,56.199238,0.020551924,1
Malaysia,1997,33.875004,5.2028565,13.433016,0.6259847,60.33056,0.020524088,1
Malaysia,1998,33.59829,4.550836,12.022817,0.61497784,57.090443,0.051248156,1
Malaysia,1999,33.706337,4.923397,7.3492703,0.6346167,64.22935,0.010235753,1
Malaysia,2000,32.09202,5.6855135,7.237036,0.6226505,64.09217,0.010207385,1
Malaysia,2001,32.887104,5.589588,8.211613,0.7114021,60.67244,0.010162887,1
Malaysia,2002,33.259945,5.7135506,8.403471,0.6269737,63.10187,0.020224957,1
Malaysia,2003,33.715317,5.6946793,8.290486,0.523186,58.959045,0.010061271,1
Malaysia,2004,34.102688,6.818535,8.270352,0.68085223,53.807354,0.010012533,1
Malaysia,2005,35.0707,6.4997435,7.9053626,0.63801163,53.802326,0.009968932,1
Malaysia,2006,36.467323,6.137474,8.352129,0.6753208,54.184563,0.009931188,1
Malaysia,2007,36.63931,5.898711,7.551538,0.7323903,56.097137,0.009897166,1
Malaysia,2008,35.79499,5.191113,7.234003,0.7204396,57.200928,0.009869035,1
Malaysia,2009,38.00575,5.5546103,7.514482,0.7287964,58.90448,0.0098486,1
Malaysia,2010,44.700005,6.6300006,8.690001,0.8500001,59.880005,0.010000001,1
Malaysia,2011,45.529984,7.0999975,7.8899975,0.7199998,55.219982,0.009999997,1
Malaysia,2012,47.109993,7.2899985,7.6399984,0.8499999,59.599987,0.009999998,1
Malaysia,2013,49.010006,7.890001,7.610001,1.0000001,58.800007,0.010000002,1
Malaysia,2014,52.130013,7.9100018,7.630002,1.1700002,56.220013,0.010000002,1
Malaysia,2015,53.339993,8.599999,7.919999,1.2399999,56.59999,0.009999999,1
Malaysia,2016,56.69001,8.040002,7.1000013,1.2200003,56.73001,0.010000002,1
Malaysia,2017,52.879997,7.6399994,7.6899996,1.3499999,56.259995,0.01,1
Malaysia,2018,51.86,7.77,7.93,1.25,54.91,0.01,1
Malaysia,2019,51.309994,7.379999,7.599999,1.0799999,53.969994,0.019999998,1
Malaysia,2020,52.15,7.62,7.24,1.26,53.33,0.02,1
Malaysia,2021,49.66,7.39,7.25,0.98,52.74,0.01,1
Maldives,1961,0.0,0.0,0.0,0.0,12.774206,4.261297,0
Maldives,1962,0.0,0.0,0.0,0.0,16.605396,4.2537913,0
Maldives,1963,0.0,0.0,0.0,0.0,16.199211,4.2563014,0
Maldives,1964,0.0,0.0,0.0,0.0,19.750332,4.243388,0
Maldives,1965,0.0,0.0,0.0,0.0,68.84893,4.2107077,1
Maldives,1966,0.0,0.0,0.0,0.0,68.05732,4.1417875,1
Maldives,1967,0.0,0.0,0.0,0.0,76.40038,4.0869923,1
Maldives,1968,0.0,0.0,0.0,0.0,70.655075,4.0478015,1
Maldives,1969,0.0,0.0,0.0,0.0,75.2555,4.0096664,1
Maldives,1970,0.0,0.0,0.0,0.0,109.06471,3.9770885,1
Maldives,1971,0.0,0.0,0.0,0.0,84.10929,3.9742522,1
Maldives,1972,0.0,0.0,0.0,0.0,84.391624,3.9672074,1
Maldives,1973,0.0,0.0,0.0,0.0,93.9886,3.9679306,1
Maldives,1974,0.0,0.0,0.0,0.0,96.073494,3.9574533,1
Maldives,1975,0.0,0.0,0.0,0.0,90.878555,3.9129825,1
Maldives,1976,0.0,0.0,0.0,0.0,98.11961,3.901953,1
Maldives,1977,0.0,0.0,0.0,0.0,75.99225,3.853866,1
Maldives,1978,0.0,0.0,0.0,0.0,93.182724,3.817507,1
Maldives,1979,0.0,0.0,0.0,0.0,76.047775,3.7139828,1
Maldives,1980,0.0,0.0,0.0,0.0,82.72481,3.6048512,1
Maldives,1981,0.0,0.0,0.0,0.0,94.4946,3.570254,1
Maldives,1982,0.0,0.0,0.0,0.0,92.26068,4.140812,1
Maldives,1983,0.0,0.0,0.0,0.0,119.30232,4.1760106,1
Maldives,1984,0.0,0.0,0.0,0.0,139.81616,4.223473,1
Maldives,1985,0.0,0.0,0.0,0.0,145.23824,4.165126,1
Maldives,1986,0.0,0.0,0.0,0.0,121.08782,3.8339663,1
Maldives,1987,0.0,0.0,0.0,0.0,117.37947,3.8094563,1
Maldives,1988,0.0,0.0,0.0,0.0,136.72594,3.6817853,1
Maldives,1989,3.1989133,1.9848679,0.48176408,0.08671754,97.4127,3.5457838,1
Maldives,1990,1.7377853,0.9120973,0.13441435,0.0,88.90548,3.552379,1
Maldives,1991,1.0327406,2.0463562,0.39205888,0.0,91.41666,3.576342,1
Maldives,1992,1.001062,1.3633512,0.33368737,0.0,131.20587,3.680095,1
Maldives,1993,3.38838,2.1034606,0.61866486,0.095179215,156.26523,3.3312724,1
Maldives,1994,4.1695247,3.0229056,0.62542874,0.13266669,172.60884,3.4114292,1
Maldives,1995,4.0229726,2.7420735,0.58826494,0.17078659,141.95212,3.491637,1
Maldives,1996,3.0345144,2.5018098,0.7039313,0.17122652,147.39749,2.977439,1
Maldives,1997,4.1199164,2.6546342,1.0561448,0.2569001,148.86885,3.1398902,1
Maldives,1998,4.2102804,4.803547,0.88990015,0.2966334,161.9714,3.1959853,1
Maldives,1999,4.108859,3.5136507,0.9888142,0.36480525,173.98329,3.4944503,1
Maldives,2000,5.846135,3.246779,1.0532706,0.3865213,176.65958,3.0728445,1
Maldives,2001,6.656597,2.602652,0.8417499,0.3579856,177.5802,3.2025197,1
Maldives,2002,8.045797,2.7206604,0.91011417,0.5421957,183.21373,2.8465273,1
Maldives,2003,10.745545,2.9940248,1.0076977,0.45540184,134.2951,2.8099263,1
Maldives,2004,11.152041,3.6171403,0.8824659,0.66912246,123.75857,3.2389405,1
Maldives,2005,12.394707,2.8147728,0.6600157,0.60177904,162.43181,2.1547573,1
Maldives,2006,11.285006,4.7414374,0.89624727,0.78060246,105.71863,2.3032591,1
Maldives,2007,10.8749895,4.632291,0.9472988,0.6631092,133.55966,2.7092745,1
Maldives,2008,10.532222,5.1263022,1.0066195,0.8854522,126.41462,2.5351896,1
Maldives,2009,10.405684,4.5564976,1.1093285,0.5959202,145.1295,2.438689,1
Maldives,2010,12.669685,6.0998483,0.9099774,0.6299843,172.9457,0.17999554,1
Maldives,2011,13.039652,7.0198126,0.9499746,0.6599824,169.40549,0.109997064,1
Maldives,2012,13.039597,7.039782,0.9599703,0.6599796,164.41492,0.109996594,1
Maldives,2013,13.589627,8.599765,0.9199748,0.66998166,160.48561,0.12999643,1
Maldives,2014,13.839801,7.3698936,0.9999856,0.72998947,153.0978,0.14999785,1
Maldives,2015,14.759661,10.39976,0.88997954,0.91997886,143.01672,0.129997,1
Maldives,2016,16.599525,8.649752,0.9199737,3.039913,134.02617,0.22999342,1
Maldives,2017,15.23971,8.329842,0.9999809,1.5299709,95.10819,0.17999658,1
Maldives,2018,15.45959,9.769741,0.9699743,1.1799686,93.34752,0.14999603,1
Maldives,2019,15.499755,9.409851,1.139982,1.1099825,83.12868,0.18999699,1
Maldives,2020,14.609688,7.6998353,0.43999058,0.71998465,81.52826,0.15999657,1
Maldives,2021,17.599697,9.30984,0.65998864,1.1599799,80.42861,0.07999862,1
Mali,1961,1.4827956,5.3608766,0.0570306,4.1347184,8.393003,2.2051833,0
Mali,1962,1.534546,5.702449,0.10419757,4.063705,10.287141,2.1976213,0
Mali,1963,1.5769231,5.646707,0.10386919,4.551359,9.877016,2.3795488,0
Mali,1964,1.6284859,5.958564,0.1506114,4.8007383,9.206122,2.381543,0
Mali,1965,1.6798486,6.334625,0.14076944,4.992623,9.084321,2.7215426,0
Mali,1966,1.5818542,6.9639025,0.13104117,4.9421244,10.698576,2.7237844,0
Mali,1967,1.6062307,7.4708405,0.14007826,5.0428176,10.70198,2.866935,0
Mali,1968,1.6771336,7.3421183,0.15839595,5.469319,10.826829,3.037475,0
Mali,1969,1.7857769,7.77557,0.16741659,5.6177564,11.068096,3.078605,0
Mali,1970,1.8763564,7.4125366,0.16720007,5.53618,10.970182,3.1860902,0
Mali,1971,1.9590808,6.9728427,0.15784064,4.9301987,11.169546,3.296084,0
Mali,1972,1.7547646,5.9142065,0.12998256,3.6116586,11.029949,3.1938574,0
Mali,1973,1.5403566,4.9644027,0.08351332,2.5796335,12.36925,3.1178303,0
Mali,1974,1.6223252,5.4695535,0.092704296,3.216839,11.161597,3.1797574,0
Mali,1975,1.6664134,5.9898305,0.09257852,4.39748,10.072544,3.2309906,0
Mali,1976,1.5899699,6.1472673,0.12941615,5.0564737,9.770919,3.2816238,0
Mali,1977,1.5032398,6.0682926,0.16600193,5.5057306,9.867892,3.3292608,0
Mali,1978,1.6181784,6.077363,0.1838839,6.316412,10.104421,3.3834639,0
Mali,1979,1.493811,5.2970724,0.19245417,6.2960005,11.079862,3.363366,0
Mali,1980,1.498171,5.0152183,0.21010934,6.595606,11.099254,3.2703974,0
Mali,1981,1.622421,5.897227,0.22786812,6.270931,9.461084,3.1901536,0
Mali,1982,1.8018827,5.924372,0.19110876,6.051778,9.091317,3.1032426,0
Mali,1983,1.9537152,5.6794043,0.21808912,5.5703597,7.6967287,2.9260292,0
Mali,1984,2.1489086,7.153962,0.2085439,4.179945,6.700606,2.8017418,0
Mali,1985,2.4419072,6.6202817,0.2261025,3.8075662,6.502708,2.722274,0
Mali,1986,2.6869578,7.5198755,0.19836602,3.9132206,7.150193,2.6779413,0
Mali,1987,2.6684785,7.268684,0.23360416,3.8993928,6.882338,2.5876155,0
Mali,1988,2.6761732,7.697355,0.2148099,4.323049,6.533801,2.6135204,0
Mali,1989,2.6579833,7.8936753,0.19622695,4.727286,8.161257,2.5063534,0
Mali,1990,2.6442707,8.110877,0.20477517,5.1638956,8.128684,2.4840117,0
Mali,1991,2.628627,8.153198,0.23167558,4.490942,7.72549,2.361309,0
Mali,1992,2.6192153,5.7926674,0.19666463,4.1657143,7.5268917,2.3957329,0
Mali,1993,2.5856795,5.5035467,0.18853912,4.2645755,7.002882,2.5767012,0
Mali,1994,2.471185,6.150906,0.18037847,4.166743,6.4936247,2.714696,0
Mali,1995,2.5822399,5.4544153,0.18120982,4.539306,13.500131,2.7543893,0
Mali,1996,2.5394394,5.3792424,0.17293674,4.5964766,10.021229,2.8124974,0
Mali,1997,2.5117986,6.8138247,0.17354244,4.7130475,9.170348,2.9045527,0
Mali,1998,2.7159474,6.9498987,0.17374747,5.0935445,8.870266,2.9171286,0
Mali,1999,2.677715,6.717135,0.17364022,5.5016537,8.663733,2.8879113,0
Mali,2000,2.6019735,5.012223,0.17346491,5.8430285,9.129732,3.031071,0
Mali,2001,2.3526373,5.781287,0.20061249,6.1004434,8.152162,3.2371562,0
Mali,2002,2.7224207,7.165703,0.2003119,6.1550384,8.331154,2.6768954,0
Mali,2003,2.7363267,7.6180787,0.1909065,6.6090016,8.572612,2.7545083,0
Mali,2004,2.7407832,6.0533195,0.1996597,6.6432233,8.431085,2.8406131,0
Mali,2005,2.6363313,8.1717205,0.18119115,6.3145113,8.497865,2.6363313,0
Mali,2006,2.5242732,7.7718663,0.18095149,6.6318717,8.459482,2.0176091,0
Mali,2007,2.4221208,7.853817,0.17171752,6.859663,7.691138,2.458272,0
Mali,2008,2.717686,8.730905,0.17154828,6.672325,7.6745286,2.654484,0
Mali,2009,2.705911,9.1730385,0.17137437,7.0624275,7.4322352,2.6878717,0
Mali,2010,2.7299995,9.269999,0.16999997,7.6299987,7.5999985,2.7199996,0
Mali,2011,2.6199994,9.339998,0.16999996,7.7999983,7.879998,2.7399993,0
Mali,2012,2.58,10.24,0.16,7.61,5.45,2.75,0
Mali,2013,2.7299986,9.449995,0.13999993,7.6099963,6.9799967,2.6699986,0
Mali,2014,2.7299979,9.209993,0.15999988,7.579994,6.1499953,2.709998,0
Mali,2015,2.48,8.89,0.12,7.49,7.13,2.78,0
Mali,2016,2.9700003,9.420001,0.13000001,7.6800003,8.190001,2.7900002,0
Mali,2017,2.829999,9.459997,0.13999996,8.119997,8.949997,2.719999,0
Mali,2018,2.2799995,9.249998,0.13999997,8.0199995,8.319999,2.4999995,0
Mali,2019,2.3399987,4.179998,0.06999996,2.4599988,8.979995,1.7699991,0
Mali,2020,2.6699996,3.3899996,0.049999993,0.9999999,8.699999,1.5299997,0
Mali,2021,2.7099988,2.5899987,0.06999997,0.87999964,8.4299965,1.5699993,0
Malta,1961,2.887428,16.25687,8.810834,1.5876213,9.934238,0.3156674,1
Malta,1962,3.2086997,16.285313,6.3243937,1.3671851,9.542394,0.40922546,1
Malta,1963,3.4268036,18.0559,8.734624,1.5737222,10.215227,0.51215816,1
Malta,1964,3.876023,16.643549,7.920162,2.0360796,9.704067,0.9526611,1
Malta,1965,3.6775029,18.227621,7.3738165,1.9845346,8.267327,0.33859363,1
Malta,1966,3.694817,18.237238,8.5359745,1.6484568,8.668609,0.31263837,1
Malta,1967,3.7657657,20.893309,9.280605,1.7681894,10.3032875,0.36319566,1
Malta,1968,6.3001275,21.594957,9.359094,1.9274362,8.486473,0.59453255,1
Malta,1969,6.33202,23.64147,11.642435,1.7155244,9.483573,0.58790445,1
Malta,1970,6.68162,21.96909,13.73068,1.566458,11.08124,0.9959578,1
Malta,1971,8.488812,22.41743,13.531765,2.1875386,10.656992,3.1264381,1
Malta,1972,7.949357,21.459396,12.610659,1.6633692,11.914365,4.748338,1
Malta,1973,10.668114,18.346067,14.130909,1.2732288,11.729136,0.39547253,1
Malta,1974,7.8036404,18.054348,15.4145975,0.9152417,14.923258,1.3006067,1
Malta,1975,9.029178,22.211584,11.823694,1.2045327,11.804421,0.5203582,1
Malta,1976,9.11709,30.335575,12.99958,1.0237411,12.690527,0.24144837,1
Malta,1977,10.352746,26.41066,15.951185,1.2031307,15.213782,1.1546174,1
Malta,1978,10.328506,33.48703,13.787627,0.9185238,15.644218,1.1628121,1
Malta,1979,13.394316,17.741077,12.548567,1.9668599,16.187256,11.417622,1
Malta,1980,11.841076,23.998705,16.025517,0.71224517,25.136318,9.249295,1
Malta,1981,13.146231,17.753881,14.708652,0.6667657,19.803936,8.170367,1
Malta,1982,11.290759,24.563408,14.003345,1.1010493,12.341761,8.608204,1
Malta,1983,9.830092,20.364489,15.434351,1.1268888,11.842394,7.7674828,1
Malta,1984,9.344282,19.366125,16.686218,0.8697059,12.054528,7.291372,1
Malta,1985,9.429941,28.431782,21.932219,0.9531339,17.105711,5.4450307,1
Malta,1986,9.411011,19.403202,21.024384,1.28471,14.886324,3.8745224,1
Malta,1987,9.57638,26.194517,22.627647,1.3592942,14.962456,5.4780574,1
Malta,1988,9.767554,23.691952,21.34733,1.1159995,14.620616,4.9861627,1
Malta,1989,9.994805,27.954702,22.26535,1.4556537,19.374546,6.2736626,1
Malta,1990,9.780484,25.123426,27.453093,2.021779,15.83556,1.1494379,1
Malta,1991,9.760875,37.682953,30.746239,1.546073,18.253967,1.8243661,1
Malta,1992,9.92288,32.752735,30.52241,1.4249299,22.819529,1.6727437,1
Malta,1993,10.070751,31.349607,28.775053,1.923162,17.422194,1.158033,1
Malta,1994,10.727584,22.480293,27.11925,1.6049956,22.614906,1.0769002,1
Malta,1995,11.687321,32.863457,29.316818,1.5866548,26.340544,0.9851778,1
Malta,1996,15.430956,29.919485,29.028841,1.4602448,26.22227,1.853786,1
Malta,1997,13.220811,28.988848,30.463556,1.9284647,29.153849,3.609426,1
Malta,1998,12.763735,25.362776,30.602083,1.7292801,29.366884,3.5820804,1
Malta,1999,13.7386265,29.681585,29.96866,1.8352344,31.301514,3.5987,1
Malta,2000,15.401741,27.257097,28.401752,1.8805046,28.933197,3.6383674,1
Malta,2001,17.57377,16.739828,33.988155,2.4713116,29.848967,4.1391926,1
Malta,2002,18.863478,21.497475,29.318422,1.5905296,29.186722,4.12322,1
Malta,2003,20.603746,20.97836,32.540756,2.126185,30.576567,3.60439,1
Malta,2004,23.751251,21.680214,33.40935,1.3133401,30.802876,3.950123,1
Malta,2005,21.781034,21.426952,33.131855,1.7704045,30.329557,3.8948896,1
Malta,2006,22.005867,21.711779,33.657818,1.8456533,31.23413,4.299763,1
Malta,2007,24.443048,21.057217,40.65029,1.2912924,31.845102,5.012655,1
Malta,2008,25.163845,20.886705,33.77923,1.659938,31.834148,5.1834874,1
Malta,2009,26.010628,20.635439,32.332584,1.5066822,31.976274,5.8434834,1
Malta,2010,22.939562,19.489628,31.739393,1.3499743,31.709393,4.9299054,1
Malta,2011,22.479628,19.42968,30.959488,1.3499777,31.189486,5.0499167,1
Malta,2012,22.589895,19.31991,29.80986,1.3499937,32.34985,5.069977,1
Malta,2013,22.829426,19.309513,30.499233,1.349966,32.449184,5.1498704,1
Malta,2014,24.079515,24.919498,36.73926,2.029959,32.78934,4.45991,1
Malta,2015,23.729738,20.309776,30.419666,1.099988,32.139645,3.4099627,1
Malta,2016,23.729137,18.679321,27.578999,1.1899568,32.858807,3.389877,1
Malta,2017,23.129662,19.479715,30.17956,1.2399819,32.639523,3.5999475,1
Malta,2018,23.34,18.04,28.08,1.16,32.98,3.45,1
Malta,2019,22.839275,18.409414,23.28926,0.95996946,32.14898,0.71997714,1
Malta,2020,25.449802,23.459816,24.169811,0.8699932,31.419756,0.6499949,1
Malta,2021,24.239954,17.369968,24.649952,0.83999836,30.73994,0.6999987,1
Mauritania,1961,1.6703552,11.671992,0.0,15.668547,13.1169,8.1775675,1
Mauritania,1962,1.6724194,11.953182,0.0,15.5750475,11.470951,8.259495,1
Mauritania,1963,1.663916,12.150695,0.0,15.519611,12.510183,8.165514,1
Mauritania,1964,1.6652058,12.96188,0.0,15.007411,12.560997,8.295192,1
Mauritania,1965,1.653972,13.776251,0.0,14.803563,8.855428,8.454776,1
Mauritania,1966,1.6849953,13.911486,0.0,14.630691,6.6372375,8.507172,1
Mauritania,1967,1.7139902,14.009561,0.0,14.63563,7.9952,8.795746,1
Mauritania,1968,1.74441,13.9963255,0.0,14.9095745,6.6287584,10.261235,1
Mauritania,1969,1.7628988,9.941929,0.0,14.738654,6.426381,9.275718,1
Mauritania,1970,1.781543,9.675621,0.0,14.436642,10.924749,9.286549,1
Mauritania,1971,1.8005309,12.460493,0.0,13.882503,10.803186,9.370945,1
Mauritania,1972,1.8095486,8.454784,0.0,12.33969,10.540365,9.528244,1
Mauritania,1973,1.7573285,6.6717186,0.0,12.2195635,11.616758,8.572085,1
Mauritania,1974,1.7051854,6.432736,0.0,10.680384,9.649103,7.8418107,0
Mauritania,1975,1.7346673,7.7753906,0.02040785,11.173298,7.989673,7.438661,0
Mauritania,1976,1.7946172,8.269514,0.030590065,12.297207,7.1682725,7.3416157,0
Mauritania,1977,1.8347441,9.6426,0.020386046,12.486453,7.471486,7.1147304,0
Mauritania,1978,1.8038778,10.976138,0.0,12.657719,9.416853,7.0524487,0
Mauritania,1979,1.8236077,11.175964,0.0,12.541123,7.049925,6.958235,0
Mauritania,1980,1.802066,11.392722,0.0,12.298845,6.5057635,8.185656,0
Mauritania,1981,1.9436126,12.903146,0.0,11.163053,8.425713,7.967794,0
Mauritania,1982,1.9101746,11.643937,0.010160503,11.166393,8.870119,7.549254,0
Mauritania,1983,1.8777014,10.42378,0.0,10.565877,8.657725,7.429608,0
Mauritania,1984,1.8754468,9.367096,0.0202751,10.086862,9.509022,7.3801365,0
Mauritania,1985,1.9225549,9.825268,0.0,9.875861,8.590785,7.2652335,0
Mauritania,1986,1.9796053,8.413322,0.0,9.797026,8.989023,10.271728,0
Mauritania,1987,1.9757766,8.306326,0.0,9.536146,8.890994,10.211539,0
Mauritania,1988,1.9412892,8.358608,0.0,9.354399,7.885859,10.249604,0
Mauritania,1989,1.96392,8.429749,0.0,10.121741,8.913176,10.433954,0
Mauritania,1990,1.9876423,8.495405,0.0,10.250987,7.0828676,10.573853,0
Mauritania,1991,1.9437237,9.557481,0.0,10.27253,8.238166,9.376202,0
Mauritania,1992,1.8543391,8.504039,0.0,9.321544,7.8460474,8.603735,0
Mauritania,1993,1.7331957,4.1458826,0.009847702,9.040192,7.828923,7.3266907,0
Mauritania,1994,1.7527356,4.0342293,0.0,9.077017,7.686578,8.381798,0
Mauritania,1995,1.657096,4.039784,0.0,8.893408,6.6577997,8.344312,0
Mauritania,1996,1.6430297,4.1966543,0.0,10.5015335,6.661199,8.007296,0
Mauritania,1997,1.614596,5.0331545,0.0,10.62444,9.278944,7.9434137,0
Mauritania,1998,1.6096818,5.298953,0.0,11.647697,7.2785616,7.8084564,0
Mauritania,1999,1.9956071,5.3550463,0.0,12.4249115,7.210259,6.7188783,0
Mauritania,2000,2.5522351,7.787332,0.0,12.690839,9.013209,7.9380546,0
Mauritania,2001,2.7487283,7.9632273,0.0,13.036247,8.660515,8.104707,0
Mauritania,2002,3.5074065,7.779509,0.010195948,13.499435,10.022617,8.319894,0
Mauritania,2003,3.6003535,7.982498,0.0,13.321308,10.173571,8.486547,0
Mauritania,2004,2.8926556,8.149202,0.0,13.333173,10.533829,8.480976,0
Mauritania,2005,2.8824415,7.9684887,0.0,13.044092,10.213868,8.459339,0
Mauritania,2006,2.332953,7.7870183,0.23119354,13.041417,8.858916,7.7870183,0
Mauritania,2007,3.4213207,6.2513022,0.042238526,12.523724,10.844743,7.602935,0
Mauritania,2008,3.0171723,6.20373,0.042346276,11.6028805,8.278698,7.1459346,0
Mauritania,2009,4.0423217,7.2380843,0.010581994,11.375645,9.3968115,7.0687723,0
Mauritania,2010,4.749997,7.589996,,12.809993,8.699995,7.109996,0
Mauritania,2011,4.81,7.67,0.0,12.84,8.76,7.14,0
Mauritania,2012,4.959984,7.289976,,12.24996,9.369969,7.0999765,0
Mauritania,2013,5.099993,7.0699906,0.019999973,12.579983,9.269988,7.2499905,0
Mauritania,2014,5.279985,7.239979,,13.069962,8.9699745,7.1199794,0
Mauritania,2015,5.3099933,7.259991,0.0,13.119983,8.779988,7.149991,0
Mauritania,2016,5.309992,7.179989,0.0,12.969981,8.709987,7.1099896,0
Mauritania,2017,5.2900023,7.2300034,,13.080007,9.430005,6.5700035,0
Mauritania,2018,5.2999916,7.229988,,13.019979,7.569988,6.4799895,0
Mauritania,2019,6.2699957,6.629996,,12.639992,8.709994,6.5599957,0
Mauritania,2020,6.0699935,6.9199924,,12.729985,8.47999,5.5599937,0
Mauritania,2021,7.5499825,6.9299836,,12.679971,8.269981,5.2299876,0
Mauritius,1961,0.6856093,4.0646834,0.74437577,0.84231997,10.675916,0.07835534,0
Mauritius,1962,0.72767335,4.0415373,0.77684045,0.904675,11.97711,0.07866739,0
Mauritius,1963,0.71082574,4.3241897,0.77006114,0.97738534,10.672258,0.07898063,0
Mauritius,1964,0.83265316,4.351604,0.8227406,1.1795921,12.390673,0.069387764,0
Mauritius,1965,0.86354125,3.8809726,0.88339275,1.0025018,11.732249,0.06948033,0
Mauritius,1966,0.8550386,3.290904,1.1334232,1.1135386,10.976309,0.23861541,0
Mauritius,1967,0.7754716,3.6188679,1.2129172,1.2825108,11.234397,0.22866473,0
Mauritius,1968,0.7952524,3.4792292,1.1729972,0.96424353,10.238874,0.2186944,0
Mauritius,1969,0.85557586,3.143744,1.144084,1.1540325,10.107733,0.20891967,0
Mauritius,1970,0.98508054,3.253751,1.223888,1.4726458,10.328421,0.2288571,0
Mauritius,1971,0.9771883,3.001364,1.1267579,1.4458398,10.250505,0.20939748,0
Mauritius,1972,1.1971295,2.5838041,1.4864357,2.015168,12.769381,0.25937805,0
Mauritius,1973,1.2894365,1.8292007,1.7292444,1.3094277,13.853946,0.4298122,0
Mauritius,1974,2.4635186,2.2932754,1.6824028,1.2818308,18.035759,0.7210298,0
Mauritius,1975,2.8317683,3.4945226,1.4259259,2.138889,14.831638,0.5322118,0
Mauritius,1976,2.8816905,4.5945835,1.3501627,2.1260023,17.310295,0.39295778,0
Mauritius,1977,3.515918,6.2134757,1.5053787,3.091583,20.09529,0.5657799,0
Mauritius,1978,3.9714725,7.456642,1.8438979,2.6442711,19.685131,0.5673532,0
Mauritius,1979,7.096522,7.765622,1.4395801,1.9464744,18.329302,0.31427452,0
Mauritius,1980,6.15083,6.5453734,1.0015332,2.0030663,17.056414,0.34396088,0
Mauritius,1981,6.1313705,5.1128373,0.87735075,1.7547015,18.797491,0.3630417,0
Mauritius,1982,6.1399174,5.376196,0.91445583,1.7887157,15.746728,0.4220565,0
Mauritius,1983,6.496496,4.4544544,0.980981,2.1321323,14.014014,0.4104104,0
Mauritius,1984,6.1459103,4.930673,0.7869156,2.281059,14.562919,0.6375012,0
Mauritius,1985,5.8536696,5.7051,0.79237497,2.3870296,13.004854,0.5843765,0
Mauritius,1986,6.6359906,6.7147565,0.8270374,2.6977174,14.443618,0.5808953,0
Mauritius,1987,7.3933964,7.168167,1.2632425,4.798363,15.080569,0.62672496,0
Mauritius,1988,9.772467,6.8007793,1.2373911,3.1957817,15.686612,0.62356716,0
Mauritius,1989,11.188693,6.662711,1.2529005,2.7388988,17.02585,0.68958086,0
Mauritius,1990,13.976095,8.716899,1.5303,3.564243,17.70499,0.55207026,0
Mauritius,1991,13.182356,8.0660925,2.1470895,4.874473,18.724169,0.65766704,1
Mauritius,1992,14.801813,8.093078,1.6941252,4.811315,21.549273,0.9099872,1
Mauritius,1993,15.5409355,7.780156,2.0540388,4.156522,19.397102,1.0560861,1
Mauritius,1994,16.693031,8.273684,2.5539658,4.719496,17.586433,1.0002222,1
Mauritius,1995,16.883163,6.6170325,1.7710292,4.2232237,18.070337,0.9147074,1
Mauritius,1996,17.716148,6.1651025,2.0355551,4.616522,17.8525,0.91551286,1
Mauritius,1997,18.033083,5.5981555,2.2334106,4.681385,19.496016,0.7899837,1
Mauritius,1998,16.091454,7.913989,2.4005444,4.235107,19.506863,0.89776456,1
Mauritius,1999,17.736351,7.6486793,2.2633846,4.4779897,16.009544,0.8780371,1
Mauritius,2000,17.785769,8.410476,2.3681874,4.6194267,22.717056,0.92583454,1
Mauritius,2001,23.007618,6.7279997,2.3367875,4.605418,19.190865,0.95418817,1
Mauritius,2002,24.378885,7.3943133,2.487443,3.9740791,20.22019,0.9619409,1
Mauritius,2003,24.693598,7.45266,2.5391376,3.789324,18.481434,0.9594452,1
Mauritius,2004,27.082865,7.9189095,2.3689048,4.0319724,19.279984,0.8412029,1
Mauritius,2005,26.920202,7.809944,2.468328,3.9242558,18.907778,0.7906363,1
Mauritius,2006,28.52997,7.6496882,2.6364963,3.8488998,19.2445,0.84675795,1
Mauritius,2007,31.542013,6.212384,2.8037348,4.023167,18.925207,0.8257575,1
Mauritius,2008,33.151714,6.9026117,2.7706318,3.671806,20.41064,0.7957178,1
Mauritius,2009,34.637566,6.221915,3.0869904,4.199074,19.950394,0.91075796,1
Mauritius,2010,35.64953,6.089919,2.479967,3.7199507,20.989721,0.70999056,1
Mauritius,2011,35.930027,6.440005,3.0400023,3.7800028,21.320017,0.72000057,1
Mauritius,2012,37.079628,6.129938,3.6699631,3.849961,22.669771,0.7299926,1
Mauritius,2013,37.989765,6.1199617,3.7599766,3.8399758,23.069855,0.7499953,1
Mauritius,2014,37.77994,6.36999,3.3399947,3.9299939,27.359959,0.7699988,1
Mauritius,2015,38.089737,6.699953,2.9199798,3.9399726,25.159824,0.77999455,1
Mauritius,2016,38.16003,6.370005,2.810002,3.990003,27.600023,0.7700006,1
Mauritius,2017,37.129913,6.529985,2.8299932,4.0699906,27.679935,0.7599982,1
Mauritius,2018,39.06982,6.7599688,3.9999814,4.3899794,28.409868,0.74999654,1
Mauritius,2019,40.719875,6.60998,4.0999875,3.6699889,28.879911,0.75999767,1
Mauritius,2020,39.46,6.05,3.24,3.3,28.849998,0.8,1
Mauritius,2021,40.93962,6.299942,3.5199676,2.6599755,28.829735,0.7199934,1
Mexico,1961,3.6163378,9.110184,11.27572,0.8000747,2.6135774,1.0987692,0
Mexico,1962,3.8586974,10.531473,10.915211,0.7674758,2.5262742,0.9913229,0
Mexico,1963,3.8857024,10.454136,10.603177,0.76649475,3.0979161,0.9687642,0
Mexico,1964,3.9218528,10.915293,10.309477,0.7758679,3.1353567,0.9671778,0
Mexico,1965,4.126743,10.820765,10.014511,0.76381874,3.3841412,0.94416475,0
Mexico,1966,4.1510057,10.536354,9.731566,0.73066175,3.346219,0.8895012,0
Mexico,1967,4.175547,10.571005,9.725325,0.7293993,4.038124,0.8456804,0
Mexico,1968,4.179755,10.143294,9.457224,0.70718086,3.9581017,0.8127302,0
Mexico,1969,4.206773,9.857977,9.446788,0.7696602,3.7006948,0.73803025,0
Mexico,1970,4.3621664,9.261702,9.525117,0.748101,4.056604,0.7164911,0
Mexico,1971,4.498017,8.732683,9.701811,0.7584478,4.4664145,0.7584478,0
Mexico,1972,4.602815,8.394608,10.669683,0.91634995,4.465889,0.7794241,0
Mexico,1973,4.9280996,8.013428,11.604201,0.8845307,4.6543164,0.67392814,0
Mexico,1974,5.1989565,8.335169,12.629044,0.85246044,4.4833107,0.6945974,0
Mexico,1975,5.288487,9.630724,13.804738,0.8305974,4.8363895,0.7780279,0
Mexico,1976,5.492437,10.869354,15.00706,0.8086379,4.4317555,0.7981361,0
Mexico,1977,5.681021,11.383005,16.194054,0.79660076,4.2450438,0.765156,0
Mexico,1978,5.9463534,10.816302,16.888062,0.78379,7.3780766,0.6688341,0
Mexico,1979,6.2493834,9.60322,17.685755,0.79158854,8.936618,0.64576966,0
Mexico,1980,6.5775537,10.983372,18.475342,0.7897221,10.4846,0.65463805,1
Mexico,1981,7.011506,12.18444,18.873936,0.8413808,14.012625,0.86215556,1
Mexico,1982,7.1694517,12.302363,19.32635,0.8312408,12.063381,0.8624123,1
Mexico,1983,7.2615,13.130954,20.620998,0.7583541,9.609282,0.831073,1
Mexico,1984,7.5426717,12.56073,19.802109,0.7168655,10.264683,0.7999803,1
Mexico,1985,8.360753,12.489135,17.293447,0.81111777,9.993387,0.9047083,1
Mexico,1986,9.730347,16.34573,12.605695,0.8646881,10.126227,0.8646881,1
Mexico,1987,9.546066,16.397509,11.812473,0.79376477,10.872488,0.89820755,1
Mexico,1988,9.542218,16.42393,11.5637865,0.84843,11.155282,1.0788677,1
Mexico,1989,8.754968,15.008516,9.932106,0.8723437,11.161796,1.1140774,1
Mexico,1990,10.427776,14.282894,9.827389,0.8637148,12.997854,1.1586418,1
Mexico,1991,11.93636,15.943267,10.681567,0.94900393,12.16834,1.1493493,1
Mexico,1992,12.609373,16.411196,10.856312,1.0243796,11.363221,1.1616676,1
Mexico,1993,14.554896,15.803062,10.715197,1.0471909,11.148881,1.2375892,1
Mexico,1994,15.474808,17.063599,11.545202,1.0486009,11.661714,1.2604396,1
Mexico,1995,16.80545,16.222296,10.857274,0.9224442,10.305929,1.0602807,1
Mexico,1996,16.386671,15.484556,10.390253,0.8596635,11.111947,1.0294735,1
Mexico,1997,18.74592,16.250006,10.663403,0.9346408,12.0122595,1.0196081,1
Mexico,1998,20.408344,17.476173,11.28249,1.0092623,9.837651,1.4448386,1
Mexico,1999,21.624315,17.811382,11.70432,1.0620979,9.781922,1.3063805,1
Mexico,2000,22.68018,18.201454,12.608355,1.1886665,10.241634,1.61319,1
Mexico,2001,23.65517,18.356073,12.85561,1.2505869,10.322641,1.9500679,1
Mexico,2002,24.905102,18.86654,13.050062,1.2584745,10.871527,1.6709156,1
Mexico,2003,25.824738,17.8811,12.975665,1.2131718,10.528221,1.1709746,1
Mexico,2004,26.7389,17.2156,13.637785,1.3679876,10.733442,1.0417752,1
Mexico,2005,28.70103,17.359241,13.379112,1.197189,11.677843,0.9976575,1
Mexico,2006,29.107868,17.978697,13.373886,1.1538255,12.293486,0.92306036,1
Mexico,2007,29.22557,18.082537,13.491144,1.163572,12.925082,0.8595756,1
Mexico,2008,29.694656,18.196232,14.024515,1.152987,13.154534,0.7861275,1
Mexico,2009,29.8057,17.560516,15.201641,1.0588729,12.308087,0.75484014,1
Mexico,2010,32.02,17.08,16.51,0.94,12.71,0.65,1
Mexico,2011,32.16,16.77,16.26,0.91,11.38,0.63,1
Mexico,2012,32.36,15.919999,16.55,0.91999996,12.009999,0.6399999,1
Mexico,2013,32.380005,15.990001,16.560001,0.9200001,13.270001,0.64000005,1
Mexico,2014,31.91,15.56,15.86,0.94,15.04,0.65,1
Mexico,2015,32.85,15.08,16.95,0.96,15.39,0.65,1
Mexico,2016,33.46,15.069999,17.38,0.93999994,16.05,0.66,1
Mexico,2017,34.3,15.21,17.87,0.93,14.92,0.66,1
Mexico,2018,35.12,15.329999,18.86,0.92999995,16.71,0.66,1
Mexico,2019,37.19,15.19,19.08,0.9,14.05,0.66,1
Mexico,2020,36.59,15.05,19.85,0.84,13.95,0.62,1
Mexico,2021,38.47,15.250001,20.25,0.84000003,13.870001,0.61,1
Moldova,1992,9.167363,10.969661,24.209244,0.80859846,0.6819505,0.35071743,0
Moldova,1993,5.958343,9.687175,16.443857,0.7107174,0.52573615,0.33101907,0
Moldova,1994,5.3411756,8.503074,12.258436,0.7977712,2.2181933,0.33078322,0
Moldova,1995,5.54382,3.5402641,12.176952,0.612738,2.129994,0.25287598,0
Moldova,1996,4.093875,5.484431,12.524729,0.56400174,3.8604949,0.22365586,0
Moldova,1997,3.4686036,3.4783196,12.280994,0.408071,3.1091125,0.2040355,0
Moldova,1998,3.927636,4.140989,12.403571,0.73703784,3.7530742,0.18425946,0
Moldova,1999,4.086709,0.92967796,12.599073,0.5713645,2.9342961,0.18399876,0
Moldova,2000,4.936239,1.883692,11.476031,0.48299792,4.1344624,0.06761971,0
Moldova,2001,8.648635,2.3665898,10.543831,0.46177357,6.6476154,0.08658256,0
Moldova,2002,9.01427,1.2057303,11.129082,0.54544944,6.9855804,0.15310861,0
Moldova,2003,10.353847,0.5709842,10.801117,0.37113968,7.2514987,0.08564763,0
Moldova,2004,12.684336,2.7052348,11.587108,0.45402542,9.5534525,0.08512977,0
Moldova,2005,16.973898,4.735369,12.4456415,0.5177839,11.410073,0.1976993,0
Moldova,2006,14.344696,5.023471,15.494534,0.58434373,11.272179,0.21677268,0
Moldova,2007,11.63431,3.8370488,17.773588,0.43581292,11.454301,0.23685485,0
Moldova,2008,13.823275,3.663311,12.71665,0.49607334,15.044379,0.2098772,0
Moldova,2009,11.53435,3.1238866,12.745458,0.45176205,13.149159,0.21146308,0
Moldova,2010,15.293942,2.4193807,16.75421,0.23329742,12.079621,0.19873483,0
Moldova,2011,15.40189,1.859591,19.181337,0.15496592,11.725754,0.19801201,0
Moldova,2012,16.171206,2.092139,20.381207,0.18006113,12.124117,0.19720982,0
Moldova,2013,18.319376,1.6048661,21.051064,0.35853392,13.385266,0.19634001,0
Moldova,2014,19.844263,2.1850796,20.048317,0.3060812,13.748146,0.22105862,0
Moldova,2015,19.804663,1.9321622,23.440178,0.44066855,11.330267,0.3982966,0
Moldova,2016,21.67337,2.2898571,23.777336,0.4140332,12.961775,0.3548856,0
Moldova,2017,19.249352,1.9889871,21.819862,0.19384198,13.543654,0.32026064,0
Moldova,2018,20.390804,2.354402,23.527203,0.033634316,14.000283,0.30270886,0
Moldova,2019,21.382824,2.341369,23.036049,0.109096035,14.425854,0.2769361,0
Moldova,2020,22.506481,2.6897173,25.514608,0.20947954,14.54626,0.20110035,0
Moldova,2021,24.657022,2.6439157,24.096445,0.100401856,14.658672,0.3095724,0
Mongolia,1961,0.19416632,43.357338,0.30095777,58.4926,0.2427079,38.55172,1
Mongolia,1962,0.27080807,31.162271,0.2901515,53.107395,0.24179292,33.483482,1
Mongolia,1963,0.30023628,32.570793,0.36803156,55.107883,0.26149613,32.53205,1
Mongolia,1964,0.29211402,32.17149,0.36027396,53.57371,0.25316545,33.515213,1
Mongolia,1965,0.32212242,32.261047,0.4392578,52.291203,0.2537934,34.213303,1
Mongolia,1966,0.31293076,40.172493,0.43027982,51.721592,0.35204715,31.909163,1
Mongolia,1967,0.33284873,43.10391,0.25453135,56.163326,0.35242808,32.129692,1
Mongolia,1968,0.16676542,36.82573,0.3237211,59.692207,0.3531503,29.586145,1
Mongolia,1969,0.15747818,36.702263,0.31495637,59.98935,0.35432595,26.466179,1
Mongolia,1970,0.15815935,33.10473,0.22735406,57.579884,0.39539835,24.574009,1
Mongolia,1971,0.19837564,31.769857,0.29756346,52.569546,0.3769137,23.12068,1
Mongolia,1972,0.18904683,35.073162,0.28854513,53.161957,0.31839463,23.8995,1
Mongolia,1973,0.16935556,33.751568,0.3586353,50.05951,0.38852155,24.028564,1
Mongolia,1974,0.18932407,29.086157,0.34875485,56.199356,0.41850582,27.442026,1
Mongolia,1975,0.13946326,32.156242,0.4084281,59.74008,0.67739296,26.98614,1
Mongolia,1976,0.15915316,34.80481,0.32825342,56.55906,1.919785,25.802708,1
Mongolia,1977,0.17879559,33.047386,0.25826028,48.413876,0.8343794,29.084084,1
Mongolia,1978,0.18860522,32.23164,0.36728385,59.192257,1.3897226,29.640799,1
Mongolia,1979,0.17875578,34.47007,0.5461982,58.413414,1.4002535,23.714931,1
Mongolia,1980,0.17917442,31.425201,0.5872939,56.539482,1.1944962,22.794968,1
Mongolia,1981,0.16939154,28.118996,0.8071009,61.120453,0.98645663,21.423048,1
Mongolia,1982,0.16963668,24.976507,0.72843987,60.20107,0.76835436,19.617983,1
Mongolia,1983,0.1597562,26.948874,0.81875056,58.98998,0.9185982,20.159237,1
Mongolia,1984,0.15994409,26.020905,1.0196435,56.260334,1.1895843,19.663126,1
Mongolia,1985,0.16018711,26.100487,1.1413331,50.62914,0.95111096,20.423857,1
Mongolia,1986,0.18055592,27.073357,1.223768,51.659054,1.4043238,20.0718,1
Mongolia,1987,0.18102337,27.032822,1.508528,51.340237,1.1967657,19.067793,1
Mongolia,1988,0.22172093,27.624413,1.9047844,47.921955,1.1086047,17.001965,1
Mongolia,1989,0.19180652,25.601124,2.5944357,47.810303,0.9893179,18.433617,1
Mongolia,1990,0.11114813,26.695759,3.6476793,57.968796,0.9093937,19.572174,1
Mongolia,1991,0.18146639,33.541035,1.754175,57.222397,0.050407328,25.949692,1
Mongolia,1992,0.040134083,29.508585,0.7826146,49.766262,0.050167605,25.61558,1
Mongolia,1993,0.049838945,27.18216,0.30900145,47.396835,0.09967789,16.825626,1
Mongolia,1994,0.009910868,26.491749,0.30723688,49.484962,0.07928694,11.6650915,1
Mongolia,1995,0.059167355,28.893393,0.27611434,47.84667,0.059167355,12.918207,1
Mongolia,1996,0.039320536,32.92112,0.13762188,48.43307,0.039320536,16.642418,1
Mongolia,1997,0.049039017,35.30809,0.10788584,46.763607,0.07846242,20.596386,1
Mongolia,1998,0.078364976,36.096867,0.11754747,48.409966,0.019591244,20.012457,1
Mongolia,1999,0.02935145,35.182606,0.12718962,48.997356,0.039135266,22.590834,1
Mongolia,2000,0.04889865,29.436987,0.4009689,46.766666,0.22493379,21.818577,1
Mongolia,2001,0.10765943,27.208473,0.21531886,41.86973,0.39148885,16.031467,1
Mongolia,2002,0.13710293,19.693857,0.12730986,37.820824,0.26441282,15.845182,1
Mongolia,2003,0.20603935,19.789589,0.13735957,35.33084,0.29434195,13.834071,1
Mongolia,2004,0.17702442,18.440042,0.07867751,38.65033,0.17702442,15.410959,1
Mongolia,2005,0.25672284,16.54875,0.12836142,37.728382,0.21722703,15.047908,1
Mongolia,2006,0.55517393,16.526339,0.12887967,35.798805,0.19827642,12.897881,1
Mongolia,2007,0.5278343,16.681557,0.15934622,41.03165,0.44816124,12.389168,1
Mongolia,2008,0.80972445,18.973543,0.14994898,45.294586,0.5198231,14.724989,1
Mongolia,2009,0.7615053,18.72702,0.18035653,55.50973,0.4007923,12.604918,1
Mongolia,2010,1.7799953,14.799962,0.1899995,46.469883,0.6199984,4.919987,1
Mongolia,2011,2.0899954,16.999962,0.16999963,41.549908,0.889998,7.889982,1
Mongolia,2012,2.2899969,19.259974,0.23999965,39.91994,1.1399984,12.6099825,1
Mongolia,2013,2.539991,18.289936,0.43999845,49.049824,0.89999676,11.959957,1
Mongolia,2014,2.6999946,17.019966,0.45999905,45.389908,0.8799982,12.059976,1
Mongolia,2015,2.7299945,19.63996,0.2899994,55.31989,0.5499989,12.079975,1
Mongolia,2016,2.739992,23.279932,0.29999912,49.359856,0.5499984,11.949965,1
Mongolia,2017,2.7899973,21.909979,0.3899996,53.689945,0.5999994,12.169989,1
Mongolia,2018,3.859995,24.78997,1.1299986,51.489937,0.73999906,10.979985,1
Mongolia,2019,4.349993,24.719961,1.0199984,64.3299,1.0999984,16.409975,1
Mongolia,2020,4.35,29.53,1.34,66.91,1.08,18.14,1
Mongolia,2021,5.4299965,26.509985,2.2199988,64.77996,1.0599993,16.609991,1
Montenegro,2006,9.061609,11.587935,36.86095,2.13616,8.027668,0.009754154,1
Montenegro,2007,11.099788,12.380909,34.443573,2.2199576,9.642634,0.019559097,1
Montenegro,2008,13.017649,13.586191,40.0626,1.9408845,11.253208,0.17644405,1
Montenegro,2009,12.248842,13.445287,41.914776,1.7652454,10.444368,0.009806919,1
Montenegro,2010,14.139821,13.029834,49.209373,1.9799749,10.489866,0.0,1
Montenegro,2011,14.309751,11.309803,45.009212,1.9899653,11.239803,0.009999826,1
Montenegro,2012,14.449931,11.789944,52.53975,2.08999,10.929948,0.0,1
Montenegro,2013,14.779977,12.449981,50.81992,2.4499962,12.029981,0.009999984,1
Montenegro,2014,14.799743,12.66978,45.589207,2.2799604,11.829794,0.009999826,1
Montenegro,2015,15.160023,12.80002,51.15008,1.9200029,11.960018,0.010000015,1
Montenegro,2016,15.539902,13.119917,53.92966,2.2699857,13.289916,0.009999936,1
Montenegro,2017,15.979874,13.479893,52.619583,2.3799813,13.979889,0.029999763,1
Montenegro,2018,16.710026,14.570024,53.690086,2.3600037,14.160023,0.040000062,1
Montenegro,2019,15.839926,15.039929,49.28977,2.3699887,15.519927,0.049999766,1
Montenegro,2020,15.449803,15.209806,49.849365,1.9499753,15.549802,0.1499981,1
Montenegro,2021,18.470116,12.500079,55.52035,1.8500118,15.580099,0.07000045,1
Morocco,1961,2.1317012,5.555024,0.17851685,5.397509,1.2181149,0.3780357,0
Morocco,1962,2.0391889,5.4658666,0.14715795,4.4147387,1.5136248,0.39942873,0
Morocco,1963,1.9985785,5.343568,0.08415067,3.828856,2.156361,0.3681592,0
Morocco,1964,2.0956836,4.896949,0.08424858,3.9175591,2.2747118,0.36858755,0
Morocco,1965,1.9902937,5.4127564,0.084245235,4.307038,2.5484185,0.37910357,0
Morocco,1966,1.9990891,5.765794,0.05260761,4.35591,2.1463904,0.26303804,0
Morocco,1967,1.9854046,5.7461176,0.05252393,4.5800867,1.9223759,0.29413402,0
Morocco,1968,1.9920391,6.0075707,0.08387533,4.8962226,1.8557416,0.3145325,0
Morocco,1969,1.9765177,6.1700816,0.12549318,4.63279,2.447117,0.3032752,0
Morocco,1970,2.0423355,6.0228057,0.114620864,4.6369348,2.3966181,0.32302243,0
Morocco,1971,1.9922199,5.738009,0.13488989,4.7211466,4.9805503,0.32166052,0
Morocco,1972,2.334561,5.7640934,0.14461884,4.689782,6.301249,0.35121718,0
Morocco,1973,2.1185336,5.5637217,0.10284144,4.597012,4.8335476,0.29824015,0
Morocco,1974,2.130653,5.3471193,0.061461143,4.435446,4.5071507,0.34827983,0
Morocco,1975,2.4906542,4.8179865,0.030622797,3.8278496,3.511414,0.30622798,0
Morocco,1976,2.6159515,4.5499234,0.030536398,3.0129247,4.672069,0.3155428,0
Morocco,1977,3.0043063,5.105291,0.04059873,3.389994,5.044392,0.25374207,0
Morocco,1978,3.12658,5.1300197,0.030355146,3.6628542,6.526356,0.16189411,0
Morocco,1979,3.0372205,5.418563,0.0302713,3.6224656,7.043123,0.17153737,0
Morocco,1980,2.7467246,5.6343064,0.030183785,3.6119928,7.596253,0.15091893,0
Morocco,1981,2.5684533,6.671959,0.030099062,3.9630435,7.655195,0.09029719,0
Morocco,1982,2.6226804,7.4275913,0.030030692,2.8429055,7.6678367,0.260266,0
Morocco,1983,2.7778606,5.975398,0.029976912,2.757876,7.7040668,0.19984609,0
Morocco,1984,2.934439,5.5095587,0.029943254,2.7947037,7.535719,0.36930013,0
Morocco,1985,3.5808256,3.9897778,0.019948889,2.982359,9.236336,0.45882446,0
Morocco,1986,4.3799124,4.7490625,0.019954044,2.9332445,9.847321,0.8081388,0
Morocco,1987,5.545248,5.295462,0.029974312,3.6169002,8.073081,1.0291181,0
Morocco,1988,5.27431,5.3443675,0.030024534,4.6838274,7.245921,1.231006,0
Morocco,1989,5.715082,6.477093,0.03007938,5.243839,6.828019,1.3234928,0
Morocco,1990,6.688239,6.055568,0.030127203,4.9609466,7.6824374,1.3055122,0
Morocco,1991,6.4358344,6.174379,0.030167975,4.806764,7.270482,1.3575588,0
Morocco,1992,6.6741967,5.919197,0.030199982,5.133997,9.080129,1.3589993,0
Morocco,1993,6.1355968,6.024773,0.030224612,4.755339,7.9389987,1.4205568,0
Morocco,1994,6.776282,5.0418763,0.030251259,4.759531,9.075377,1.4419767,0
Morocco,1995,7.454997,4.943097,0.030263858,4.9733605,7.7576356,1.5031049,0
Morocco,1996,9.220539,4.0755987,0.030264348,4.17648,6.506835,1.210574,0
Morocco,1997,9.097331,4.720123,0.030257197,5.254667,7.3625846,1.4926884,0
Morocco,1998,9.001388,4.425094,0.020159883,4.9290915,7.1567583,1.380952,0
Morocco,1999,9.908799,4.8234906,0.020139836,5.186008,7.9250255,1.5809772,0
Morocco,2000,9.400945,4.9367523,0.02010897,5.1478963,8.144134,1.5383363,0
Morocco,2001,9.489724,5.0357733,0.020062841,5.0357733,8.426393,1.504713,0
Morocco,2002,10.223202,5.831826,0.020006265,4.511413,9.703039,1.5404824,0
Morocco,2003,11.431304,5.0872293,0.019949919,4.279258,10.593408,1.4663191,0
Morocco,2004,11.462,4.712045,0.019882048,4.264699,10.597131,1.5309176,0
Morocco,2005,12.829302,5.216853,0.019798305,4.5041146,12.542227,1.4551754,0
Morocco,2006,13.042049,5.2444224,0.02957381,4.6233726,11.829524,1.4688326,0
Morocco,2007,13.520621,5.410212,0.019637793,4.5461493,11.173904,1.433559,0
Morocco,2008,15.489733,5.998235,0.029355148,4.520693,11.106031,1.5068976,0
Morocco,2009,17.042675,6.2860727,0.019521965,4.8609695,12.455014,1.4934304,0
Morocco,2010,19.310001,6.6500006,0.030000003,4.7300005,14.310001,1.6700001,0
Morocco,2011,19.599995,6.749998,0.029999992,4.7999988,14.009996,1.6899996,0
Morocco,2012,19.630003,6.7800016,0.020000003,4.820001,16.890003,1.8500004,0
Morocco,2013,19.850002,6.8500004,0.0,4.8700004,17.640001,1.8300002,0
Morocco,2014,20.409996,6.9199986,0.019999996,4.919999,17.009996,1.8399997,0
Morocco,2015,20.160004,7.000001,0.020000003,4.9800005,20.200005,1.9300002,0
Morocco,2016,20.289995,7.059998,0.019999994,5.009999,20.359995,1.9299994,0
Morocco,2017,20.539997,7.1699986,0.019999996,5.079999,19.499996,1.8599997,0
Morocco,2018,20.319998,7.099999,0.019999998,5.0199995,19.009998,1.8299998,0
Morocco,2019,23.350002,8.100001,0.020000001,5.2700005,18.720001,1.7700001,0
Morocco,2020,17.41,7.7800007,0.02,4.96,18.52,1.8100001,0
Morocco,2021,17.499996,7.7599983,0.019999994,5.029999,18.329994,1.7699995,0
Mozambique,1961,0.597612,3.6533265,0.9471587,0.39464948,4.499004,0.0,0
Mozambique,1962,0.6200803,3.6979334,0.99212843,0.39459655,4.453304,0.0,0
Mozambique,1963,0.6310846,3.6738138,1.0255125,0.39442787,4.3048983,0.0,0
Mozambique,1964,0.6535162,3.6957467,1.059147,0.39436322,4.31546,0.0,0
Mozambique,1965,0.6644812,3.7053277,1.5091609,0.4054462,4.673894,0.0,0
Mozambique,1966,1.0469944,3.6588514,1.1595744,0.37151414,4.90849,0.0,0
Mozambique,1967,1.2832386,3.6245866,1.1594174,0.37146387,5.02039,0.0,0
Mozambique,1968,1.395467,3.6237128,1.3279444,0.38262805,5.683152,0.0,0
Mozambique,1969,1.5187216,3.667431,1.0687299,0.37124306,5.928639,0.0,0
Mozambique,1970,1.7531198,3.7085228,1.078843,0.38209024,5.540308,0.0,0
Mozambique,1971,1.8159714,3.6879914,1.2218573,0.3811298,5.582431,0.0,0
Mozambique,1972,1.7734684,3.6696293,1.305005,0.40154,4.6623254,0.0,0
Mozambique,1973,1.8062128,3.6235065,1.3740515,0.3545939,4.5099916,0.0,0
Mozambique,1974,1.6074513,3.6442902,1.4533122,0.4073678,3.7103498,0.0,0
Mozambique,1975,1.5540824,3.731987,1.1163127,0.33927155,3.064388,0.0,0
Mozambique,1976,1.524192,3.1899161,0.70766056,0.19596756,3.3532224,0.0,0
Mozambique,1977,1.5688456,3.278346,0.72491485,0.19475324,2.9862163,0.0,0
Mozambique,1978,1.5668204,3.702418,0.8156051,0.20390128,3.3482735,0.0,0
Mozambique,1979,1.6811153,3.3622305,0.8086377,0.18087949,3.8729491,0.0,0
Mozambique,1980,1.7340258,3.3829463,0.80850285,0.19148752,3.9042177,0.0,0
Mozambique,1981,1.7525709,3.3021,0.7801078,0.18166894,3.665438,0.0,0
Mozambique,1982,1.8074534,3.1443272,0.80212426,0.18181483,3.9892313,0.0,0
Mozambique,1983,1.8159581,3.033718,0.9507075,0.18159582,4.4864845,0.0,0
Mozambique,1984,1.8591132,3.017075,0.8286333,0.19122308,3.643862,0.0,0
Mozambique,1985,1.8514597,2.9455042,0.831053,0.26299146,3.3662906,0.0,0
Mozambique,1986,1.8982117,2.4790854,0.8401921,0.37341872,3.9831328,0.010372741,0
Mozambique,1987,1.9601161,2.3108737,0.8768941,0.46423802,3.8789666,0.010316401,0
Mozambique,1988,2.039938,2.2562952,0.89633644,0.57695216,3.7192807,0.010302717,0
Mozambique,1989,2.026505,2.1288538,0.9109038,0.6755017,2.8862345,0.020469747,0
Mozambique,1990,2.090764,1.15247,0.9382942,0.77511257,3.0290585,0.010198849,0
Mozambique,1991,2.090066,1.1474872,0.8606154,0.9528242,2.4179192,0.010245421,0
Mozambique,1992,2.108326,1.0593559,0.88279665,1.0489701,2.2744997,0.0,0
Mozambique,1993,2.0232985,1.0797914,0.87012315,1.0902748,1.5829952,0.0,0
Mozambique,1994,2.1656964,1.0569428,0.83933693,1.1398402,1.3885328,0.020724367,0
Mozambique,1995,1.9984125,0.94284075,7.39925,1.1683027,1.5269921,0.0,0
Mozambique,1996,1.9862621,0.9726541,7.2590714,1.2388542,2.0169775,0.0,0
Mozambique,1997,2.057845,0.87023306,7.166625,1.2797545,1.7609422,0.0,0
Mozambique,1998,2.1633382,0.90224534,7.043665,1.3943791,1.3226095,0.0,0
Mozambique,1999,1.9401559,0.8006992,6.9907203,1.4063563,1.3550295,0.0,0
Mozambique,2000,2.01598,0.7919921,6.911931,1.4297,1.9542663,0.10285612,0
Mozambique,2001,1.9692554,0.6598552,6.536691,1.4331231,1.6805688,0.061861426,0
Mozambique,2002,2.3148928,0.74407274,6.200606,1.3641332,1.6844978,0.04133737,0
Mozambique,2003,1.4604306,0.9011168,5.147759,1.263635,4.7748833,0.041430656,0
Mozambique,2004,1.5151983,1.1312097,5.5003777,1.2453685,4.597485,0.04151228,0
Mozambique,2005,1.684033,1.216246,5.852535,1.2474319,4.6778693,0.04158106,0
Mozambique,2006,1.7177163,1.0722715,4.14334,1.0514506,5.2780743,0.031231206,0
Mozambique,2007,1.5940226,1.4481643,4.6049542,1.0626817,4.5632806,0.031255346,0
Mozambique,2008,1.6359339,1.1982955,5.1370406,1.1357757,6.0331573,0.06251976,0
Mozambique,2009,1.9886876,1.1661415,4.227263,0.8954301,7.1842647,0.020823956,0
Mozambique,2010,2.2399988,0.67999965,4.2799983,0.10999995,7.459996,0.01999999,0
Mozambique,2011,2.3499994,0.7199999,4.639999,0.10999998,9.079998,0.019999996,0
Mozambique,2012,2.5499995,0.5499999,4.819999,0.119999975,9.399998,0.019999996,0
Mozambique,2013,2.6799994,0.48999986,4.4499984,0.11999996,10.309998,0.019999994,0
Mozambique,2014,3.190001,0.65000015,4.6300015,0.12000003,11.000003,0.020000005,0
Mozambique,2015,3.8399997,0.65999997,4.6699996,0.089999996,12.129999,0.019999998,0
Mozambique,2016,3.7899985,0.70999974,4.2699986,0.07999997,11.859996,0.019999992,0
Mozambique,2017,4.0699987,0.6899998,4.6499987,0.06999998,12.499996,0.019999994,0
Mozambique,2018,4.29,0.62,3.7999997,0.07,12.839999,0.01,0
Mozambique,2019,4.4599996,0.56999993,2.9699998,0.07999999,13.869999,0.019999998,0
Mozambique,2020,4.8399997,0.60999995,3.5899997,0.07999999,13.469999,0.009999999,0
Mozambique,2021,5.6399994,0.74999994,3.8899996,0.089999996,13.089998,0.009999999,0
Myanmar,1961,0.90011823,2.631115,1.0979464,0.07913127,14.955811,0.0,0
Myanmar,1962,0.91964704,2.5908334,1.0580885,0.069220744,14.526467,0.0,0
Myanmar,1963,0.978753,2.6989856,1.1962537,0.07909115,14.018907,0.0,0
Myanmar,1964,0.9689844,2.8575153,1.2853875,0.08898837,13.575669,0.0,0
Myanmar,1965,1.0683101,2.9081776,1.3057125,0.10880937,13.185717,0.0,0
Myanmar,1966,1.316745,2.7423937,1.5543532,0.10890372,12.563529,0.0,0
Myanmar,1967,1.5067339,2.7755625,1.8834174,0.11895268,13.035231,0.0,0
Myanmar,1968,1.4592128,2.8489392,1.687525,0.119119406,13.252035,0.0,0
Myanmar,1969,1.5509018,2.84332,2.067869,0.099416785,13.540566,0.0,0
Myanmar,1970,1.7324672,2.8376617,2.2004325,0.099567086,13.790041,0.0,0
Myanmar,1971,1.7351409,2.842041,2.143996,0.09972075,13.791379,0.0,0
Myanmar,1972,1.6979188,2.8465106,1.9476126,0.08988982,13.813068,0.0,0
Myanmar,1973,1.6825715,2.8443472,1.922939,0.10015307,13.821124,0.0,0
Myanmar,1974,1.5083219,2.7954233,1.7999308,0.09049932,12.690015,0.0,0
Myanmar,1975,1.5853521,2.7768905,1.9387745,0.09088006,13.904649,0.0,0
Myanmar,1976,1.6429125,2.7584703,2.1499841,0.09127292,14.076312,0.0,0
Myanmar,1977,1.6088612,2.7595024,2.128177,0.091644,14.265915,0.0,0
Myanmar,1978,1.6353151,2.7902563,2.2178962,0.09198648,14.523642,0.0,0
Myanmar,1979,1.8058596,2.8524373,2.3086274,0.092345096,14.857299,0.0,0
Myanmar,1980,1.9675993,2.8844388,2.2972496,0.09271411,14.9269705,0.0,0
Myanmar,1981,2.2967272,2.9381552,2.2863815,0.11380179,14.970109,0.0,0
Myanmar,1982,2.5571754,2.9729762,2.2765098,0.12474026,14.38671,0.0,0
Myanmar,1983,2.6696815,2.9721065,2.2421155,0.13556977,14.14097,0.0,0
Myanmar,1984,2.7982998,2.9653623,2.2135801,0.14617984,14.5971,0.0,0
Myanmar,1985,2.9055018,2.9786618,2.184352,0.15677169,15.165048,0.0,0
Myanmar,1986,2.8665745,2.929346,2.1865475,0.14646731,16.299719,0.0,0
Myanmar,1987,3.0372005,2.9324691,2.1888788,0.14662346,15.468776,0.0,0
Myanmar,1988,3.1874099,2.9357724,2.1703746,0.14678863,15.643473,0.0,0
Myanmar,1989,2.0675578,2.6133091,1.889139,0.1259426,16.519472,0.0,0
Myanmar,1990,1.943352,1.6072046,1.3340849,0.16807368,15.924981,0.0,0
Myanmar,1991,1.9981495,1.6090361,1.3776715,0.15774865,15.301619,0.0,0
Myanmar,1992,2.14805,1.600508,1.4846817,0.16847453,15.604952,0.0,0
Myanmar,1993,2.2348921,1.6023756,1.5918337,0.16867112,15.243652,0.0,0
Myanmar,1994,2.3009477,1.6043304,2.4381602,0.16887689,15.431127,0.0,0
Myanmar,1995,2.6639714,1.6068399,2.611115,0.17971237,14.165563,0.0,0
Myanmar,1996,2.9550369,1.715828,2.7643893,0.18005602,11.809556,0.0,0
Myanmar,1997,3.1942701,1.867746,2.7167215,0.19101949,14.814622,0.0,0
Myanmar,1998,3.369731,2.0197124,2.5405858,0.20197125,15.392335,0.0,0
Myanmar,1999,3.883737,1.8088639,2.7132957,0.22344787,14.407068,0.0,0
Myanmar,2000,5.3093824,2.0322485,2.6174512,0.25536108,18.7052,0.0,0
Myanmar,2001,6.162909,2.1038897,2.7839346,0.26564264,19.859444,0.0,0
Myanmar,2002,7.069045,2.2256362,4.03794,0.27555496,21.122349,0.0,0
Myanmar,2003,8.790342,2.5885024,4.5747814,0.31695947,21.690594,0.010565315,0
Myanmar,2004,10.6938715,2.4969926,5.352204,0.4003617,29.131582,0.010535834,0
Myanmar,2005,12.722825,2.7128005,6.66634,0.45213345,28.883966,0.0,0
Myanmar,2006,14.586612,3.0559425,7.456079,0.50407296,35.474133,0.0,1
Myanmar,2007,16.168116,3.2944765,8.225699,0.54558206,40.016346,0.0,1
Myanmar,2008,17.642773,3.518053,9.220449,0.58809245,45.29362,0.0,1
Myanmar,2009,20.251831,3.6486943,10.588573,0.7570778,50.10383,0.010514969,1
Myanmar,2010,20.57,5.8,11.33,0.96,45.31,0.02,1
Myanmar,2011,21.149996,6.049999,11.869998,1.0899998,45.089993,0.019999996,1
Myanmar,2012,23.099993,6.439998,12.789996,1.1899997,45.849983,0.019999994,1
Myanmar,2013,25.019997,6.829999,13.989998,1.3099997,45.059994,0.019999996,1
Myanmar,2014,28.650003,7.2400007,15.600002,1.4900001,46.980003,0.0,1
Myanmar,2015,30.689997,7.809999,16.269999,1.7199998,47.429993,0.009999999,1
Myanmar,2016,30.71,8.67,16.34,1.77,47.91,0.0,1
Myanmar,2017,31.779999,8.489999,16.829998,1.7699999,46.929996,0.0,1
Myanmar,2018,31.979998,8.629999,19.379997,2.3899999,44.509995,0.0,1
Myanmar,2019,29.79,9.11,19.99,1.77,41.18,0.0,1
Myanmar,2020,12.31,2.6,5.03,0.21,40.88,0.0,0
Myanmar,2021,12.169998,2.5999994,4.989999,0.21999995,40.59999,0.0,0
Namibia,1961,0.29750562,12.679894,1.3541636,21.748688,9.643286,2.657033,1
Namibia,1962,0.45375162,13.94255,1.4540676,22.543205,11.725354,2.691572,1
Namibia,1963,0.54827553,13.872406,1.4068959,23.586193,9.403443,2.7103434,1
Namibia,1964,0.65251213,14.676345,1.4603844,23.552582,7.788717,2.7239795,1
Namibia,1965,0.8097657,14.866467,1.4222808,23.223665,7.59934,2.7407455,1
Namibia,1966,0.8920884,18.57826,1.46261,22.706762,7.4064083,2.7385042,1
Namibia,1967,0.9440488,18.83948,1.5042536,21.640503,7.2100425,2.738779,1
Namibia,1968,1.0151677,17.237133,1.5434693,21.111343,7.0233035,2.7347376,1
Namibia,1969,1.0652909,17.82035,1.5720798,20.736973,6.826136,2.7304544,1
Namibia,1970,1.116538,17.492428,1.6024387,20.356142,8.611816,2.718977,1
Namibia,1971,1.1589069,17.807846,1.6245393,19.97045,8.360686,2.7006671,1
Namibia,1972,1.2025754,16.328074,1.6483579,19.780294,8.117385,2.6850607,1
Namibia,1973,1.2452011,16.498915,1.6706448,19.591164,7.875897,2.6668055,1
Namibia,1974,1.2657895,17.34754,1.8156816,19.671612,7.708865,2.6457074,1
Namibia,1975,1.2919543,9.229722,1.9430993,20.257843,8.041123,2.625251,1
Namibia,1976,1.3274106,13.438747,2.006551,17.914898,8.705344,2.6033714,1
Namibia,1977,1.3643014,15.448406,2.0823548,19.305378,9.447531,2.5952501,1
Namibia,1978,1.4018357,16.327263,2.0924459,20.08954,9.606697,2.597519,1
Namibia,1979,1.4492193,17.752937,1.8322273,20.226963,10.185942,2.608595,1
Namibia,1980,1.473835,17.177443,1.7852086,20.73748,10.244191,2.6674337,1
Namibia,1981,1.5184262,14.482643,1.8430551,14.744441,10.482376,2.733167,0
Namibia,1982,1.5557613,13.297554,1.8500946,12.645816,10.595996,2.7856538,0
Namibia,1983,1.5710136,8.93383,2.0108974,10.536265,10.986622,2.8068776,0
Namibia,1984,1.5810938,10.0834,1.8323934,11.455076,11.298015,2.8271213,0
Namibia,1985,1.5974126,11.171379,1.8706542,11.118833,11.16087,2.8375094,0
Namibia,1986,1.5997025,11.473363,2.0234647,12.183165,11.282669,2.8392072,0
Namibia,1987,1.5942802,11.095762,2.1506734,9.768979,11.181361,2.835465,0
Namibia,1988,1.5868751,10.827454,2.353325,11.162101,10.26611,2.8175128,0
Namibia,1989,1.5426563,6.8891225,2.3034182,11.13671,10.270287,2.7154975,0
Namibia,1990,6.0154886,8.010316,2.0258346,9.436668,10.552944,2.6253161,0
Namibia,1991,6.5656137,8.802479,2.2057977,10.02447,10.594042,1.729428,0
Namibia,1992,7.167629,10.181762,1.72976,5.562163,11.310767,1.7401179,0
Namibia,1993,3.5726378,4.0992403,1.5694824,6.09207,12.235768,1.9515276,0
Namibia,1994,4.1220207,1.5972829,1.8549092,6.646758,11.655013,2.2774165,0
Namibia,1995,3.358727,2.7302537,2.163597,4.337497,13.713085,2.0708716,0
Namibia,1996,3.1928508,3.3891752,1.6945876,5.4764113,13.753025,2.6968741,0
Namibia,1997,9.697174,2.512544,2.5229263,6.0737114,13.725551,3.8830225,0
Namibia,1998,6.693822,1.626536,2.5857754,4.076767,14.034087,3.044542,0
Namibia,1999,7.9886465,8.886717,2.6733248,9.596818,13.606805,5.5032897,1
Namibia,2000,8.524134,19.802698,2.890067,9.285775,13.64696,4.1420817,1
Namibia,2001,10.526641,18.70247,3.7342532,2.9437149,13.480758,3.0165277,1
Namibia,2002,8.014345,14.857124,1.8662124,4.530749,14.29726,2.706008,0
Namibia,2003,10.828403,13.083027,3.5370717,4.0128183,14.489583,3.4750175,0
Namibia,2004,9.801187,10.895946,5.318874,4.6475596,14.490057,4.017557,0
Namibia,2005,10.460941,11.173483,2.6126537,4.801913,14.488352,4.2442718,0
Namibia,2006,10.189724,10.262065,2.6042702,5.632251,14.819538,4.4231257,0
Namibia,2007,11.038707,10.84214,3.3623052,5.7935104,14.8355255,4.6451535,0
Namibia,2008,15.926558,12.18827,3.230875,6.2960644,13.151319,4.7116933,0
Namibia,2009,7.6893682,11.2024355,3.2332652,7.2230315,13.845008,4.746268,0
Namibia,2010,7.149983,9.999976,3.419992,5.3599873,12.729969,5.0699883,0
Namibia,2011,10.339986,9.959987,3.679995,5.5499926,11.5699835,5.0499935,0
Namibia,2012,17.939968,4.5399914,3.879993,2.0099962,13.159975,4.0399923,0
Namibia,2013,12.73996,4.039987,4.039987,1.7399945,12.48996,4.409986,0
Namibia,2014,12.499955,5.879979,4.1299853,2.9399896,11.809958,4.8999825,0
Namibia,2015,12.56995,3.9199846,4.339983,3.6599855,12.989948,4.8899803,0
Namibia,2016,11.849996,4.649998,4.379998,3.7499986,13.239995,5.019998,0
Namibia,2017,11.549952,7.749967,4.269982,3.6799846,12.789946,5.189978,0
Namibia,2018,9.979991,8.899992,3.689997,4.939996,12.20999,5.029996,0
Namibia,2019,9.019971,3.0599897,4.609985,4.049987,11.709961,5.0399833,0
Namibia,2020,10.190004,9.280004,4.670002,4.230002,11.510005,4.910002,0
Namibia,2021,13.499999,8.56,6.17,4.01,11.33,4.98,0
Nauru,2019,50.052715,30.404829,29.686369,6.655734,45.42264,2.8638613,1
Nauru,2020,52.536236,26.018705,28.043936,5.8861337,44.74459,2.8632548,1
Nauru,2021,53.54156,27.808874,37.05188,4.3120723,44.059,2.9146414,1
Nepal,1961,0.3372457,3.8876934,0.32787773,1.4801339,0.14051904,0.0,0
Nepal,1962,0.33654457,3.8702624,0.3271961,1.5424958,0.1402269,0.0,0
Nepal,1963,0.3452348,4.03085,0.32657346,1.5675526,0.13996007,0.0,0
Nepal,1964,0.33530316,4.0050097,0.3166752,1.5833759,0.1490236,0.0,0
Nepal,1965,0.33471525,4.016583,0.31611994,1.599195,0.13946468,0.0,0
Nepal,1966,0.33422604,3.9085877,0.3156579,1.6061417,0.13926084,0.0,0
Nepal,1967,0.34310535,3.9967134,0.33383223,1.6227955,0.15764299,0.0,0
Nepal,1968,0.33346233,4.0293365,0.33346233,1.6302602,0.14820547,0.0,0
Nepal,1969,0.33316234,4.0627294,0.34241685,1.6380482,0.15732665,0.0,0
Nepal,1970,0.3328649,4.1238265,0.34211114,1.645832,0.14793995,0.0,0
Nepal,1971,0.34193847,4.2603683,0.34193847,1.6542428,0.16634844,0.0,0
Nepal,1972,0.34190112,4.416993,0.34190112,1.6633027,0.16633028,0.0,0
Nepal,1973,0.34189576,4.5000873,0.34189576,1.6632766,0.16632767,0.0,0
Nepal,1974,0.33270055,4.6485662,0.3511839,1.6635027,0.15710859,0.0,0
Nepal,1975,0.33273822,4.8894033,0.3604664,1.6729337,0.17561184,0.0,0
Nepal,1976,0.33281192,5.038402,0.35130146,1.6733042,0.19414027,0.0,0
Nepal,1977,0.33277372,5.259673,0.3420174,1.6731122,0.2033617,0.0,0
Nepal,1978,0.33251354,5.3756356,0.33251354,1.6718041,0.22167568,0.0,0
Nepal,1979,0.3414567,5.4171643,0.35991383,1.6703693,0.230714,0.0,0
Nepal,1980,0.34117302,5.799941,0.3688357,1.6597605,0.2305223,0.0,0
Nepal,1981,0.33178133,6.3407097,0.37786207,1.6589066,0.23961984,0.0,0
Nepal,1982,0.32250628,6.9661355,0.396222,1.6401747,0.26721948,0.0,0
Nepal,1983,0.3223259,7.0911694,0.38679105,1.630048,0.27627933,0.0,0
Nepal,1984,0.32215756,7.1242843,0.41420257,1.6107879,0.28533956,0.0,0
Nepal,1985,0.3129293,7.169762,0.4141711,1.6014616,0.55222815,0.0,0
Nepal,1986,0.32221523,7.143972,0.41427672,1.60187,0.51554435,0.009206149,0
Nepal,1987,0.3225327,7.086505,0.42390016,1.585018,0.5805589,0.0,0
Nepal,1988,0.33217907,7.104941,0.46135983,1.6516681,0.6551309,0.0,0
Nepal,1989,0.34168574,7.0276446,0.4894417,1.6345507,0.664902,0.0,0
Nepal,1990,0.46162602,6.915158,0.50778866,1.6249236,0.74783415,0.0,0
Nepal,1991,0.47043347,6.798225,0.50733024,1.6050084,0.7748316,0.0,0
Nepal,1992,0.45091912,6.634953,0.50613374,1.5920206,0.8006115,0.0,0
Nepal,1993,0.44128475,6.48137,0.48725188,1.572077,0.79982865,0.0,0
Nepal,1994,0.44190446,6.600948,0.48793617,1.5466655,0.7825392,0.0,0
Nepal,1995,0.43378803,6.7191,0.49839476,1.5228728,0.9506418,0.0,0
Nepal,1996,0.43557155,6.663318,0.5189789,1.5291342,0.9823528,0.0,0
Nepal,1997,0.47484922,6.936523,0.53071386,1.6107631,1.0055631,0.0,0
Nepal,1998,0.49582693,6.969643,0.55195826,1.6278093,1.0477853,0.0,0
Nepal,1999,0.51689583,6.9358025,0.5732845,1.6258724,1.0713841,0.0,0
Nepal,2000,0.5286361,6.910029,0.6041555,1.623668,1.3027103,0.0,0
Nepal,2001,0.549762,6.8909826,0.6161126,1.6303289,1.3459691,0.0,0
Nepal,2002,0.5708866,6.8982124,0.6184604,1.6365415,1.3891573,0.0,0
Nepal,2003,0.5920715,6.9520655,0.61117053,1.6520705,1.4515301,0.0,0
Nepal,2004,0.62295485,7.0058465,0.5942031,1.6676023,1.5525953,0.0,0
Nepal,2005,0.59657496,7.149277,0.59657496,1.6935031,1.626148,0.0,0
Nepal,2006,0.59930974,7.201383,0.59930974,1.7205989,1.7495978,0.0,0
Nepal,2007,0.61199045,7.3535995,0.6022763,1.7874007,1.806829,0.0,0
Nepal,2008,0.62494034,7.4797544,0.61517566,1.8162329,1.9138799,0.0,0
Nepal,2009,0.6285873,7.641265,0.6285873,1.8955836,1.9741571,0.0,0
Nepal,2010,0.61999995,7.8099995,0.62999994,1.9299998,1.9899999,0.0,0
Nepal,2011,1.3400002,7.9000006,0.6600001,2.0400002,2.2100003,0.0,0
Nepal,2012,1.4999996,7.879998,0.65999985,2.0699995,2.3299994,0.0,0
Nepal,2013,1.5800002,8.000001,0.68000007,2.1300004,2.3600001,0.0,0
Nepal,2014,1.58,7.85,0.67,2.25,2.7,0.0,0
Nepal,2015,1.6600001,7.9600005,0.71000004,2.3000002,2.8300002,0.0,0
Nepal,2016,1.9900002,7.840001,0.85000014,2.4500003,2.9100006,0.0,0
Nepal,2017,2.0400004,7.8900013,0.8700002,2.5000005,3.0800006,0.0,0
Nepal,2018,2.1299996,8.049998,0.9899998,2.5799992,3.3599992,0.0,0
Nepal,2019,2.49,9.75,1.05,3.06,3.55,0.0,0
Nepal,2020,8.700002,6.460001,1.0100001,2.6500006,3.4900005,0.0,0
Nepal,2021,7.5700006,6.2700005,1.0500001,2.4500003,3.4100003,0.0,0
Netherlands,1961,1.9082344,20.026522,21.5869,0.2285906,10.713941,1.2622175,1
Netherlands,1962,2.7738178,20.917967,24.407608,0.21872398,10.061303,1.0538518,1
Netherlands,1963,2.914707,23.178385,22.34277,0.1790605,13.031625,1.0345716,1
Netherlands,1964,4.4368744,18.732365,21.965513,0.17906669,13.290727,1.5817558,1
Netherlands,1965,3.7606633,18.405363,25.648123,0.21887459,12.296772,1.5420709,1
Netherlands,1966,5.623725,20.563921,25.829323,0.23888388,13.287917,1.3835359,1
Netherlands,1967,6.01312,21.762718,28.353256,0.19910994,12.504105,1.3838141,1
Netherlands,1968,4.868023,21.9509,29.556564,0.26878655,12.42391,1.4833034,1
Netherlands,1969,5.740772,21.26175,27.44029,0.24873361,13.441565,1.8406287,1
Netherlands,1970,6.947277,21.805904,28.48483,0.25841087,13.347917,2.1865537,1
Netherlands,1971,6.922051,20.845602,31.93876,0.2780738,12.999949,2.1947966,1
Netherlands,1972,7.1888237,19.570679,32.170982,0.27802083,12.788958,2.2440252,1
Netherlands,1973,9.129468,19.232483,30.418316,0.22848506,12.25872,2.2749164,1
Netherlands,1974,7.705118,22.051552,33.395473,0.26843637,12.974424,2.147491,1
Netherlands,1975,7.165765,21.795868,34.10705,0.2886211,13.047664,2.2293491,1
Netherlands,1976,8.209391,23.103857,34.53125,0.30884847,10.989027,2.4209735,1
Netherlands,1977,7.267607,22.620304,35.02209,0.23926279,11.53446,2.1932423,1
Netherlands,1978,8.097638,20.014729,37.047695,0.39889845,11.219019,2.333556,1
Netherlands,1979,8.127775,21.850254,39.51196,0.49863657,9.733386,2.5729647,1
Netherlands,1980,8.005346,22.321259,39.279037,0.5881886,9.769913,2.2231536,1
Netherlands,1981,8.658018,18.69096,40.639885,0.5778654,13.629655,2.2217932,1
Netherlands,1982,11.292779,18.771505,42.064106,0.4780012,13.334242,1.9617966,1
Netherlands,1983,9.747316,18.86738,40.482723,0.42812523,14.008656,1.4436781,1
Netherlands,1984,11.87719,19.801952,40.440186,0.43805227,12.374976,1.6426959,1
Netherlands,1985,12.853342,19.533895,43.17966,0.42811286,12.96286,1.7423198,1
Netherlands,1986,13.979841,18.002531,42.19841,0.54764336,10.6740675,1.7126302,1
Netherlands,1987,13.592051,19.71594,42.04076,0.48791978,11.978928,1.8720187,1
Netherlands,1988,13.453881,18.83145,45.450417,0.7269677,12.67712,1.5734369,1
Netherlands,1989,13.368282,15.669379,43.392128,0.8068784,13.796625,1.4842578,1
Netherlands,1990,18.442436,18.352764,45.154575,1.0262403,10.690833,1.6041232,1
Netherlands,1991,17.656902,20.606363,45.029087,1.1359407,10.761543,1.4448369,1
Netherlands,1992,19.416113,20.452703,43.855698,1.1063597,13.29625,1.9236703,1
Netherlands,1993,18.750584,22.55057,58.166702,1.2866092,13.394699,1.6257155,1
Netherlands,1994,20.467936,20.038816,41.38495,1.3073132,13.871491,1.6765543,1
Netherlands,1995,18.54792,21.472862,49.883724,1.2178936,17.34001,1.577272,1
Netherlands,1996,21.487293,22.06641,50.962425,1.3579329,16.82439,1.6275226,1
Netherlands,1997,18.867456,18.328388,47.607883,1.098106,15.283639,1.7669524,1
Netherlands,1998,18.988121,21.462664,52.184902,1.1973592,22.211012,1.4168749,1
Netherlands,1999,14.154561,18.184471,53.934963,1.1271778,22.17448,1.2668282,1
Netherlands,2000,12.559008,16.818497,54.405743,0.857883,21.58673,5.247052,1
Netherlands,2001,13.972292,17.884533,49.382072,1.4870511,22.415548,7.235651,1
Netherlands,2002,12.128628,17.613483,48.414604,1.1788945,19.921322,1.4586323,1
Netherlands,2003,10.764288,16.26648,38.46532,1.1904742,18.90753,0.41016337,1
Netherlands,2004,22.795082,17.597082,36.11558,1.161788,20.401398,0.9314335,1
Netherlands,2005,20.741104,16.240013,38.194103,0.7919513,20.510534,0.95234644,1
Netherlands,2006,15.156573,17.052399,39.722057,0.9027741,21.355623,7.874196,1
Netherlands,2007,14.485605,19.08007,35.07041,0.96303195,21.026197,4.353707,1
Netherlands,2008,27.080927,16.392935,36.88661,0.9524946,21.456194,5.9355454,1
Netherlands,2009,22.513714,18.15719,35.85369,0.9614397,22.714014,9.774637,1
Netherlands,2010,16.079998,18.959997,33.899998,0.9199999,24.439999,4.0699997,1
Netherlands,2011,12.360001,14.940001,33.9,0.9700001,22.850002,4.96,1
Netherlands,2012,24.600008,15.330005,38.64001,1.0500003,24.080008,5.4300013,1
Netherlands,2013,23.749996,17.549997,36.119995,0.9299999,22.779997,5.609999,1
Netherlands,2014,19.72,16.25,29.88,0.98,22.86,3.81,1
Netherlands,2015,21.97,15.919999,27.609999,0.98999995,21.35,3.4999998,1
Netherlands,2016,21.159998,15.899998,27.609997,0.9899999,20.959997,3.2299995,1
Netherlands,2017,15.889996,15.669995,30.019993,0.9999997,21.239994,1.2299997,1
Netherlands,2018,10.069998,15.709997,28.859995,1.0099999,19.909996,2.2899995,1
Netherlands,2019,5.25,15.45,26.94,0.96,19.88,3.55,1
Netherlands,2020,8.229999,16.529999,29.709997,1.0999999,19.799997,4.0499997,1
Netherlands,2021,12.220002,16.650003,31.580006,0.8500002,19.730003,2.4900005,1
Netherlands Antilles,1970,10.721595,21.775793,22.669258,1.6108478,16.343258,0.49564546,1
Netherlands Antilles,1980,17.262156,31.946157,24.913664,2.4569058,17.874788,0.5551969,1
Netherlands Antilles,1990,15.371138,11.266236,15.415618,1.7665052,17.754013,2.992892,1
Netherlands Antilles,2000,43.331264,4.069929,11.400937,1.9643506,15.098538,0.14764728,1
Netherlands Antilles,2001,39.611023,3.8030136,13.072463,1.6761196,15.453314,0.101583,1
Netherlands Antilles,2002,39.38177,1.2873964,12.170606,1.4632359,11.988487,0.10047972,1
Netherlands Antilles,2003,37.494366,1.4133409,11.174816,1.6520386,13.9386835,0.14447486,1
Netherlands Antilles,2004,38.112774,1.7278293,11.5481825,1.6587162,14.545181,0.42724508,1
Netherlands Antilles,2005,40.013447,2.3629742,12.694702,1.5836954,13.561963,0.39592385,1
Netherlands Antilles,2006,37.012604,2.9195533,12.215361,1.4913734,16.341915,0.44235656,1
Netherlands Antilles,2007,34.84925,2.299987,13.024789,1.3024788,15.051574,0.3557991,1
Netherlands Antilles,2008,39.91245,2.1460366,13.5085335,1.6733975,16.733976,0.13412729,1
Netherlands Antilles,2009,40.560406,3.1649697,15.349783,1.791129,18.180922,0.34667015,1
New Caledonia,1961,1.542031,27.79511,6.6596465,1.4360164,4.761021,6.9969664,1
New Caledonia,1962,1.5377977,27.64215,7.5457153,1.3945246,9.207683,6.772041,1
New Caledonia,1963,3.5400817,28.291872,7.022601,1.3527141,13.383235,7.934005,1
New Caledonia,1964,4.3995404,27.487478,6.24233,1.1674219,9.754244,9.040283,1
New Caledonia,1965,5.7967896,27.304415,6.7757177,1.0749013,9.491763,7.6298804,1
New Caledonia,1966,6.597033,24.893188,7.262523,0.983768,8.207712,8.574214,1
New Caledonia,1967,7.912746,26.190615,7.0218434,0.96753913,4.990969,10.690828,1
New Caledonia,1968,10.142479,28.326015,6.1987147,0.88278913,4.8457446,10.391963,1
New Caledonia,1969,12.039134,28.526688,5.243459,0.9654022,4.68504,12.275752,1
New Caledonia,1970,16.875675,30.96081,5.2121625,0.8702703,4.5027027,8.835135,1
New Caledonia,1971,15.030913,34.504272,4.8565755,0.87531304,4.3200936,8.433124,1
New Caledonia,1972,16.051025,35.11044,5.2434607,0.81103885,4.1400704,9.242071,1
New Caledonia,1973,16.303438,28.880106,6.6798806,0.7264842,6.3402257,7.462974,1
New Caledonia,1974,16.503532,21.39801,6.620274,0.6790025,6.6014132,14.315636,1
New Caledonia,1975,16.67789,22.740023,5.312564,2.9701638,6.1745677,14.869557,1
New Caledonia,1976,15.997213,18.774443,5.319895,3.4996836,18.962091,14.449096,1
New Caledonia,1977,17.852236,18.633743,4.9150143,2.9471254,20.676956,14.151851,1
New Caledonia,1978,15.277444,18.087738,3.857083,2.9140308,13.75913,13.910018,1
New Caledonia,1979,17.137646,18.10932,5.210835,3.1150699,16.699442,11.307608,1
New Caledonia,1980,21.623297,17.600582,4.462254,2.723217,22.01506,9.612478,1
New Caledonia,1981,18.747355,17.28092,4.9264517,2.750762,18.172281,8.712344,1
New Caledonia,1982,19.866695,18.203077,4.7780657,2.8919873,20.882277,8.6179285,1
New Caledonia,1983,22.130148,15.352851,4.4763036,3.20979,17.518494,8.575553,1
New Caledonia,1984,21.932919,15.055402,4.613908,3.2942724,17.049305,6.9449425,1
New Caledonia,1985,24.191763,16.352821,4.435317,2.8636723,18.17516,5.341665,1
New Caledonia,1986,23.384907,16.567122,5.1205716,2.7483292,19.75904,5.9402485,1
New Caledonia,1987,29.22956,16.247154,5.1987066,3.0732687,23.600021,5.907186,1
New Caledonia,1988,20.865055,15.952258,5.0943995,2.9725296,17.758715,3.6798196,1
New Caledonia,1989,22.572329,15.130796,5.6692843,2.9918578,20.657158,3.6302476,1
New Caledonia,1990,29.990635,17.14023,5.8341603,3.0314758,23.689362,4.1468296,1
New Caledonia,1991,29.368464,16.714375,6.076234,3.0854394,24.806555,3.4072337,1
New Caledonia,1992,35.836613,16.279062,6.481391,3.184007,21.607786,3.297384,1
New Caledonia,1993,30.395456,16.867392,6.3466167,2.8175561,19.077797,3.2444587,1
New Caledonia,1994,33.404343,17.952703,5.9494977,3.069486,21.552717,3.372645,1
New Caledonia,1995,32.98938,15.728156,6.08496,2.8484807,20.033998,3.3027234,1
New Caledonia,1996,31.271332,16.916967,6.6003594,2.751726,23.262012,3.016497,1
New Caledonia,1997,34.40736,19.958548,11.161967,2.7073708,21.202988,0.06649683,1
New Caledonia,1998,36.49407,19.3673,9.911501,2.4304063,24.61736,0.06645642,1
New Caledonia,1999,35.150185,16.868294,9.847744,2.7892454,22.883198,0.10435952,1
New Caledonia,2000,30.085579,15.374546,10.312889,2.227508,24.218227,0.16113889,1
New Caledonia,2001,33.009174,15.803876,11.6280155,2.499834,24.846836,0.047345344,1
New Caledonia,2002,35.111237,15.705915,10.511609,2.3180418,21.553059,0.047306973,1
New Caledonia,2003,36.42324,15.273655,10.866707,2.3918054,20.546926,0.047082786,1
New Caledonia,2004,38.587967,15.706707,12.793518,2.1872485,22.334448,0.047138978,1
New Caledonia,2005,37.554005,15.641987,11.764589,2.3831804,21.581022,0.03782826,1
New Caledonia,2006,34.26445,13.420559,13.392225,2.5311117,23.422228,0.066111125,1
New Caledonia,2007,39.93616,14.905084,14.308881,2.223933,24.359165,0.07570836,1
New Caledonia,2008,38.80244,14.013829,16.006363,2.0964084,26.101229,0.0,1
New Caledonia,2009,41.141724,14.958908,16.471819,2.382835,24.70773,0.009455694,1
New Caledonia,2010,36.779293,21.969578,15.579701,2.6899486,25.709507,0.08999828,1
New Caledonia,2011,37.508305,23.598936,16.009277,1.9599116,26.888786,0.07999639,1
New Caledonia,2012,37.457928,23.618694,17.099054,1.7099054,26.788519,0.049997233,1
New Caledonia,2013,36.778137,23.228825,16.759151,1.4599261,24.91874,0.04999747,1
New Caledonia,2014,37.729324,21.80961,15.589722,1.8599668,24.349566,0.049999107,1
New Caledonia,2015,36.95856,20.269213,15.359403,0.7899693,23.69908,0.049998056,1
New Caledonia,2016,36.409615,23.229753,16.659824,1.8199809,26.019726,0.0,1
New Caledonia,2017,36.008987,22.679363,16.679531,1.8299485,23.429342,0.019999437,1
New Caledonia,2018,35.049137,23.409426,18.68954,1.6799587,21.369476,1.059974,1
New Caledonia,2019,37.269478,22.81968,18.939735,1.5399784,23.119677,1.7899748,1
New Caledonia,2020,42.648212,21.229109,19.699175,1.2899458,23.039036,1.049956,1
New Caledonia,2021,36.25886,26.009186,22.129307,1.8699415,22.919283,1.2599605,1
New Zealand,1961,2.6616342,46.912548,15.252061,42.077744,20.535454,0.3987467,1
New Zealand,1962,3.307567,56.90609,15.003602,43.54631,19.994839,0.4483148,1
New Zealand,1963,2.7900436,51.077724,14.926733,43.375214,19.13173,0.54804426,1
New Zealand,1964,3.0597422,49.18511,15.846874,42.686897,17.501328,0.68769455,1
New Zealand,1965,3.4863107,42.18436,15.459298,40.51093,18.198544,0.76698834,1
New Zealand,1966,3.7086542,53.273376,13.044917,37.384823,19.90543,0.7755362,1
New Zealand,1967,3.7406735,52.081688,12.720274,38.855377,19.626135,0.4464995,1
New Zealand,1968,3.7944725,54.14573,13.002525,39.633366,17.243992,0.4668592,1
New Zealand,1969,4.323865,62.187935,12.553157,39.801476,14.187059,0.2988847,1
New Zealand,1970,5.0826683,45.214775,13.3307705,40.241947,16.056837,0.28958225,1
New Zealand,1971,6.126632,44.858562,15.006245,41.034424,17.538986,0.33035764,1
New Zealand,1972,6.291711,47.283157,13.396227,44.132286,12.192071,0.39135042,1
New Zealand,1973,6.7210326,49.163853,11.947389,42.472916,16.13048,0.37116152,1
New Zealand,1974,9.2105875,44.112812,12.050769,38.252438,15.400982,0.690044,1
New Zealand,1975,8.366258,72.26853,11.294449,37.439007,15.109064,0.46811205,1
New Zealand,1976,8.508498,92.68895,10.913937,33.27856,14.850111,0.39759335,1
New Zealand,1977,8.371289,55.596497,12.417744,30.303669,15.380505,0.51699173,1
New Zealand,1978,11.149036,72.53842,11.995169,33.029022,18.067411,0.43799785,1
New Zealand,1979,10.398332,48.72846,11.466106,31.314743,13.92099,0.73846114,1
New Zealand,1980,9.639492,57.43697,11.509393,31.26835,14.5492325,0.6799641,1
New Zealand,1981,11.876431,50.019207,10.564617,29.200401,11.495905,0.3104295,1
New Zealand,1982,10.921223,54.28578,13.083445,26.086805,15.275698,0.40041146,1
New Zealand,1983,9.838281,38.683918,12.545056,27.88678,16.330547,0.37954786,1
New Zealand,1984,12.39577,48.465267,13.703214,28.065142,16.916933,0.38923913,1
New Zealand,1985,14.212783,48.98959,14.862909,27.145313,13.962733,0.42008224,1
New Zealand,1986,13.407999,56.088963,14.581325,35.661068,12.405157,0.30085266,1
New Zealand,1987,14.099188,42.879593,13.898488,40.13,19.508059,0.5820305,1
New Zealand,1988,15.669901,50.105488,14.423546,27.620838,13.549087,0.34174255,1
New Zealand,1989,17.048206,26.676258,14.195077,30.81985,20.869183,0.41335097,1
New Zealand,1990,16.562983,39.08704,13.612452,30.025408,22.844114,0.80014414,1
New Zealand,1991,16.766758,34.543083,13.579687,30.702763,20.181473,1.3559892,1
New Zealand,1992,19.118626,26.456686,13.862986,29.510906,20.536654,3.7681935,1
New Zealand,1993,20.5197,37.69759,14.255056,30.914219,20.010946,1.3666499,1
New Zealand,1994,20.261784,20.441889,14.47842,32.328804,21.202332,2.1912744,1
New Zealand,1995,23.96718,45.673683,15.884759,34.84044,27.078112,2.1606474,1
New Zealand,1996,23.158598,36.168488,16.768301,30.59567,20.17779,1.5252973,1
New Zealand,1997,23.33167,37.74007,16.147345,27.823116,26.670444,1.9376814,1
New Zealand,1998,25.080683,26.579964,16.462301,28.12889,25.606922,2.422679,1
New Zealand,1999,24.812767,33.096966,18.440306,27.959167,23.697584,2.887521,1
New Zealand,2000,26.708927,20.09424,17.982742,26.018438,22.766134,1.741234,1
New Zealand,2001,30.797258,26.03604,17.789284,24.860802,27.582933,1.8683269,1
New Zealand,2002,33.724213,25.707062,19.084635,23.86081,26.35927,2.6289032,1
New Zealand,2003,35.899426,25.496696,19.72518,23.926283,26.296907,2.55067,1
New Zealand,2004,35.70886,26.064568,20.238018,23.126307,26.884083,3.967651,1
New Zealand,2005,37.250977,16.654907,21.846437,23.066795,27.638142,4.151223,1
New Zealand,2006,34.901817,25.580647,21.685982,23.037601,25.019976,4.06487,1
New Zealand,2007,34.443615,31.916748,22.761866,23.122847,28.507483,3.9908469,1
New Zealand,2008,33.61961,34.362698,22.001364,22.844866,26.751087,4.317931,1
New Zealand,2009,30.6024,27.688843,21.91196,20.98766,25.689539,3.6871574,1
New Zealand,2010,23.079973,21.009975,21.829973,24.019972,26.26997,1.8299979,1
New Zealand,2011,24.139978,21.199982,19.429983,20.669981,25.499977,3.029997,1
New Zealand,2012,26.25997,20.259975,22.809973,24.989971,24.829971,2.1099975,1
New Zealand,2013,24.909994,23.289997,22.569996,19.389996,25.729994,2.0399995,1
New Zealand,2014,28.429949,19.369967,24.189957,17.049969,24.959955,2.0399964,1
New Zealand,2015,27.439993,16.669996,25.859995,16.089996,24.529995,1.7099996,1
New Zealand,2016,26.499954,25.279959,26.129955,20.909964,23.91996,1.5499973,1
New Zealand,2017,25.869984,21.499987,25.899982,12.509993,24.749985,1.4099991,1
New Zealand,2018,25.00001,20.730007,26.65001,13.7800045,25.66001,1.9100007,1
New Zealand,2019,27.369984,17.60999,26.799982,12.539991,25.669983,2.6799984,1
New Zealand,2020,24.77,17.74,23.51,12.32,25.15,1.52,1
New Zealand,2021,24.13,17.64,27.23,12.08,24.82,0.3,1
Nicaragua,1961,1.0813521,10.843284,3.3531837,0.019841323,2.3313553,0.6547637,0
Nicaragua,1962,1.2603447,9.5567875,2.7787127,0.019847948,1.7763913,0.63513434,0
Nicaragua,1963,1.378542,10.393611,3.0149405,0.019835135,2.2314527,0.66447705,0
Nicaragua,1964,1.4859363,11.471428,3.566247,0.019812483,2.0208733,0.6439057,0
Nicaragua,1965,1.6827855,11.017296,4.5930142,0.019797476,2.6231658,0.6731142,0
Nicaragua,1966,1.7601253,10.728854,5.73524,0.019776689,2.6302998,0.65263075,0
Nicaragua,1967,1.7377863,11.117883,4.9961357,0.019747572,2.804155,0.6714175,0
Nicaragua,1968,1.8034011,12.367586,5.153982,0.0197093,2.7790112,0.67011625,0
Nicaragua,1969,1.6230619,12.915638,5.705309,0.019673478,2.0362048,0.59020436,0
Nicaragua,1970,1.7375824,12.987693,6.4398537,0.019633701,2.0615385,0.33377293,0
Nicaragua,1971,1.8024894,13.832147,6.230344,0.019592276,1.8514701,0.52899146,0
Nicaragua,1972,2.214692,13.3861475,6.281494,0.019599045,1.9599046,0.53897375,0
Nicaragua,1973,2.4517744,12.955175,4.6093354,0.019614194,2.9813576,0.66688263,0
Nicaragua,1974,3.0762627,11.374333,5.829223,0.019594029,1.1952357,0.6074149,0
Nicaragua,1975,3.5740433,14.100335,6.012226,0.0097918995,1.4981606,0.28396508,0
Nicaragua,1976,3.9641774,14.975781,6.36226,0.009788092,1.380121,0.03915237,0
Nicaragua,1977,3.5245461,16.673063,6.960979,0.009790407,2.320326,0.19580813,0
Nicaragua,1978,2.94002,13.651494,6.0956416,0.009800067,3.1360216,0.06860047,0
Nicaragua,1979,2.2302287,11.553961,6.504015,0.009824796,1.1986252,0.10807276,0
Nicaragua,1980,3.0401323,11.255377,3.2369049,0.0098386165,0.83628243,0.64934874,0
Nicaragua,1981,3.3758264,10.344005,3.7793505,0.009842059,0.6200497,0.62989175,0
Nicaragua,1982,3.0414116,10.108511,3.956788,0.009842756,0.9350619,0.6299364,0
Nicaragua,1983,3.1807942,10.221871,3.939064,0.00984766,0.984766,0.7287268,0
Nicaragua,1984,2.0201473,11.16501,3.8826249,0.009854377,0.808059,1.4781567,0
Nicaragua,1985,2.760537,9.96751,3.3520806,0.00985906,0.650698,0.91689265,0
Nicaragua,1986,2.6600316,8.512101,3.8324158,0.009851969,0.3448189,0.5714142,0
Nicaragua,1987,2.7935493,5.547753,3.6198106,0.009836441,0.9147891,0.93446195,0
Nicaragua,1988,2.6116645,4.8305974,2.6705742,0.009818287,0.7756447,0.90328246,0
Nicaragua,1989,1.6166563,3.2137167,3.1549294,0.009797917,0.58787507,0.7838334,0
Nicaragua,1990,1.683457,7.017667,2.4860353,0.009787541,0.3523515,0.59704,0
Nicaragua,1991,3.7011268,6.374163,2.8296976,0.009791341,0.9889254,0.53852373,0
Nicaragua,1992,4.8645716,6.061099,2.2851717,0.009807604,1.2847961,0.56884104,0
Nicaragua,1993,5.2495313,5.2495313,1.9464554,0.009830582,1.0322112,0.43254563,0
Nicaragua,1994,5.8621893,4.472998,1.1921427,0.009852419,0.6502597,0.41380158,0
Nicaragua,1995,6.2752366,4.222958,1.1346732,0.059200343,0.80907136,0.39466897,0
Nicaragua,1996,6.1385226,5.3279605,1.1367633,0.009884899,1.2257276,0.39539596,0
Nicaragua,1997,6.259376,5.130311,1.1488729,0.009904075,1.178585,0.37635487,0
Nicaragua,1998,6.818141,4.733993,1.2207152,0.009924513,2.590298,0.3374335,0
Nicaragua,1999,7.4471574,4.7128873,1.2130218,0.009942801,2.8138125,0.33805522,0
Nicaragua,2000,9.598185,4.938485,1.1151417,0.0099566225,3.06664,0.36839506,0
Nicaragua,2001,11.066301,4.8452454,1.4356283,0.0099696405,3.5890706,0.3688767,0
Nicaragua,2002,10.819353,3.7029335,1.4971429,0.009980952,3.633067,0.35931432,0
Nicaragua,2003,11.7887745,5.0052342,1.4486206,0.009990486,2.647479,0.369648,0
Nicaragua,2004,12.609485,5.1197906,1.4999387,0.009999591,2.519897,0.3699849,0
Nicaragua,2005,13.280779,5.1203003,1.5500909,0.0100005865,4.0602384,0.39002287,0
Nicaragua,2006,15.456541,5.0456066,1.9183295,0.009991299,5.0256243,0.41963458,0
Nicaragua,2007,16.286646,5.219311,2.2753403,0.009979563,4.2313347,0.44908032,0
Nicaragua,2008,16.323116,5.191907,2.451457,0.009965273,4.643817,0.45840254,0
Nicaragua,2009,15.933291,5.165133,2.5278301,0.009952087,5.642833,0.4378918,0
Nicaragua,2010,16.959982,3.0799968,2.799997,0.0099999895,6.3999934,0.41999957,0
Nicaragua,2011,17.789988,2.4199984,3.0999978,0.009999992,5.6299963,0.4299997,0
Nicaragua,2012,18.700016,2.510002,3.410003,0.010000008,5.3600044,0.43000036,0
Nicaragua,2013,19.32001,3.2400014,3.5600016,0.010000004,5.650003,0.4400002,0
Nicaragua,2014,21.36,4.59,3.74,0.01,6.89,0.45,0
Nicaragua,2015,20.029968,3.169995,4.4299927,0.009999984,5.749991,0.44999927,0
Nicaragua,2016,20.649977,1.5099983,4.959995,0.009999989,6.4699926,0.4599995,0
Nicaragua,2017,21.279987,3.5499976,5.069997,0.009999993,7.249995,0.4599997,0
Nicaragua,2018,20.149988,1.6599989,5.059997,0.009999993,7.129996,0.42999974,0
Nicaragua,2019,20.170002,2.4000003,5.290001,0.010000001,6.640001,0.34000006,0
Nicaragua,2020,22.2,1.92,5.37,0.01,6.55,0.28,0
Nicaragua,2021,22.81998,2.309998,6.1199946,0.009999991,6.4599943,0.27999976,0
Niger,1961,1.0470119,5.663382,0.07614631,5.663382,0.057109736,2.036914,0
Niger,1962,1.0451438,4.94068,0.09501308,5.9668217,0.4465615,2.1377943,0
Niger,1963,1.0433979,5.9094257,0.09485435,6.3552413,1.6314948,2.1911354,0
Niger,1964,1.1179541,6.006635,0.10421606,6.414025,1.2790153,2.2453823,0
Niger,1965,1.1829193,5.810499,0.1230236,6.293131,1.0504323,2.346912,0
Niger,1966,1.2483433,6.3646593,0.15131433,7.0455737,0.8227717,2.4115722,0
Niger,1967,1.3040677,7.3802676,0.16064604,7.6259613,0.5008376,2.466389,0
Niger,1968,1.3223759,8.954373,0.16057423,8.349859,0.6234058,2.5314054,0
Niger,1969,1.3223426,7.1123147,0.16057017,9.001375,0.20779671,2.6352398,0
Niger,1970,1.3324883,6.27498,0.16065462,9.4691725,0.10395299,2.77838,0
Niger,1971,1.3146423,6.1003184,0.17024146,8.994424,0.14186789,3.0548882,0
Niger,1972,1.2973261,5.558616,0.17045161,9.043405,2.1022365,3.2385805,0
Niger,1973,1.2797201,5.0051274,0.16114993,7.062158,1.933799,3.052369,0
Niger,1974,1.2904937,5.332775,0.15182278,6.509402,1.49925,3.0839002,0
Niger,1975,1.3011094,6.0876727,0.15195438,6.4675584,1.1016693,2.7826648,0
Niger,1976,1.3491985,4.8552146,0.15202236,7.021533,0.86462724,2.6603913,0
Niger,1977,1.3113738,8.2578535,0.15204334,9.18912,0.6651896,2.6322505,0
Niger,1978,1.3008304,7.9379134,0.1614169,9.333695,1.3957815,2.6586313,0
Niger,1979,1.2793885,6.2074037,0.19901599,9.42009,0.39803198,2.6440697,0
Niger,1980,1.2852762,8.60946,0.20791233,9.403307,1.502639,2.8540692,0
Niger,1981,1.3380802,8.999061,0.2073082,9.441947,1.4511575,2.8740456,0
Niger,1982,1.2966558,8.550412,0.20671324,9.001422,1.1463189,2.7436485,0
Niger,1983,1.2465404,8.163434,0.17807719,9.213152,0.51548666,2.7836277,0
Niger,1984,1.2249346,8.022854,0.18701291,5.8441534,0.46753228,2.45922,0
Niger,1985,1.1940527,7.117674,0.18657075,3.9926143,0.31717026,2.0429497,0
Niger,1986,1.1635488,5.743277,0.17685941,6.096996,0.41887754,2.476032,0
Niger,1987,1.1795983,6.3809767,0.17647535,5.925856,0.4272561,2.6099772,0
Niger,1988,1.1498609,6.407692,0.16691528,6.4169655,0.40801513,2.615006,0
Niger,1989,1.1303979,6.6619353,0.16678002,6.5136867,0.8431657,2.8074636,0
Niger,1990,1.102335,6.6047463,0.16673975,5.567255,0.5465358,2.7975223,0
Niger,1991,1.0938174,6.1550407,0.15758388,5.5247054,0.5561784,2.6974652,0
Niger,1992,1.0862471,7.2509313,0.15783077,5.3755302,0.38993484,3.1287627,0
Niger,1993,1.0699296,7.6290636,0.14885977,5.4426856,0.25120088,3.209789,0
Niger,1994,1.0536628,7.7952394,0.14919119,5.2589893,0.29838237,3.2262595,0
Niger,1995,1.0368303,6.333072,0.1401122,5.3896494,0.44835904,3.157195,0
Niger,1996,1.0202032,9.369022,0.14039494,5.335007,0.49606207,2.8734162,0
Niger,1997,1.0043164,9.170254,0.14079203,5.4064136,0.7227323,2.928474,0
Niger,1998,0.9787857,9.40199,0.13175961,5.5809608,0.6682095,2.936357,0
Niger,1999,0.97172326,9.7927065,0.122644685,5.660524,0.7358681,2.9434724,0
Niger,2000,0.94556564,10.145919,0.12292352,5.4842806,1.1630458,2.7043176,0
Niger,2001,0.9377139,10.797917,0.12313414,5.2284656,0.596727,2.8889165,0
Niger,2002,0.91071343,11.393405,0.11383918,5.426334,0.3984371,2.8649526,0
Niger,2003,0.8928722,11.550347,0.11398369,5.6041985,3.2675326,3.096557,0
Niger,2004,0.8747196,12.046411,0.10458604,5.76174,3.2326596,3.1661046,0
Niger,2005,0.84688336,12.265536,0.10467098,5.966246,3.3209248,3.1401293,0
Niger,2006,0.73327357,12.322804,0.10475337,5.90428,2.1331594,3.0854628,0
Niger,2007,0.71471596,12.883946,0.09529546,6.013143,2.0679114,2.916041,0
Niger,2008,0.69612515,13.073802,0.09535961,5.797864,2.0597677,3.0228996,0
Niger,2009,1.0114268,8.873839,0.08587587,6.1258116,2.051479,3.0247388,0
Niger,2010,0.91999966,3.6199987,0.089999974,2.2299993,2.589999,2.619999,0
Niger,2011,0.90999955,3.1799984,0.08999996,2.2499988,3.1599984,2.4399989,0
Niger,2012,1.0,3.3,0.08,2.31,2.73,2.59,0
Niger,2013,1.0199997,3.269999,0.079999976,2.1899996,2.5699992,2.6199992,0
Niger,2014,1.0399998,4.4699993,0.07999999,2.4299998,2.6199996,2.7899997,0
Niger,2015,1.0599992,2.9299982,0.079999946,2.2999985,1.7599989,2.6699984,0
Niger,2016,1.0699997,2.819999,0.07999997,2.2099993,2.0899992,2.609999,0
Niger,2017,1.0599997,2.7499995,0.069999985,2.2399995,1.4699998,2.5399995,0
Niger,2018,1.08,2.99,0.07,2.1,1.59,2.46,0
Niger,2019,1.1599995,2.459999,0.06999997,2.109999,1.9199992,2.219999,0
Niger,2020,0.9699999,2.7699995,0.05999999,2.2399998,1.8499998,2.2999997,0
Niger,2021,0.96999997,2.7599998,0.07,1.9899999,1.7799999,2.32,0
Nigeria,1961,0.65408933,3.4717052,0.47295693,0.27169868,3.4717052,1.7408841,0
Nigeria,1962,0.6943642,3.1699235,0.48303595,0.2918342,3.2202396,1.7107524,0
Nigeria,1963,0.7346623,3.2003098,0.4830656,0.3119799,4.2972713,1.6706018,0
Nigeria,1964,0.7648793,3.552663,0.48308164,0.33211866,5.082422,1.6404648,0
Nigeria,1965,0.7949559,3.6829605,0.4830112,0.35219565,4.679171,1.5999746,0
Nigeria,1966,0.815012,3.4109762,0.49303195,0.3823513,4.638525,1.5696527,0
Nigeria,1967,0.8257017,3.2725985,0.5034767,0.41285086,4.3399687,1.7319598,0
Nigeria,1968,0.856883,3.0444548,0.49396786,0.433482,3.356965,1.8750616,0
Nigeria,1969,0.9889822,3.653179,0.5146744,0.48439944,3.1788714,1.8366812,0
Nigeria,1970,1.0202279,3.5253422,0.5151646,0.5252659,3.8687851,1.7980255,0
Nigeria,1971,1.0613868,3.3155704,0.51553077,0.5458561,5.782031,1.7588696,0
Nigeria,1972,1.0820507,2.811309,0.50563115,0.53596896,6.118137,1.7191459,0
Nigeria,1973,1.112541,3.8028672,0.49558643,0.57649845,6.1594315,1.3451631,0
Nigeria,1974,1.1226878,3.6816068,0.47537228,0.60685825,6.4326973,1.3047452,0
Nigeria,1975,1.3046685,2.9936583,0.5056855,0.697846,7.7268744,1.4361469,0
Nigeria,1976,1.3255738,4.1487427,0.526182,0.8702241,9.359968,1.396406,0
Nigeria,1977,1.6504477,3.493279,0.55689955,0.9315411,10.297579,1.4276879,0
Nigeria,1978,1.8129158,3.8182642,0.56716925,1.0533142,12.761308,1.387539,0
Nigeria,1979,1.7917324,4.200955,0.5365074,1.1337516,14.111158,1.34633,0
Nigeria,1980,1.8184205,5.4148526,0.5253215,1.1920756,13.48662,1.3739178,0
Nigeria,1981,1.9039435,4.6037154,0.51376253,1.2592219,16.722467,1.3297384,0
Nigeria,1982,1.7677763,5.23302,0.5022092,1.3258322,17.707895,1.2956996,0
Nigeria,1983,1.8487513,5.305113,0.48228294,1.376516,12.398691,1.2559452,0
Nigeria,1984,1.6789815,5.3586655,0.6132807,1.4376907,8.837275,1.2265614,0
Nigeria,1985,1.6361768,5.279933,0.72272843,1.4856085,6.133154,1.1945095,0
Nigeria,1986,1.6459979,3.332142,0.89325494,1.5857785,5.9316144,1.1642424,0
Nigeria,1987,1.7272049,3.0426924,1.0443565,1.6167442,8.897113,1.1347334,0
Nigeria,1988,1.7682308,2.6222057,1.0950975,1.6577164,7.7761965,1.1051443,0
Nigeria,1989,1.8285549,2.3509989,1.2357816,1.7481787,9.675265,1.0850765,0
Nigeria,1990,1.8276985,2.1490521,1.1247375,1.7272754,10.855725,0.9841453,0
Nigeria,1991,1.686873,2.1085913,1.0944593,1.7471185,9.609152,0.9739684,0
Nigeria,1992,1.6165882,2.0985522,1.1245831,1.7370793,5.984389,0.96392834,0
Nigeria,1993,1.6057528,2.3785212,1.1340629,1.7663281,6.5735507,1.0939192,0
Nigeria,1994,1.5944762,2.5170662,1.1532375,1.9454615,5.1344137,1.1532375,0
Nigeria,1995,1.5634229,2.4653978,1.2627647,2.054498,6.3539114,1.1324794,0
Nigeria,1996,1.5328932,2.534784,1.2724016,2.1440468,7.2937665,1.1621935,0
Nigeria,1997,1.5024757,2.5942748,1.2821126,2.3638952,6.901372,1.1919641,0
Nigeria,1998,1.4722232,2.5538564,1.2819357,2.4837506,8.052159,1.1717694,0
Nigeria,1999,1.4416414,2.4928381,1.331516,2.6029634,7.6186743,1.1412994,0
Nigeria,2000,1.3002647,2.2704623,1.2802606,2.740558,6.661356,0.9801996,0
Nigeria,2001,1.4582909,2.5270383,1.3084664,2.9065936,9.588762,0.9788528,0
Nigeria,2002,1.4958556,2.7822914,1.4858832,2.872043,8.8654375,0.9872647,0
Nigeria,2003,1.523451,2.339941,1.3442215,2.8278434,9.27015,0.9957196,0
Nigeria,2004,1.5414106,2.3767557,1.362408,2.824262,10.312533,0.99445844,0
Nigeria,2005,1.5598897,2.1858327,1.3810488,2.8018398,11.098068,1.0034959,0
Nigeria,2006,1.60861,1.7972741,1.4000865,2.8101027,14.954116,0.6950784,0
Nigeria,2007,1.6575332,2.213353,1.4093995,2.7989483,16.932644,0.8138786,0
Nigeria,2008,1.7067429,2.1532745,1.4289011,2.7784185,16.144596,0.89306307,0
Nigeria,2009,1.9547184,2.1134772,1.4486746,2.7683573,14.060081,0.9227858,0
Nigeria,2010,1.4999998,1.9099997,1.4599998,2.8499994,13.879998,0.95999986,0
Nigeria,2011,1.18,2.12,1.47,2.37,15.070001,0.99000007,0
Nigeria,2012,1.19,1.7,1.47,2.13,13.27,0.97,0
Nigeria,2013,1.22,2.17,1.47,2.21,13.29,0.97,0
Nigeria,2014,1.4099998,2.2,1.5399998,2.6699998,12.199999,0.99999994,0
Nigeria,2015,1.1400001,2.2000003,1.5400001,2.1400003,11.060001,1.0000001,0
Nigeria,2016,1.2700001,1.8500001,1.5000001,2.14,9.04,0.9700001,0
Nigeria,2017,1.41,1.56,1.54,2.14,8.99,0.96,0
Nigeria,2018,1.4000001,1.6100001,1.5300001,2.14,8.83,0.96000004,0
Nigeria,2019,1.2399999,1.6199999,1.5099999,2.08,8.809999,0.86999995,0
Nigeria,2020,1.16,1.61,1.49,1.97,8.59,0.85,0
Nigeria,2021,1.1299999,1.5699999,1.4999999,1.9199998,8.389999,0.8399999,0
North America,1961,13.424287,34.37812,23.52256,1.7754198,11.333262,1.1470808,1
North America,1962,13.33064,34.692326,23.87392,1.7651879,11.6042185,1.0971841,1
North America,1963,13.590037,36.177963,24.37169,1.6796999,11.563107,1.1163208,1
North America,1964,13.921407,38.621525,24.179018,1.4973896,11.299674,1.0418973,1
North America,1965,14.672766,38.618492,21.765553,1.3571831,11.14327,0.9791889,1
North America,1966,15.533577,39.621338,21.795767,1.3781884,11.669853,1.0291264,1
North America,1967,16.038242,40.01467,23.651913,1.3653533,11.20554,1.0381758,1
North America,1968,15.834853,40.81003,24.13579,1.3269033,12.2690115,1.0132188,1
North America,1969,16.464008,40.610897,23.566526,1.2512876,11.563414,1.0094858,1
North America,1970,17.035492,40.976448,24.166082,1.209577,12.3537445,1.0179967,1
North America,1971,17.064535,40.46853,26.142368,1.1650977,12.26733,1.0194441,1
North America,1972,17.618412,40.791134,24.431322,1.2196989,13.404566,1.0118334,1
North America,1973,17.014023,38.30252,22.655735,1.0613133,13.246976,1.0207661,1
North America,1974,17.015984,40.279205,24.196306,0.9245298,12.768635,1.0560954,1
North America,1975,16.679527,42.132683,20.461123,0.8570938,12.245374,1.0006095,1
North America,1976,17.760468,45.064087,21.638798,0.78540593,13.310825,0.9763979,1
North America,1977,18.032713,43.560154,22.810892,0.7262824,13.1594,0.9224038,1
North America,1978,18.710848,41.21758,22.876482,0.68306494,14.166739,0.93031824,1
North America,1979,19.983374,36.47394,25.633987,0.6804265,14.266837,0.93738514,1
North America,1980,20.411594,36.018127,27.142103,0.6812829,14.248633,0.90998346,1
North America,1981,21.225872,36.485497,26.088345,0.6922853,16.019445,0.9503496,1
North America,1982,21.483088,36.359005,23.899277,0.71415365,14.971372,0.9721753,1
North America,1983,21.958212,36.84401,25.097128,0.70501256,15.12032,0.9287441,1
North America,1984,22.586504,36.43418,24.680714,0.71210873,16.182064,0.88855964,1
North America,1985,23.458525,36.66246,24.300821,0.6995403,16.17609,0.8873333,1
North America,1986,24.614471,37.5842,22.263783,0.7125718,16.27488,0.8442139,1
North America,1987,26.187252,36.24622,22.18196,0.66241777,17.94651,0.83195174,1
North America,1988,27.016378,35.825573,23.283401,0.6867151,17.277811,0.8746878,1
North America,1989,27.927305,33.818497,22.67315,0.70324683,18.690226,0.8667638,1
North America,1990,29.402298,32.998386,21.7265,0.71512777,18.584312,0.8342636,1
North America,1991,30.691433,32.775436,21.981508,0.72861487,17.625048,0.7748752,1
North America,1992,31.481304,32.632168,23.094175,0.7219659,17.946732,0.7552866,1
North America,1993,32.205063,31.564283,22.796017,0.70817715,18.426203,0.7574253,1
North America,1994,32.872726,32.656143,23.16432,0.6704099,18.213537,0.7780268,1
North America,1995,32.893528,32.324955,22.707157,0.6375312,17.60415,0.7475742,1
North America,1996,33.59096,32.53451,21.285643,0.59750503,17.174734,0.70906734,1
North America,1997,34.467785,32.091045,21.097528,0.6034821,17.314507,0.6569666,1
North America,1998,35.2186,32.611996,23.034163,0.65493846,17.347645,0.7697929,1
North America,1999,37.081978,32.976105,23.514263,0.6695198,17.31997,0.7475127,1
North America,2000,37.148617,32.77078,22.784615,0.6844775,17.56714,0.7959211,1
North America,2001,37.54474,32.229343,22.606281,0.7120044,17.395937,0.84849024,1
North America,2002,38.943707,32.802853,23.090199,0.72890496,18.132406,0.8536448,1
North America,2003,39.199116,31.689316,22.967394,0.6995135,18.868145,0.733526,1
North America,2004,40.965187,31.715801,23.056707,0.7298768,19.349636,0.709255,1
North America,2005,41.844963,31.46718,22.378538,0.6650107,18.704494,0.6973979,1
North America,2006,42.23317,31.705732,22.239946,0.6857576,19.31794,0.7012611,1
North America,2007,42.20497,31.447088,22.956005,0.70736074,18.51044,0.6988113,1
North America,2008,41.601208,30.61013,22.752836,0.68068385,17.901955,0.8112304,1
North America,2009,40.02,29.832396,22.919514,0.63255376,17.642944,0.8152106,1
North America,2010,41.63059,29.247742,22.420002,0.576847,17.542109,0.730064,1
North America,2011,42.02433,28.012304,21.721272,0.5476921,17.387306,0.72647154,1
North America,2012,41.000713,27.898798,21.91767,0.5574104,17.14197,0.73349345,1
North America,2013,41.308975,27.435152,22.072569,0.5675913,17.4783,0.7351897,1
North America,2014,41.6354,27.818258,20.865067,0.5953523,18.226133,0.7332781,1
North America,2015,43.94003,26.28808,21.512981,0.5990542,18.271103,0.73274326,1
North America,2016,44.76123,26.596962,21.603,0.59291685,18.456245,0.73354375,1
North America,2017,45.107594,27.067871,21.743523,0.61022353,18.638945,0.7319557,1
North America,2018,46.15141,27.163631,23.801426,0.6279404,19.065971,0.7332754,1
North America,2019,47.686195,27.394682,24.361658,0.66157806,18.449047,0.70666987,1
North America,2020,47.88894,27.589834,24.180517,0.65704197,18.33068,0.7321855,1
North America,2021,48.14899,27.604275,23.67099,0.6924074,18.240906,0.7636817,1
North Korea,1961,1.3803586,1.6936315,4.1117063,0.06852844,28.703627,0.0,1
North Korea,1962,1.3547943,1.6374491,4.1033697,0.07797377,28.56764,0.0,1
North Korea,1963,1.3249489,1.6150836,4.1295853,0.08704044,29.342299,0.0,1
North Korea,1964,1.4022819,1.5943753,4.302892,0.10565137,28.324173,0.0,1
North Korea,1965,1.3595475,1.5606074,4.1935344,0.11489134,29.479206,0.0,1
North Korea,1966,1.3014231,1.5310861,4.4592876,0.11483145,30.746122,0.0,1
North Korea,1967,1.3105855,1.5019119,4.687495,0.12436212,31.731472,0.0,1
North Korea,1968,1.3306208,1.4742129,4.5566583,0.12444654,31.695578,0.0,1
North Korea,1969,1.3140497,1.4771069,4.78621,0.13428245,30.654766,0.0,0
North Korea,1970,1.3356043,1.460517,5.6595035,0.14412998,25.655136,0.0,0
North Korea,1971,1.3577837,1.4637101,5.8548403,0.14444508,27.666046,0.0,0
North Korea,1972,1.3991144,1.4570087,6.3394356,0.15438503,29.265612,0.0,0
North Korea,1973,1.4705093,1.4511604,6.201292,0.16446485,28.742651,0.0,0
North Korea,1974,1.5438572,1.4855984,7.0007615,0.1747763,32.780262,0.0,1
North Korea,1975,1.615505,1.5279174,7.4741435,0.17517525,33.682304,0.0,1
North Korea,1976,1.6551492,1.5480512,7.944716,0.18498726,35.926476,0.0,1
North Korea,1977,1.7214761,1.59504,8.412863,0.18479122,35.13951,0.0,1
North Korea,1978,1.766032,1.6301833,8.587573,0.18436597,36.52387,0.0,1
North Korea,1979,1.800358,1.6648473,9.0308275,0.19358689,34.700447,0.0,1
North Korea,1980,2.0103736,1.7107506,9.181995,0.20297042,31.595726,0.0,1
North Korea,1981,2.0101683,1.7299045,9.5966215,0.20294969,34.72373,0.0,1
North Korea,1982,2.0218747,1.7413275,9.461213,0.21282893,35.358624,0.0,1
North Korea,1983,2.0836418,1.8413577,9.85611,0.22290121,33.464252,0.0,1
North Korea,1984,2.1259325,1.8638312,9.717162,0.22327144,33.40335,0.0,1
North Korea,1985,2.1668239,1.9433397,10.085934,0.23320076,32.58981,0.0,1
North Korea,1986,2.2544634,1.9920906,10.193673,0.23322037,34.390285,0.0,1
North Korea,1987,2.3411167,2.0788338,10.306741,0.23314023,35.009895,0.0,1
North Korea,1988,2.427408,2.087571,10.661176,0.23303117,30.507664,0.0,1
North Korea,1989,2.5044732,1.8832086,10.88184,0.25238878,33.227955,0.0,1
North Korea,1990,2.5437257,1.7087623,10.951613,0.26213968,23.136253,0.0,0
North Korea,1991,2.6225717,1.4861239,12.228954,0.28168362,18.251156,0.0,0
North Korea,1992,1.9535632,1.4967599,8.552914,0.27213815,16.67818,0.0,0
North Korea,1993,1.5651141,1.4970655,7.290904,0.26247257,17.770365,0.0,0
North Korea,1994,1.1660047,1.4769392,6.1798244,0.35951808,17.441486,0.0,0
North Korea,1995,1.059736,1.925025,5.2014565,0.2041693,14.671024,0.0,0
North Korea,1996,1.0806799,1.0125288,4.7024174,0.20445293,12.753969,0.6328305,0
North Korea,1997,0.89636755,0.87688124,3.74136,0.24357812,11.233823,0.56510127,0
North Korea,1998,0.9943648,0.8968781,4.884086,0.33145496,10.674799,0.56542313,0
North Korea,1999,1.1416378,0.87818295,5.7862496,0.4098187,9.728316,1.0538195,0
North Korea,2000,1.3097752,0.8601509,6.069928,0.47894764,9.481208,2.2969937,0
North Korea,2001,1.5582491,0.91142875,6.242797,0.49001545,9.329895,3.8711221,0
North Korea,2002,1.7506013,0.91464007,8.487466,0.5114116,7.9858894,3.8650918,0
North Korea,2003,1.8832791,0.9169893,6.9119306,0.5127252,6.8133287,3.8552992,0
North Korea,2004,1.9445052,0.8883526,6.958762,0.5132704,6.297433,3.849528,0
North Korea,2005,1.9069386,0.889246,7.1238484,0.53354764,8.102019,3.8533995,0
North Korea,2006,1.849494,0.89013076,6.2506967,0.5637495,9.079334,4.2330666,0
North Korea,2007,1.8116292,0.89096516,5.4051886,0.5840771,11.562748,4.59342,0
North Korea,2008,1.7438127,0.8917224,4.537876,0.6142977,11.384322,5.0431857,0
North Korea,2009,1.7350848,0.8824145,4.491391,0.63454527,10.469997,5.4432087,0
North Korea,2010,1.7200003,0.8900001,4.6200004,0.6400001,9.780001,6.060001,0
North Korea,2011,1.7299999,0.8899999,4.64,0.64,9.97,6.07,0
North Korea,2012,1.75,0.9,4.69,0.64,10.31,6.1,0
North Korea,2013,1.7699997,0.89999986,4.7899995,0.64999986,10.739998,6.119999,0
North Korea,2014,1.9199992,0.93999964,4.619998,0.64999974,10.649996,6.089998,0
North Korea,2015,1.8999999,0.92999995,4.7299995,0.6399999,11.259999,6.0399995,0
North Korea,2016,1.8599997,0.9299998,5.019999,0.6299999,11.0599985,6.139999,0
North Korea,2017,1.6800001,0.83000004,5.1000004,0.59000003,12.220001,6.0100007,0
North Korea,2018,1.5599998,0.81999993,5.0499997,0.56999993,12.479999,5.9699993,0
North Korea,2019,1.9499998,0.80999994,4.9999995,0.60999995,11.609999,6.3199997,0
North Korea,2020,1.7799997,0.8099999,4.5199995,0.56999993,11.5599985,5.5199995,0
North Korea,2021,1.92,0.8,4.41,0.57,11.51,5.05,0
North Macedonia,1992,5.6984506,5.0663867,6.4490266,4.8688664,2.4393713,0.039503988,0
North Macedonia,1993,7.987767,5.361516,11.287924,5.847125,2.9235625,0.13874534,0
North Macedonia,1994,12.186705,5.889744,17.589773,5.6712375,3.8536606,0.049660575,1
North Macedonia,1995,10.677874,4.9671445,17.042955,4.104586,3.9955273,0.03965784,0
North Macedonia,1996,10.834507,7.3385468,15.77639,3.8623931,4.3575716,0.05942143,0
North Macedonia,1997,8.120106,7.2752967,11.399952,2.8723507,4.0948386,0.039755717,0
North Macedonia,1998,9.440731,7.3905725,12.991007,2.3701835,4.4103417,0.010000775,0
North Macedonia,1999,12.894785,13.437511,5.557924,2.1608565,4.643328,0.030151483,0
North Macedonia,2000,12.143204,9.646093,8.115607,1.208279,4.2189074,0.040275965,0
North Macedonia,2001,12.158352,9.684444,6.8082747,1.2671235,3.6002398,0.060339212,0
North Macedonia,2002,13.229072,10.94889,11.491312,0.8538125,4.76126,0.14062795,0
North Macedonia,2003,13.6747265,11.414025,10.459508,1.4970862,4.8630185,0.0,0
North Macedonia,2004,15.897131,11.556068,9.918121,1.929361,5.3157916,0.02009751,0
North Macedonia,2005,13.895347,11.1404085,10.07463,1.9907951,4.71557,0.03016356,0
North Macedonia,2006,12.939833,11.511017,10.625555,2.0828502,5.624702,0.080496624,0
North Macedonia,2007,19.103035,13.225179,15.016717,1.7412145,6.1496077,0.44285226,0
North Macedonia,2008,15.7055645,9.5078535,10.96673,1.2073466,5.926059,0.11067343,0
North Macedonia,2009,17.0409,9.782179,11.792905,1.0958455,5.6601925,0.13069715,0
North Macedonia,2010,17.230017,9.010009,9.0800085,1.000001,5.5800056,0.15000015,0
North Macedonia,2011,16.639921,8.319961,8.279961,1.5699927,5.7399726,0.10999948,0
North Macedonia,2012,18.379946,7.599978,9.669972,1.4299959,5.2099853,0.1399996,0
North Macedonia,2013,18.41,7.98,9.58,0.95,5.54,0.26,0
North Macedonia,2014,17.719975,7.959989,9.909986,1.0999985,6.0699916,0.16999976,0
North Macedonia,2015,18.559956,7.9499807,10.239975,0.76999813,6.359985,0.12999968,0
North Macedonia,2016,17.77005,7.6000214,11.270032,0.5700016,6.2200174,0.04000011,0
North Macedonia,2017,19.609982,7.6199927,11.26999,0.5499995,6.119994,0.109999895,0
North Macedonia,2018,19.549934,8.069973,11.069963,0.6599978,6.279979,0.309999,0
North Macedonia,2019,19.850046,8.75002,12.280028,0.6900016,6.7700157,0.3300008,0
North Macedonia,2020,19.859926,7.389972,12.059955,0.60999775,6.779975,0.259999,0
North Macedonia,2021,16.520008,8.360003,15.560008,0.43000022,6.8000035,0.16000009,0
Norway,1961,0.6901917,15.424284,15.014171,4.2811894,40.671295,2.7407613,1
Norway,1962,0.73997176,13.87947,15.219419,4.44983,39.85848,3.0498834,1
Norway,1963,0.6900374,13.580737,14.840805,4.3002334,42.00228,3.2101743,1
Norway,1964,0.72006357,14.341266,15.561374,4.3803864,40.553577,3.0302672,1
Norway,1965,0.9001184,14.471905,15.602054,4.620608,43.17568,2.9003818,1
Norway,1966,0.94023114,14.873657,16.15397,4.8611956,41.54021,3.000738,1
Norway,1967,1.0801867,14.022424,16.622873,5.0308695,36.026226,2.7104683,1
Norway,1968,1.2895609,14.984898,17.084183,4.878339,41.046024,3.0289686,1
Norway,1969,1.4394286,14.504242,17.153189,4.8380795,41.98333,1.8792539,1
Norway,1970,1.6601927,13.281542,17.882074,4.7205477,43.29503,1.9502264,1
Norway,1971,1.9010165,14.8479395,18.339806,4.462386,35.679077,1.9110218,1
Norway,1972,1.9499768,15.419816,18.969772,4.609945,43.589478,2.4099712,1
Norway,1973,2.139619,16.45707,19.086601,4.5191956,43.93218,2.1196225,1
Norway,1974,2.4191616,16.87415,21.142672,5.0182605,43.314987,2.0492897,1
Norway,1975,2.1792,18.313274,20.48248,5.248073,42.54438,1.8793099,1
Norway,1976,2.0493295,18.343998,21.88284,5.058345,39.197174,2.249264,1
Norway,1977,2.5891256,19.473423,21.112871,5.278218,39.516655,2.0293148,1
Norway,1978,2.7580934,19.606447,20.255997,5.436242,40.69187,1.9886253,1
Norway,1979,2.8181636,19.807093,20.716501,5.6563144,41.692833,1.6189451,1
Norway,1980,3.0779057,19.986403,21.725218,5.4462943,43.46043,1.8287557,1
Norway,1981,3.0264082,18.977478,19.956316,5.683255,42.469597,2.1074986,1
Norway,1982,2.5057693,18.179304,17.310772,6.0497856,43.586407,2.226241,1
Norway,1983,2.6844122,16.904812,19.489433,5.767994,42.631264,2.0357623,1
Norway,1984,2.7458606,17.01435,19.440693,6.0608635,41.77702,2.1667337,1
Norway,1985,3.0765584,18.29953,19.677988,6.1431284,43.131752,2.2474859,1
Norway,1986,3.5770233,19.164053,20.762724,6.3746953,42.494637,2.4279797,1
Norway,1987,3.9243364,18.942661,21.5489,6.250979,44.286083,2.3765702,1
Norway,1988,4.3799314,18.527409,19.285666,5.9563074,42.25287,2.4244268,1
Norway,1989,4.7620196,18.429115,18.98818,5.390966,43.41724,1.7570555,1
Norway,1990,4.7281747,18.123003,19.762371,5.497877,44.692745,1.6593593,1
Norway,1991,4.820129,18.580498,20.290545,5.7401533,44.52119,1.8100483,1
Norway,1992,5.3892956,18.807543,20.6673,5.839237,44.32421,1.729774,1
Norway,1993,5.3573427,19.140505,21.519325,5.8970747,44.5579,1.7691224,1
Norway,1994,6.0361767,20.33712,22.18595,6.2560377,49.98834,1.4590759,1
Norway,1995,6.8110514,19.873068,23.203583,6.300973,50.5378,1.5402377,1
Norway,1996,7.437612,20.631117,24.445019,6.326475,53.08433,2.3423972,1
Norway,1997,7.603208,20.495604,23.060059,5.6999016,52.39101,1.4625406,1
Norway,1998,7.564188,20.979351,24.13527,5.350035,53.00943,1.5529127,1
Norway,1999,8.747544,20.367567,22.069035,5.1944804,48.67198,1.4012085,1
Norway,2000,10.071784,20.923708,22.95407,5.4809713,49.838833,1.400248,1
Norway,2001,9.862143,20.344421,24.045225,5.571211,49.400734,1.7503803,1
Norway,2002,10.696616,20.303577,22.902756,5.62822,50.104153,2.4292316,1
Norway,2003,10.737833,20.906311,23.503368,5.4638085,47.546124,1.5382569,1
Norway,2004,11.858927,20.940447,24.287321,5.784599,51.79164,1.5085914,1
Norway,2005,12.430831,21.291424,25.081676,5.720382,52.3935,1.5301023,1
Norway,2006,13.502901,20.114115,24.451471,5.5594296,51.41721,1.4825145,1
Norway,2007,14.9261,20.529652,23.115906,5.613577,52.346603,1.4033942,1
Norway,2008,17.654533,20.940962,23.075136,6.081897,53.48462,1.3927243,1
Norway,2009,17.003927,19.557522,22.952297,5.2774262,53.244923,1.2918178,1
Norway,2010,20.04997,18.719973,24.959965,5.1399927,54.179924,2.249997,1
Norway,2011,20.029982,19.06998,25.379974,5.129995,52.699947,2.1199977,1
Norway,2012,20.200008,19.550007,23.310009,5.1600018,52.770023,1.9500009,1
Norway,2013,20.21001,19.680012,22.810013,5.1600027,51.68003,1.800001,1
Norway,2014,20.439976,16.869982,22.839973,5.189994,50.87994,0.79999906,1
Norway,2015,20.440012,18.79001,23.520014,5.210003,50.120026,0.7700004,1
Norway,2016,20.409996,18.809996,23.479994,5.219999,51.58999,0.7599998,1
Norway,2017,20.759977,18.229979,22.889975,5.2499943,51.539944,0.74999917,1
Norway,2018,20.669996,17.899996,25.829994,5.2599993,51.07999,1.3299998,1
Norway,2019,20.21998,17.319983,24.809975,4.569996,50.66995,1.3099986,1
Norway,2020,20.080015,17.950014,25.720018,4.6300035,50.380035,1.2000009,1
Norway,2021,21.729996,19.199997,27.639994,4.719999,50.159992,1.4099997,1
Oman,1990,15.306274,4.3732214,0.12036388,12.307208,22.668531,2.2167015,1
Oman,1991,16.152655,5.569881,0.069623515,12.581964,22.935974,2.2279525,1
Oman,1992,17.221516,5.27836,0.069321804,12.220444,24.282438,2.1786852,1
Oman,1993,18.458284,6.1461844,0.08878919,12.114791,22.769493,2.229595,1
Oman,1994,18.701172,5.574768,0.05930604,11.396645,23.238085,2.1646707,1
Oman,1995,19.976103,6.784337,0.039674483,10.831135,24.608099,2.152341,1
Oman,1996,20.244013,7.266577,0.02953893,11.303563,24.940702,2.195727,1
Oman,1997,18.864567,7.6525154,0.058194034,11.532118,25.876947,2.1434803,1
Oman,1998,20.398417,7.608933,0.0,11.408638,25.626581,2.180783,1
Oman,1999,20.54029,7.344539,0.0,10.875929,24.82304,2.6579342,1
Oman,2000,12.582152,4.6025424,0.00935476,11.992803,24.93979,2.6848161,1
Oman,2001,23.769848,7.637278,0.14143108,11.842495,25.297304,2.8003352,1
Oman,2002,29.948675,9.957286,0.45129454,12.45381,25.82941,2.8421955,1
Oman,2003,27.794344,8.616345,0.16702151,12.379242,26.762741,2.770592,1
Oman,2004,23.07449,7.4752555,1.1377559,13.124114,27.016712,2.694685,1
Oman,2005,21.096867,8.202109,0.020054055,14.33865,27.273516,2.6270812,1
Oman,2006,21.193117,11.813867,0.019955855,13.170864,28.008041,2.6541288,1
Oman,2007,24.548931,11.805975,0.0,14.084321,28.040424,2.663002,1
Oman,2008,27.417202,12.182161,0.009784869,16.164604,28.199991,2.9452455,1
Oman,2009,30.12918,11.500817,0.3159023,15.755627,29.023521,2.6456816,1
Oman,2010,25.489954,12.529978,0.009999982,14.479974,28.939949,2.9599948,1
Oman,2011,24.539902,12.029951,0.00999996,13.539946,28.569885,2.7999887,1
Oman,2012,26.569963,13.529981,0.009999986,12.549983,27.189962,2.4999964,1
Oman,2013,26.159945,14.46997,0.009999978,12.189974,27.219942,3.5299926,1
Oman,2014,24.399988,12.779993,0.009999995,12.729993,27.439987,2.3099988,1
Oman,2015,22.979977,10.399989,0.0099999895,12.229987,28.499971,2.5399973,1
Oman,2016,21.43995,8.929979,0.0099999765,12.099973,28.759933,2.5199943,1
Oman,2017,22.249987,9.479994,0.009999993,11.969993,29.089981,2.4999983,1
Oman,2018,21.75,9.53,0.15,12.09,29.760002,2.5,1
Oman,2019,25.480005,9.140002,0.24000005,12.050003,30.880007,3.5200007,1
Oman,2020,19.879972,8.749989,0.049999934,11.839984,31.279959,3.669995,1
Oman,2021,20.419983,11.379991,0.0,12.29999,31.439974,3.8499966,1
Pakistan,1961,0.20827347,5.1374125,0.0,2.211666,1.0215318,0.20827347,0
Pakistan,1962,0.21863946,5.1579037,0.0,2.2559617,0.9640013,0.2087013,0
Pakistan,1963,0.21903636,5.0975733,0.0,2.2998817,1.2345686,0.19912396,0
Pakistan,1964,0.22932392,5.075038,0.0,2.343092,1.4856201,0.19941211,0
Pakistan,1965,0.22958018,5.0008554,0.0,2.3956194,1.5072438,0.18965319,0
Pakistan,1966,0.22973447,4.9842386,0.0,2.437183,1.7779449,0.18978064,0
Pakistan,1967,0.23979002,4.9956255,0.0,2.427874,1.6785301,0.17984252,0
Pakistan,1968,0.2397873,4.9755864,0.0,2.4178553,1.5686086,0.17984049,0
Pakistan,1969,0.23974282,4.9846525,0.0,2.3974283,1.7081677,0.16981784,0
Pakistan,1970,0.23964836,4.942747,0.0,2.436425,1.2881099,0.17973627,0
Pakistan,1971,0.23985104,4.92694,0.0,2.4984484,1.3691497,0.16989449,0
Pakistan,1972,0.23008254,4.8917546,0.0,2.5909293,1.2704557,0.170061,0
Pakistan,1973,0.25005198,4.941027,0.0,2.7405698,1.260262,0.16003327,0
Pakistan,1974,0.30008087,4.8713126,0.0,2.890779,1.2703422,0.17004582,0
Pakistan,1975,0.33013564,4.751952,0.0,3.0412493,1.370563,0.16006576,0
Pakistan,1976,0.37020057,4.682537,0.0,3.2017348,1.760954,0.16008674,0
Pakistan,1977,0.41030493,4.5934143,0.0,3.3925216,2.2116437,0.15011157,0
Pakistan,1978,0.46049005,4.4747615,0.0,3.5537817,2.332482,0.1501598,0
Pakistan,1979,0.5196954,4.397423,0.0,3.717821,1.8389221,0.14991213,0
Pakistan,1980,0.5753955,4.712291,0.0,3.4126906,1.6468216,0.13888857,0
Pakistan,1981,0.63814306,4.673171,0.0,3.4263375,2.0027876,0.1374462,0
Pakistan,1982,0.6627639,4.6296005,0.0,3.4600174,1.9395591,0.1364514,0
Pakistan,1983,0.8363626,4.6194444,0.0,3.5010526,1.8575029,0.13615206,0
Pakistan,1984,0.91639215,4.708696,0.0,3.6265733,1.8717797,0.12673508,0
Pakistan,1985,1.0637543,4.801533,0.0,3.7572973,2.0396757,0.12686978,0
Pakistan,1986,1.2661426,5.4249344,0.0,3.6718137,1.9186932,0.1168747,0
Pakistan,1987,1.3017851,5.5082994,0.0,3.7887776,1.9332479,0.11657777,0
Pakistan,1988,1.4529743,5.5794215,0.0,3.9133441,1.9566721,0.116237946,0
Pakistan,1989,1.5744544,5.660309,0.0,4.056876,1.8738906,0.11591076,0
Pakistan,1990,1.3956873,5.7752576,0.0,4.196687,2.0213401,0.11550515,0
Pakistan,1991,1.3032448,5.8358536,0.0,4.350538,2.136938,0.11499219,0
Pakistan,1992,1.4185122,5.9711695,0.0,4.5430727,2.175691,0.1150145,0
Pakistan,1993,2.14705,6.1152587,0.0,4.735012,2.578377,0.10543549,0
Pakistan,1994,2.3210616,6.246808,0.0,4.928674,2.1682346,0.10506863,0
Pakistan,1995,2.3507378,6.357461,0.0,5.129748,2.055706,0.10468873,0
Pakistan,1996,2.6256652,5.2228937,0.0,3.1564856,2.0000553,0.10426829,0
Pakistan,1997,2.7696772,5.8512974,0.0,3.0721674,2.1646965,0.10398105,0
Pakistan,1998,1.9890776,5.8164024,0.0,3.0543184,2.3190196,0.103695996,0
Pakistan,1999,2.103613,5.794327,0.0,3.0427258,2.4604757,0.10330242,0
Pakistan,2000,2.15231,5.730176,0.0,3.0001898,2.2268488,0.102490954,0
Pakistan,2001,2.1583362,5.6909976,0.0,3.0069127,1.9738631,0.10146025,0
Pakistan,2002,2.2005358,5.6847167,0.0,3.0073986,1.9713132,0.10085788,0
Pakistan,2003,2.2560217,5.6811557,0.0,3.014118,1.7536687,0.1004706,0
Pakistan,2004,2.2456846,5.7278595,0.0,3.009399,1.8092762,0.10001024,0
Pakistan,2005,2.2286172,5.7436724,0.0,3.025846,1.576339,0.09965362,0
Pakistan,2006,2.9096274,7.328285,0.0,2.2138472,1.8433665,0.10843332,0
Pakistan,2007,3.0726726,7.424874,0.0,2.1986277,1.7210569,0.10812923,0
Pakistan,2008,3.2605426,7.43727,0.0,2.2096238,1.6886556,0.11676874,0
Pakistan,2009,3.453354,7.470339,0.0,2.2008424,1.6819445,0.116304666,0
Pakistan,2010,3.66,7.53,0.0,2.14,1.74,0.0,0
Pakistan,2011,3.88,7.62,0.0,2.15,1.75,0.0,0
Pakistan,2012,4.14,7.68,0.0,2.16,1.71,0.0,0
Pakistan,2013,4.44,7.8200006,0.0,2.19,1.7700001,0.0,0
Pakistan,2014,4.75,7.9099994,0.0,2.21,1.75,0.0,0
Pakistan,2015,5.11,8.02,0.0,2.23,1.86,0.0,0
Pakistan,2016,5.5,8.25,0.0,2.27,1.78,0.0,0
Pakistan,2017,5.91,9.39,0.0,3.2200003,1.7400001,0.0,0
Pakistan,2018,6.33,9.56,0.0,3.24,1.61,0.0,0
Pakistan,2019,6.8,9.65,0.0,3.24,1.49,0.03,0
Pakistan,2020,5.9,9.44,0.0,2.43,1.47,0.02,0
Pakistan,2021,6.4200006,9.670001,0.0,2.5000002,1.4400002,0.020000001,0
Panama,1961,3.6485868,18.525145,4.3440356,0.0100789685,6.621883,0.0,1
Panama,1962,3.2864468,19.930386,4.092937,0.0,7.9136834,0.0,1
Panama,1963,3.1950204,19.784937,4.7169385,0.010078928,7.367697,0.0,1
Panama,1964,3.3348224,20.190285,3.6874473,0.0,6.850995,0.0,0
Panama,1965,3.6936321,21.064774,3.6030524,0.010064392,7.6891956,0.0,1
Panama,1966,3.8038645,21.062138,4.437842,0.0,8.825369,0.0,1
Panama,1967,3.4696548,21.139751,4.1937566,0.0,6.486746,0.0,0
Panama,1968,3.6998637,21.123407,4.443858,0.010053977,6.173142,0.0,0
Panama,1969,4.363635,21.757847,5.369081,0.010054458,9.189775,0.0,1
Panama,1970,4.549233,21.608856,5.887835,0.010064675,10.69875,0.0,1
Panama,1971,5.5183687,24.037128,5.5586486,0.010070016,10.049875,0.0,1
Panama,1972,5.179586,24.053837,5.3307414,0.0100770155,11.114948,0.0,1
Panama,1973,4.98325,24.018457,5.366577,0.010087551,12.669965,0.0,1
Panama,1974,5.290581,24.857656,5.2602916,0.010096529,15.235662,0.3836681,1
Panama,1975,4.913556,26.741474,4.8731155,0.010110198,17.429981,0.25275496,1
Panama,1976,6.124676,27.545856,4.930111,0.010123432,16.976995,0.26320922,1
Panama,1977,5.524285,27.743061,4.9363794,0.010136303,16.8364,0.25340757,1
Panama,1978,6.190446,24.792229,4.9726534,0.010148272,16.744648,0.25370678,1
Panama,1979,6.4502344,23.962366,5.180503,0.0,16.323664,0.3250512,1
Panama,1980,9.80261,25.136982,5.6944623,0.020337366,15.110662,0.32539785,1
Panama,1981,10.916997,26.12754,5.7179427,0.0,10.347239,0.23400834,1
Panama,1982,9.879308,27.745491,5.952003,0.010174364,11.975227,0.17296419,1
Panama,1983,10.570698,29.148264,6.4706097,0.010173914,10.0009575,0.24417394,1
Panama,1984,11.440784,28.108736,5.8373423,0.0,10.07806,0.08135669,1
Panama,1985,10.935965,26.516666,6.5859714,0.0,11.667739,0.78259224,1
Panama,1986,11.227211,26.041033,7.66092,0.0,15.149115,0.5283393,1
Panama,1987,12.349316,24.76972,6.438706,0.0,13.700022,0.7921436,1
Panama,1988,9.49406,22.379581,5.462892,0.0,9.49406,0.98494524,1
Panama,1989,9.979442,22.669474,5.532854,0.0,11.786502,0.9644425,1
Panama,1990,10.262824,24.606415,6.445987,0.0,10.892196,1.0455695,1
Panama,1991,14.511192,22.365503,6.646735,0.0,16.530582,1.166984,1
Panama,1992,13.303042,21.765848,7.4886694,0.0,18.011366,1.1872281,1
Panama,1993,16.520365,20.80267,7.5396986,0.0,13.607989,1.166979,1
Panama,1994,15.456654,21.403862,8.00742,0.0,13.609569,1.2178586,1
Panama,1995,21.428112,21.387508,7.156238,0.0,12.292487,0.69024706,1
Panama,1996,19.084183,21.988958,7.637735,0.0,11.466759,1.2187876,1
Panama,1997,22.258686,23.26444,7.8530188,0.0,9.701983,0.98543704,1
Panama,1998,27.610168,23.655693,9.271161,0.0,9.2406645,0.7116023,1
Panama,1999,24.90317,22.45151,10.742545,0.0,8.280711,0.75279194,1
Panama,2000,27.224644,21.342085,10.431873,0.0,10.767729,0.6310011,1
Panama,2001,29.001633,20.175934,8.337078,0.0,12.693941,0.7838279,1
Panama,2002,28.806736,18.736088,8.2785,0.0,12.840329,0.86552584,1
Panama,2003,27.279808,17.775679,7.8742685,0.0,12.600866,1.05941,1
Panama,2004,27.028444,17.781334,7.607478,0.02036808,10.978395,1.4257656,1
Panama,2005,29.008156,17.72664,7.656769,0.0,13.664074,1.1200061,1
Panama,2006,29.37767,17.803722,8.733902,0.0,14.037354,1.1909865,1
Panama,2007,29.471298,17.538322,10.498578,0.0,13.865854,1.220765,1
Panama,2008,29.306057,18.195574,11.730555,0.010165125,14.312496,1.3316314,1
Panama,2009,29.126396,19.566599,11.164949,0.01015919,14.243184,1.3511723,1
Panama,2010,28.779985,20.229988,11.059995,0.009999994,14.259993,0.6199997,1
Panama,2011,29.759928,21.139948,11.599972,0.009999976,14.399964,0.84999794,1
Panama,2012,30.67991,22.039936,12.169965,0.019999942,14.909957,0.7799977,1
Panama,2013,31.310024,20.640017,12.34001,0.010000008,14.220012,0.7700006,1
Panama,2014,32.07996,21.029974,12.349984,0.009999987,14.189981,0.799999,1
Panama,2015,32.619984,19.67999,12.819994,0.009999995,14.7999935,0.8199996,1
Panama,2016,33.170017,18.12001,14.240007,0.010000005,14.880008,0.8400004,1
Panama,2017,33.80991,16.649956,13.919963,0.009999973,14.86996,0.7799979,1
Panama,2018,54.180023,16.240007,14.190005,0.010000004,15.620007,1.0700005,1
Panama,2019,56.45989,16.499968,16.669968,0.029999942,15.689969,0.89999825,1
Panama,2020,52.53011,13.960029,10.520022,0.01000002,15.460032,1.0100021,1
Panama,2021,57.14008,14.24002,12.580017,0.010000014,15.260021,1.0600014,1
Papua New Guinea,2010,2.2900002,1.8700002,10.470001,2.1600003,15.630002,47.520008,1
Papua New Guinea,2011,2.430001,1.8300008,10.760005,2.170001,15.050006,48.74002,1
Papua New Guinea,2012,2.6900008,1.5500003,10.500002,2.2300005,15.250004,47.42001,1
Papua New Guinea,2013,2.6099987,1.2599994,10.049995,2.2199988,15.259993,47.249977,1
Papua New Guinea,2014,3.2399967,1.109999,9.909989,1.959998,15.139985,46.819954,1
Papua New Guinea,2015,2.6499994,0.9699998,9.819998,2.4699996,15.309997,46.94999,1
Papua New Guinea,2016,2.9599981,0.8499994,9.859993,2.3399982,16.549988,45.96997,1
Papua New Guinea,2017,3.3599987,0.8899997,9.939996,1.5599993,16.019995,45.489986,1
Papua New Guinea,2018,2.9399993,0.87999976,9.6399975,1.4599997,15.549996,45.01999,1
Papua New Guinea,2019,3.8599992,0.8299998,9.419998,1.4999998,13.699997,43.38999,1
Papua New Guinea,2020,3.1299996,0.89999986,9.119999,1.3599998,13.409998,43.16999,1
Papua New Guinea,2021,4.050001,0.99000025,9.130002,1.5600003,13.140003,42.75001,1
Paraguay,1961,2.9654136,51.370243,13.293929,0.84726095,0.31267965,1.3919288,1
Paraguay,1962,2.9618485,47.854572,13.181742,0.8188045,0.30326092,1.2130437,1
Paraguay,1963,2.9667869,39.10488,14.013764,0.81004417,0.34426877,1.2960706,1
Paraguay,1964,2.9621108,42.047768,14.769977,0.8216814,0.3347591,1.3491806,1
Paraguay,1965,3.201203,42.62173,15.203174,0.76219124,0.32520157,0.56910276,1
Paraguay,1966,3.0357053,45.392963,15.769368,0.74364597,0.31579486,1.6400958,1
Paraguay,1967,3.1063802,40.290977,16.369806,0.73572165,0.35764247,2.5341523,1
Paraguay,1968,3.014211,41.706837,16.75245,0.6971644,0.43060154,3.926676,1
Paraguay,1969,2.9000666,39.891346,17.174154,0.68902296,0.5964676,2.7972276,1
Paraguay,1970,2.878272,42.00833,17.58944,0.66024876,0.7427799,1.6815711,1
Paraguay,1971,3.0186276,40.947887,18.008387,0.6306037,0.8890478,1.2818829,1
Paraguay,1972,3.083396,37.704346,18.469336,0.620818,0.9933088,1.4692692,1
Paraguay,1973,3.878964,29.180151,18.929344,0.62063426,1.0447342,2.1722198,1
Paraguay,1974,3.9069214,34.872894,19.48293,0.69249666,1.0232413,1.1782779,1
Paraguay,1975,3.8954473,27.268131,20.221193,0.7232926,1.0332751,0.69229436,1
Paraguay,1976,3.906842,31.347755,21.115551,0.7338248,1.0438917,0.46510023,1
Paraguay,1977,4.0657973,36.726665,21.70494,0.72418773,1.055245,0.19656526,1
Paraguay,1978,4.3191924,32.65807,23.19106,0.8286221,1.0564932,0.18643998,1
Paraguay,1979,4.542929,35.05731,25.836613,0.8816187,1.0475705,0.12446381,1
Paraguay,1980,4.7690225,34.44294,27.814102,0.89354235,1.2052431,0.14546038,1
Paraguay,1981,4.81836,33.19777,29.69067,0.9053937,1.1863779,0.1352887,1
Paraguay,1982,4.785251,31.734867,30.254463,0.90700835,1.1259414,0.13552998,1
Paraguay,1983,4.7106214,29.705114,30.122906,0.8773662,1.1593767,0.13578285,1
Paraguay,1984,4.739645,31.158194,30.174692,0.8788745,1.6008071,0.13601628,1
Paraguay,1985,4.7458906,31.607841,30.224934,0.8905093,2.2210348,0.14667211,1
Paraguay,1986,5.869478,21.10916,29.536055,0.8699406,3.616018,0.14673696,1
Paraguay,1987,6.028258,23.054155,28.862251,0.8701659,2.7467887,0.10483927,1
Paraguay,1988,6.162278,30.077785,28.505775,0.8593653,2.7143366,0.10480065,1
Paraguay,1989,6.201242,24.155512,28.90072,0.8484807,2.9644449,0.09427564,1
Paraguay,1990,6.0935683,21.086678,29.106733,0.84807396,3.235245,0.09423044,1
Paraguay,1991,4.4666934,42.198223,28.92367,0.79500866,3.3892474,0.083685115,1
Paraguay,1992,4.714506,46.88372,29.57281,0.7526484,4.442716,0.07317415,1
Paraguay,1993,5.044503,43.886135,28.909285,0.7415315,4.7729564,0.083552845,1
Paraguay,1994,6.867918,34.95541,37.909237,0.7410672,5.0309067,0.041750263,1
Paraguay,1995,7.342884,36.630978,37.694862,0.6779651,5.048233,0.0625814,1
Paraguay,1996,7.3184967,36.394405,32.86026,0.6672134,5.368983,0.1146773,1
Paraguay,1997,7.596694,39.233955,32.66891,0.6565044,6.3774714,0.09378635,1
Paraguay,1998,7.722365,37.55925,32.348476,0.68782204,6.117447,0.09379391,1
Paraguay,1999,8.350997,38.40833,32.017365,0.6880971,5.8383994,0.0834057,1
Paraguay,2000,6.8078156,35.23984,30.729143,0.63692755,5.742789,0.08353148,1
Paraguay,2001,7.3245893,32.997326,27.590334,0.6182414,5.1974196,0.08382934,1
Paraguay,2002,7.22916,40.719345,28.50565,0.6217498,4.9423847,0.07376693,1
Paraguay,2003,7.281268,29.188757,28.796034,0.6050033,4.744499,0.07429865,1
Paraguay,2004,7.9146256,19.604742,27.337543,0.7165945,4.7594705,0.02139088,1
Paraguay,2005,7.8585167,13.938356,27.596437,0.6467915,4.602999,0.0,0
Paraguay,2006,8.42257,15.19323,27.930332,0.6194665,4.379737,0.47818464,0
Paraguay,2007,5.566042,14.232852,26.493484,0.5807091,4.360797,0.53688204,0
Paraguay,2008,6.7163577,13.035036,25.473553,0.5633787,4.330283,0.55233204,0
Paraguay,2009,6.48882,12.487919,25.398779,0.60102284,4.1848993,0.6232829,0
Paraguay,2010,6.2099915,13.059982,5.669992,0.6199991,4.1699944,0.15999977,0
Paraguay,2011,6.9200025,19.520006,5.880002,0.63000023,4.2900014,0.15000005,0
Paraguay,2012,7.0399914,11.069986,5.8499928,0.6299992,4.2499948,0.1699998,0
Paraguay,2013,7.1999927,24.149975,5.979994,0.62999934,4.4099956,0.13999985,0
Paraguay,2014,9.859988,16.219982,5.2699943,0.66999924,4.549995,0.21999976,0
Paraguay,2015,10.449993,14.179992,5.549997,0.5899996,4.429997,0.14999992,0
Paraguay,2016,10.379995,15.979992,6.9099965,0.6599997,4.289998,0.10999995,0
Paraguay,2017,10.19999,27.539974,7.529993,0.3899996,4.4999957,0.119999886,0
Paraguay,2018,10.769989,24.269974,8.60999,0.3999996,5.2299943,0.12999986,0
Paraguay,2019,11.010001,23.230001,8.610001,0.38000005,5.1500006,0.17000002,0
Paraguay,2020,10.809984,23.569963,9.549986,0.3899994,5.0799923,0.20999968,0
Paraguay,2021,10.739996,14.859995,10.239996,0.37999988,5.0199986,0.21999992,0
Peru,1961,2.0478709,6.572691,3.9007068,3.812941,12.940596,4.944146,1
Peru,1962,2.065959,6.499975,3.9467618,3.7226245,12.639382,4.969996,1
Peru,1963,2.1432471,6.61484,4.0234594,3.3902273,10.852624,4.9197264,0
Peru,1964,2.3861282,7.401867,4.1294627,3.3405795,9.846431,5.054696,0
Peru,1965,3.2608347,6.7650156,3.6891236,3.3971086,7.9038744,3.241367,0
Peru,1966,3.2296667,6.7219872,3.550688,3.7063344,10.418593,3.1615715,0
Peru,1967,3.4802938,6.84393,3.5191798,3.1789277,13.473987,2.9942193,0
Peru,1968,3.5559123,6.6649065,3.4198937,3.1478567,10.560864,2.9146821,0
Peru,1969,3.7967463,6.719561,3.6316702,3.1170218,10.681383,3.0781806,0
Peru,1970,4.1640654,6.88822,3.4343808,3.0257576,11.091201,3.0452158,0
Peru,1971,4.4768434,6.778662,3.8721282,3.0333295,12.308881,2.4481213,0
Peru,1972,5.2526035,6.297266,3.7978864,2.5189064,12.926481,2.3724585,0
Peru,1973,5.6610646,6.1988173,3.67627,2.3563328,23.33845,2.3758874,1
Peru,1974,6.877717,5.7706203,3.693589,2.5570998,17.066929,2.3023696,0
Peru,1975,8.2490425,5.7350492,3.5745854,2.1408231,14.651872,2.239026,0
Peru,1976,8.666104,5.7019024,3.505833,2.1862218,15.510357,2.1862218,0
Peru,1977,8.627622,5.5674815,3.3661547,2.1124842,18.5484,2.2013268,1
Peru,1978,6.960673,5.319378,3.183717,1.9280274,20.872133,2.1158864,0
Peru,1979,6.791963,4.980113,3.0791552,1.871255,26.831224,2.0593705,1
Peru,1980,4.8245068,3.695156,2.4964592,1.3671087,26.668526,1.8624378,0
Peru,1981,5.98397,4.1907606,2.6155105,1.2483118,20.45844,1.8724675,0
Peru,1982,6.5586176,4.5969768,2.5263557,1.2483169,15.752571,1.8031245,0
Peru,1983,6.4457173,4.782306,2.4258075,1.316867,10.901282,1.8020285,0
Peru,1984,5.5405765,4.313735,2.2360184,1.0685399,17.324196,1.7611119,0
Peru,1985,6.0216527,3.9649963,2.165422,1.2063081,17.056406,1.6413699,0
Peru,1986,7.0469294,4.9417458,2.3226204,1.9173974,26.260435,1.6801935,0
Peru,1987,8.111755,4.979689,2.4799643,2.0847507,23.959814,1.6500161,0
Peru,1988,8.254113,4.2652836,2.744789,1.5106212,22.017551,1.6093547,0
Peru,1989,5.58192,3.94482,2.6726155,1.015791,27.100912,1.577928,0
Peru,1990,6.6273866,4.1261144,2.402797,1.211246,26.982225,1.5952995,0
Peru,1991,7.7017117,3.9344633,2.4492035,0.9836158,16.229662,1.5344406,0
Peru,1992,8.245387,3.6755362,2.5551856,0.9434531,16.726639,1.5232836,0
Peru,1993,7.6763673,3.5927756,2.5915103,0.87365305,17.600674,1.4626327,0
Peru,1994,8.773764,3.4212775,2.6272275,0.8234593,18.469017,1.4312508,0
Peru,1995,9.957832,3.5053134,2.663255,0.8224758,22.16768,1.3805844,0
Peru,1996,9.900064,3.6293716,2.7000177,0.82174444,21.639273,1.3695742,0
Peru,1997,10.388871,3.752894,2.716939,0.86981136,21.735512,1.3584695,0
Peru,1998,7.439602,3.7783804,2.1869695,0.8494034,18.237764,1.2204071,0
Peru,1999,7.7558126,3.6974254,2.692584,0.8877723,18.565174,1.0828872,0
Peru,2000,7.8913684,3.4335742,2.7312522,0.90716594,20.728254,1.1022553,0
Peru,2001,7.8388987,3.4264677,2.7431264,0.88834345,21.945011,1.1031078,0
Peru,2002,8.351135,3.520385,2.6794043,0.86053854,17.836617,1.1245674,0
Peru,2003,8.565871,3.7144911,2.6658092,0.86246765,19.532932,1.1172876,0
Peru,2004,8.41948,3.8216782,2.7802954,0.9038416,19.51119,1.159275,0
Peru,2005,9.386355,3.959407,2.935083,0.8962837,18.349192,1.1523647,0
Peru,2006,10.163073,4.0593033,3.0815148,0.8987752,20.28664,1.1753215,0
Peru,2007,10.944764,4.0411434,3.2685719,0.88152397,22.028194,1.2083812,0
Peru,2008,11.000756,4.054479,3.2694209,0.87449557,21.951826,1.2521186,0
Peru,2009,11.140996,4.0694056,3.251535,0.8577669,22.222149,1.2567283,0
Peru,2010,27.909994,4.289999,3.4699993,0.9299998,22.289997,1.2199998,0
Peru,2011,29.869999,4.41,3.4799998,0.92999995,22.609999,1.24,1
Peru,2012,32.509995,4.5499997,3.6299999,0.9499999,23.289999,1.2499999,1
Peru,2013,33.47,4.71,3.78,0.94,22.7,1.24,1
Peru,2014,34.61999,4.709999,3.989999,0.91999984,24.049994,1.2199998,1
Peru,2015,34.669994,4.6599994,4.2499995,0.88999987,24.879995,1.2199998,1
Peru,2016,36.640003,4.5100007,4.3400006,0.8700001,24.400002,1.2300001,1
Peru,2017,37.850002,4.3600006,4.5500007,0.84000003,24.930002,1.2200001,1
Peru,2018,40.29999,4.349999,4.609999,0.8099998,25.939995,1.2099998,1
Peru,2019,43.79999,4.3899994,4.7699995,0.7999999,27.219995,1.1699998,1
Peru,2020,42.25999,4.189999,4.519999,0.7599999,26.829994,1.1499997,1
Peru,2021,43.170006,4.2400002,4.7000003,0.7700001,26.500004,1.1300001,1
Philippines,1961,2.1106527,2.3143122,7.0169945,0.09257249,21.374987,0.21291672,1
Philippines,1962,2.0651171,2.8000011,7.7395377,0.10232562,19.627914,0.21395358,0
Philippines,1963,2.2619307,2.7012315,7.8700233,0.121508665,21.955683,0.23367052,1
Philippines,1964,2.3468962,2.459547,8.092098,0.1220386,22.689793,0.22530204,1
Philippines,1965,2.497123,2.7515469,8.876565,0.07538484,24.311611,0.23557763,1
Philippines,1966,2.6851485,3.0538838,9.445293,0.10400224,24.780895,0.23636872,1
Philippines,1967,2.59825,2.6646285,9.795591,0.1043093,26.010946,0.27499723,1
Philippines,1968,3.470506,2.5101743,10.192828,0.066557646,31.263079,0.26623058,1
Philippines,1969,3.051816,2.4700634,10.528765,0.08583233,29.535854,0.21934927,1
Philippines,1970,2.5632668,2.2285118,9.87049,0.133902,32.11735,0.22954628,1
Philippines,1971,2.7335618,2.2252152,9.7640915,0.08632301,31.93951,0.21101178,1
Philippines,1972,2.8579834,2.5404296,8.10243,0.15396543,33.372005,0.22132531,1
Philippines,1973,2.9845254,3.2066746,8.876307,0.20283182,33.882576,0.22214915,1
Philippines,1974,3.046128,5.29677,9.01227,0.21342297,35.020767,0.22312403,1
Philippines,1975,3.2144978,3.185275,7.6271267,0.22404076,36.48942,0.23378167,1
Philippines,1976,3.1157157,2.5980575,7.481624,0.22464408,32.534325,0.29301402,1
Philippines,1977,3.0211692,2.7962925,6.472537,0.22487667,33.359966,0.26398566,1
Philippines,1978,2.9233637,3.1482377,6.922212,0.2444284,32.831623,0.25420552,1
Philippines,1979,4.3519254,2.8752048,8.038838,0.224931,31.343643,0.23471059,1
Philippines,1980,4.6693635,2.7409263,8.536028,0.29367068,31.755587,0.22514752,1
Philippines,1981,5.1481977,2.1965644,9.168695,0.29418275,33.23284,0.23534617,1
Philippines,1982,5.8384867,1.8871876,7.7060165,0.30470216,34.775364,0.22606936,1
Philippines,1983,5.429102,1.753866,8.660945,0.32515493,36.959274,0.22662313,1
Philippines,1984,3.4678943,1.6005666,10.640804,0.30628127,34.896305,0.2173609,1
Philippines,1985,3.4787724,1.6254092,7.2449646,0.3369751,32.57756,0.20813167,0
Philippines,1986,3.5510495,1.7705513,8.206207,0.34814212,33.202812,0.20888527,1
Philippines,1987,3.6545064,1.977028,8.736866,0.34947464,34.078773,0.20968479,1
Philippines,1988,3.496598,2.0338378,9.678263,0.43081293,34.124393,0.210397,1
Philippines,1989,3.687252,2.3911881,10.67997,0.45211536,34.93345,0.20094016,1
Philippines,1990,3.9448411,2.2441316,11.572876,0.44278827,35.865852,0.2012674,1
Philippines,1991,4.571418,2.2051554,13.412177,0.39269885,36.762653,0.22152245,1
Philippines,1992,4.783373,2.296019,13.101407,0.4128806,35.38689,0.19133492,1
Philippines,1993,5.536094,2.4157503,13.326888,0.4328219,32.753548,0.20131251,1
Philippines,1994,5.663348,2.7361114,13.63026,0.44260624,32.01854,0.19112542,1
Philippines,1995,6.1012506,2.9551363,14.02182,0.44226527,31.752638,0.19097818,1
Philippines,1996,6.7628036,3.3412664,14.699566,0.43145484,29.59981,0.19064283,1
Philippines,1997,7.186138,3.8232658,15.112909,0.43036762,29.31504,0.19016244,1
Philippines,1998,6.9607434,3.74502,15.249722,0.4194422,27.303692,0.18974768,1
Philippines,1999,7.2280297,4.506303,15.782029,0.43866664,29.390663,0.17945454,1
Philippines,2000,7.410775,4.7711844,15.857466,0.43827164,28.716755,0.17929296,1
Philippines,2001,7.877408,4.4714994,16.252756,0.42822826,28.810799,0.17925835,1
Philippines,2002,8.236266,4.5712767,16.791225,0.41828674,30.007095,0.16930655,1
Philippines,2003,8.276153,4.49163,17.179737,0.42824855,30.286135,0.17926684,1
Philippines,2004,8.382531,4.7686844,16.416618,0.39822,30.73263,0.1692435,1
Philippines,2005,8.098456,4.288003,16.545126,0.42780542,32.592804,0.16913238,1
Philippines,2006,8.179925,4.1943235,17.90042,0.5168361,32.968178,0.17890482,1
Philippines,2007,9.119673,4.71365,18.2195,0.55571455,35.39703,0.188546,1
Philippines,2008,9.735061,4.7338343,18.044027,0.59420514,35.08781,0.18816495,1
Philippines,2009,9.866082,4.33989,18.071342,0.5931513,35.95485,0.19771709,1
Philippines,2010,11.08,4.61,18.17,0.59,33.31,0.01,1
Philippines,2011,11.179999,4.3999996,17.949999,0.5199999,30.169998,0.009999999,1
Philippines,2012,11.39,4.12,17.84,0.52,29.94,0.01,1
Philippines,2013,11.59,4.02,17.99,0.55,28.5,0.01,1
Philippines,2014,12.679999,4.41,17.68,0.52,29.449999,0.009999999,1
Philippines,2015,13.150001,4.3200006,18.170002,0.52000004,29.640001,0.010000001,1
Philippines,2016,13.9,4.52,18.89,0.52,28.3,0.01,1
Philippines,2017,14.000001,4.64,18.65,0.53,25.810001,0.01,1
Philippines,2018,15.010002,4.5900006,18.860003,0.52000004,27.950005,0.010000001,0
Philippines,2019,16.74,3.52,15.79,0.31,28.85,0.01,0
Philippines,2020,16.239998,3.0199997,14.239999,0.26999998,28.389997,0.009999999,0
Philippines,2021,15.299999,3.6099997,13.749999,0.26999998,27.969997,0.009999999,0
Poland,1961,1.6672015,9.340346,34.378498,0.8034706,6.658763,0.6528199,1
Poland,1962,1.979506,10.450184,33.21953,0.7536191,6.27011,0.51246095,1
Poland,1963,1.960173,12.655681,30.830002,0.66344315,7.6497006,0.47245193,1
Poland,1964,2.0407722,13.692275,31.375616,0.5830778,8.836644,0.51270634,1
Poland,1965,2.1816697,11.813188,34.977093,0.6132804,8.978024,0.361936,1
Poland,1966,2.6031673,11.679075,35.770935,0.60305035,9.849823,0.32162684,1
Poland,1967,2.7127528,13.242252,35.336113,0.64302284,9.3338785,0.33155867,1
Poland,1968,2.87216,13.697994,35.58064,0.69293374,11.187365,0.38161567,1
Poland,1969,3.2929056,13.653512,35.017242,0.6726362,10.772219,0.44173124,1
Poland,1970,3.465831,14.224976,34.567898,0.66302854,11.522633,0.44201902,1
Poland,1971,3.237252,14.02474,38.545418,0.6434289,12.134667,0.44235742,1
Poland,1972,3.9704332,12.564662,44.428646,0.6634142,12.464145,0.4724313,1
Poland,1973,4.722036,12.890154,46.537174,0.63295376,13.221701,0.46215674,1
Poland,1974,5.030041,14.527883,47.991207,0.5722801,14.477682,0.47188008,1
Poland,1975,6.2805405,17.146076,49.642353,0.48157495,16.724697,0.43141094,1
Poland,1976,7.3090158,22.267933,41.45786,0.4511738,15.420118,0.40104342,1
Poland,1977,8.568411,21.806854,40.48699,0.47101203,12.94782,0.50107664,1
Poland,1978,9.755755,18.909924,43.865807,0.52137643,13.796424,0.43113825,1
Poland,1979,10.793831,18.477915,45.893845,0.55172926,11.97754,0.43135196,1
Poland,1980,11.247734,20.22786,44.47922,0.4916494,11.388206,0.44148108,1
Poland,1981,11.685097,16.794815,37.946445,0.4718209,12.387809,0.2911235,1
Poland,1982,5.543392,15.88704,38.070652,0.47199172,11.649158,0.5021188,1
Poland,1983,5.251309,17.611465,37.723072,0.45183343,13.3742695,0.5321594,1
Poland,1984,6.7831783,17.660347,34.507915,0.5619201,13.987796,0.5619201,1
Poland,1985,7.050012,18.101381,36.974957,0.86244816,14.200309,0.6317934,1
Poland,1986,7.6377482,19.174557,42.178013,1.0323989,13.381095,0.6114208,1
Poland,1987,8.1648445,18.884336,43.398907,0.76138437,14.396175,0.43078327,1
Poland,1988,8.116262,19.448969,45.04025,0.6613251,14.39885,0.3106224,1
Poland,1989,8.439748,17.962029,46.599037,0.55129,12.719762,0.25058633,1
Poland,1990,7.6171207,18.040548,46.48448,0.7115994,10.343247,0.31069833,1
Poland,1991,8.198777,17.139254,51.718445,0.6915839,9.201073,0.4009182,1
Poland,1992,9.041391,14.153485,52.15339,0.6816126,8.510134,0.22052173,1
Poland,1993,9.3723755,13.03111,50.510586,0.44105294,7.938953,0.22052647,1
Poland,1994,10.642564,10.371991,47.149967,0.21044618,9.941077,0.28059492,1
Poland,1995,10.300885,10.240764,48.458252,0.14028443,10.621536,0.25050792,1
Poland,1996,10.391223,10.53151,49.450996,0.110225126,9.6396885,0.25051165,1
Poland,1997,12.541156,9.87666,43.303047,0.070118286,10.517742,0.15025347,1
Poland,1998,13.286945,9.412003,46.71958,0.030038306,10.213024,0.21026814,1
Poland,1999,14.04282,9.078288,48.934673,0.04003655,8.808042,0.30027413,1
Poland,2000,14.452181,8.007962,47.64937,0.029880455,9.571706,0.2888444,1
Poland,2001,16.886688,6.3027773,46.65641,0.029730082,9.652367,0.22793064,1
Poland,2002,19.404238,5.9034843,47.723133,0.029715523,8.508545,0.15848279,1
Poland,2003,18.084341,6.556316,49.53881,0.039615203,8.7054405,0.16836461,1
Poland,2004,19.134268,5.952224,47.16221,0.039615463,9.418576,0.16836572,1
Poland,2005,20.20438,4.4568486,47.361443,0.029712323,9.646601,0.09904108,1
Poland,2006,20.044647,5.073089,50.00758,0.03963351,9.700301,0.10899215,1
Poland,2007,19.599167,4.570165,50.440346,0.03965436,10.795899,0.13879026,1
Poland,2008,18.389706,4.3322377,50.103275,0.03965435,11.152786,0.0892223,1
Poland,2009,21.239094,4.111112,48.27337,0.049531467,11.956896,0.168407,1
Poland,2010,26.419996,2.6899998,52.609993,0.029999996,11.689999,0.15999998,1
Poland,2011,26.530003,2.7200003,53.070004,0.040000003,10.160001,0.14000002,1
Poland,2012,28.16,3.5,49.11,0.05,10.37,0.12,1
Poland,2013,29.16,2.88,45.94,0.03,10.65,0.11,1
Poland,2014,27.189995,0.25999993,50.279987,0.029999992,10.929997,0.09999998,1
Poland,2015,30.24,0.38,53.52,0.03,10.0,0.08,1
Poland,2016,33.31,0.45000002,53.43,0.030000001,12.31,0.09,1
Poland,2017,33.02999,0.18999997,53.97999,0.029999994,12.229998,0.09999998,1
Poland,2018,29.959997,0.78999996,57.499996,0.029999997,11.429999,0.099999994,1
Poland,2019,29.970001,1.07,53.410004,0.050000004,11.23,0.11000001,1
Poland,2020,32.300003,1.4700001,54.110004,0.030000001,11.240001,0.11000001,1
Poland,2021,31.270006,1.7000003,56.180008,0.020000003,11.280002,0.09000002,1
Portugal,1961,1.6003735,6.2214518,9.08212,2.3305438,55.773014,0.83019376,1
Portugal,1962,2.6634536,6.3882833,8.59114,2.373077,55.1415,0.8811425,1
Portugal,1963,3.4763482,6.5018725,8.735953,2.354299,56.132504,0.8916282,1
Portugal,1964,4.0046906,6.027059,8.529991,2.7832599,59.90016,0.951114,1
Portugal,1965,4.2651577,7.711245,8.6701565,2.8867228,56.356014,0.90896803,1
Portugal,1966,4.299647,8.290754,8.838162,2.6574206,55.119083,0.8957597,1
Portugal,1967,4.339128,8.866483,10.253419,2.674805,70.81299,0.84206825,1
Portugal,1968,4.383863,9.093554,10.80168,2.290667,57.34567,0.75039095,1
Portugal,1969,5.349433,10.491217,11.282261,2.4423475,64.47995,0.9294763,1
Portugal,1970,5.8607883,11.0226755,10.922832,2.5659668,66.12607,1.0483522,1
Portugal,1971,6.863764,11.603268,11.974011,2.4148426,65.25085,1.1623307,1
Portugal,1972,7.6055856,12.1410265,12.938466,2.4122565,64.27368,1.0765442,1
Portugal,1973,8.377178,11.534807,12.520943,2.7293067,52.195503,1.0459021,1
Portugal,1974,10.051569,13.441979,13.5416975,2.7621872,51.683815,1.0171231,1
Portugal,1975,10.011789,13.335744,14.234111,2.6751344,43.51086,0.99818444,1
Portugal,1976,11.4725065,12.680664,14.477924,2.7458131,41.726376,0.9585384,1
Portugal,1977,13.769587,14.119069,15.037707,2.8258107,37.534355,1.1283273,1
Portugal,1978,11.904737,11.844814,15.699872,2.696543,27.374905,1.1285532,1
Portugal,1979,11.376853,11.606586,16.910458,2.3572757,25.43061,1.138684,1
Portugal,1980,14.430075,11.62589,15.118646,2.4549088,28.73042,1.1276615,1
Portugal,1981,13.279282,12.5010805,17.39975,2.3745072,29.71127,1.127392,1
Portugal,1982,12.562764,12.77231,17.621796,2.554462,29.915144,1.0377501,1
Portugal,1983,13.190315,11.166405,17.238138,2.6520212,39.650707,1.1664904,1
Portugal,1984,10.503656,10.105413,17.3833,2.5387983,44.085487,1.1947287,1
Portugal,1985,10.56738,10.895435,18.281666,2.4554493,54.626293,1.202872,1
Portugal,1986,12.413743,11.738975,17.325655,2.5601482,54.973732,1.2006898,1
Portugal,1987,13.138616,12.346536,19.633665,2.9405944,56.900997,1.128713,1
Portugal,1988,13.716169,13.646996,19.259953,3.1523473,58.540768,1.2846556,1
Portugal,1989,13.894034,15.000028,22.38648,3.2982285,58.657124,1.2146171,1
Portugal,1990,13.01752,15.806988,28.339813,3.7192914,58.944836,1.3650591,1
Portugal,1991,14.403563,16.07239,27.217768,4.042931,61.518116,1.2714869,1
Portugal,1992,18.475931,16.550524,29.240255,3.9206483,57.66246,1.2669779,1
Portugal,1993,19.14703,16.654814,33.199528,3.493107,59.022503,1.2511129,1
Portugal,1994,21.478172,16.672922,34.720203,3.6415586,57.87369,0.9028657,1
Portugal,1995,20.743992,16.11301,33.662525,3.4456122,57.681355,0.7232772,1
Portugal,1996,22.618988,12.998379,36.7835,3.6290908,62.37814,0.7137547,1
Portugal,1997,24.644537,14.473137,35.398884,3.296659,57.098537,0.8844695,1
Portugal,1998,27.306408,13.969553,38.765255,3.3442566,61.472057,0.96411,1
Portugal,1999,26.288443,15.957616,40.450703,3.349996,60.31999,1.2336812,1
Portugal,2000,26.643877,16.158417,40.150913,3.55185,53.587914,0.900469,1
Portugal,2001,28.293106,14.011824,40.179203,3.3033571,55.019363,1.0179529,1
Portugal,2002,24.587427,15.717217,40.364445,3.239122,54.776043,0.9767199,1
Portugal,2003,21.519201,16.894417,40.19775,3.119736,52.706593,0.9568519,1
Portugal,2004,22.938503,18.139278,38.92262,2.8935041,53.829155,1.0775809,1
Portugal,2005,23.812103,17.379639,39.603603,2.9665246,54.626003,1.0487713,1
Portugal,2006,23.444544,18.09807,41.622562,3.0679774,56.742596,1.1792226,1
Portugal,2007,26.386135,18.373383,45.019287,3.0372531,60.07567,1.1489608,1
Portugal,2008,27.751217,18.700603,42.435986,2.7471507,56.5014,1.0888706,1
Portugal,2009,28.681967,18.412006,42.828144,2.4575982,57.17412,1.1288967,1
Portugal,2010,31.919998,17.669998,45.179996,2.4899998,57.159996,1.1299999,1
Portugal,2011,31.55003,17.150017,43.340042,2.3800025,56.790054,1.2900012,1
Portugal,2012,30.000013,16.340008,41.29002,2.190001,53.03002,1.3400006,1
Portugal,2013,29.90998,17.639988,40.449974,2.1899986,54.739967,1.2699991,1
Portugal,2014,30.119976,18.929985,40.179966,2.0499983,53.219955,1.3899988,1
Portugal,2015,29.900013,18.880007,39.850014,2.260001,52.67002,1.3600006,1
Portugal,2016,30.229996,19.269999,38.219997,2.3199997,57.329998,1.5699999,1
Portugal,2017,30.550007,19.930004,38.81001,2.3400004,57.00001,1.4100003,1
Portugal,2018,31.55999,20.919994,41.71999,2.4099994,59.489986,1.2599996,1
Portugal,2019,31.289997,21.749998,40.479996,2.3899999,59.409992,0.9099999,1
Portugal,2020,30.520014,20.62001,37.590015,2.1000009,59.360027,0.6800003,1
Portugal,2021,30.899971,21.449982,39.229965,2.2299979,59.409946,0.8199992,1
Qatar,2019,54.329964,10.289992,0.1399999,13.85999,23.369984,0.6899995,1
Qatar,2020,56.809998,11.54,1.42,13.349999,23.77,0.65,1
Qatar,2021,55.260017,13.670005,0.2300001,13.120005,24.41001,0.7500003,1
Romania,1961,3.363502,7.2559824,14.122716,2.8045819,2.5251217,0.5589202,0
Romania,1962,3.5438166,7.9039054,13.9363575,2.837044,2.3791354,0.5474998,0
Romania,1963,3.6760817,6.457981,12.876222,2.6626754,3.576728,0.52657384,0
Romania,1964,3.8938003,6.4366903,14.979211,2.5627563,3.1190135,0.52645767,0
Romania,1965,3.9334555,5.486922,18.113811,2.5492773,3.0571413,0.51782197,0
Romania,1966,4.024917,7.288905,17.671589,2.4830337,2.4730213,0.5106238,0
Romania,1967,4.22215,6.46926,19.085325,2.9222517,3.012942,0.50383645,0
Romania,1968,4.459003,8.25929,18.636606,3.019961,3.4455934,0.4864367,1
Romania,1969,5.1906276,7.7757635,18.859282,3.5011294,3.54184,0.45799655,1
Romania,1970,5.4191127,8.511374,21.206999,4.2658925,6.480483,0.43883586,1
Romania,1971,6.5492897,7.6731935,22.672192,3.9847474,6.1916842,0.43934396,1
Romania,1972,8.497902,7.496948,27.230057,3.7586877,6.230433,0.43919447,1
Romania,1973,8.996477,7.803067,27.611637,3.631231,5.967051,0.42840368,1
Romania,1974,10.369185,7.5097737,30.578413,3.6124249,5.759528,0.42738548,1
Romania,1975,11.512326,8.682424,31.666502,3.0530484,6.3191004,0.41586372,1
Romania,1976,10.592061,8.803135,31.665007,3.3555002,5.680094,0.41438407,1
Romania,1977,11.567471,8.963276,32.895626,3.5328226,5.965423,0.4340325,1
Romania,1978,12.389072,9.236225,35.46953,2.9103205,5.598325,0.40421116,1
Romania,1979,14.020385,9.771783,37.094334,3.5202699,6.7775307,0.42486015,1
Romania,1980,14.416847,11.035367,34.098274,3.3207345,8.028482,0.425216,1
Romania,1981,15.2749815,8.812489,33.912888,2.6032295,8.133826,0.36465475,1
Romania,1982,15.532472,6.3730755,32.037624,2.97883,9.382302,0.31409433,1
Romania,1983,16.534399,5.6669097,30.564816,3.0412753,9.31644,0.33454028,1
Romania,1984,15.893495,6.840495,34.314117,3.7044227,8.778974,0.3653677,1
Romania,1985,17.891157,6.27207,31.838125,3.3037646,8.305156,0.39645174,1
Romania,1986,16.391806,4.8900356,31.224913,3.2396483,8.73075,0.42787808,1
Romania,1987,17.310036,5.555551,32.444828,3.462007,9.497541,0.47998327,1
Romania,1988,14.982758,5.2808075,31.633677,3.2442174,9.906632,0.5321744,1
Romania,1989,11.079701,10.27074,31.37542,3.7888074,6.9120135,0.66560125,1
Romania,1990,17.654707,16.139984,35.585747,4.656749,5.618802,0.91088045,1
Romania,1991,14.457875,13.159325,33.53736,4.0285735,4.0796976,0.74641085,1
Romania,1992,12.800941,10.154937,31.629461,4.2295213,2.8707619,0.6027578,1
Romania,1993,14.252044,10.0254345,28.820572,3.869287,1.4190788,0.61255205,1
Romania,1994,11.840952,10.810862,28.618185,3.4574358,2.3967474,0.65273124,1
Romania,1995,13.625651,9.08037,28.423292,3.2509968,3.016599,0.68281126,1
Romania,1996,13.174625,7.743786,26.573412,3.1178927,2.2314332,0.6928651,1
Romania,1997,12.046679,8.051503,27.558563,2.8027384,1.7224102,0.6930408,1
Romania,1998,14.162495,7.3106613,30.313244,2.5082605,3.0894427,0.6627517,1
Romania,1999,13.354897,6.7947755,27.760635,2.570996,2.2751276,0.74477273,1
Romania,2000,13.124423,7.11885,25.104927,2.379759,2.6555252,0.7047355,1
Romania,2001,16.110012,6.8370314,23.469032,2.3335977,3.2445197,0.6755151,1
Romania,2002,19.677507,7.254475,25.657825,2.4661107,3.4628303,0.6884559,1
Romania,2003,19.751123,8.402754,29.497492,3.0593052,4.020506,0.71314883,1
Romania,2004,19.619173,7.472979,24.334019,3.3201678,4.3401566,0.67652315,1
Romania,2005,21.334816,10.337163,30.8752,2.3379183,5.3363247,0.6185523,1
Romania,2006,19.691277,10.193876,32.49166,2.068323,5.8250723,0.52763337,1
Romania,2007,20.154226,7.991645,33.271988,2.58959,5.635542,1.3584734,1
Romania,2008,19.536278,7.699341,34.945625,2.410043,6.782245,1.1836938,1
Romania,2009,22.120373,8.019438,35.9001,3.3512473,6.8523903,0.8030145,1
Romania,2010,18.409998,6.6399994,32.5,3.4899998,6.8199997,0.86999995,1
Romania,2011,18.129993,5.859998,31.38999,3.5199988,5.219998,0.46999985,1
Romania,2012,18.710005,5.7200017,29.840012,3.5400012,5.6800017,0.47000018,1
Romania,2013,18.94,5.96,27.530003,3.6000001,5.85,0.54,1
Romania,2014,18.300003,6.7100015,31.330006,3.6600008,6.6200013,0.84000015,1
Romania,2015,20.420002,7.190001,33.970005,3.7400005,7.100001,0.76000005,1
Romania,2016,21.6,6.54,35.73,3.83,7.46,0.5,1
Romania,2017,22.879997,5.2999997,35.209995,3.9699996,8.299999,0.36999995,1
Romania,2018,19.220001,5.1800003,35.800003,3.9300003,8.420001,0.38000003,1
Romania,2019,23.459997,4.26,35.759995,2.2699997,8.01,0.13999999,1
Romania,2020,24.979998,5.1799994,35.11,2.5499997,8.04,0.15,1
Romania,2021,22.210003,5.0500007,36.900005,2.8000004,8.090001,0.19000003,1
Russia,1992,9.9748535,28.693962,19.579527,2.3611488,18.749123,0.63030666,1
Russia,1993,9.776435,26.8702,19.053051,2.4990885,14.264798,0.5897849,1
Russia,1994,10.7452965,25.688755,15.713122,2.1790462,12.044727,0.61972874,1
Russia,1995,11.563467,22.546759,16.54496,1.8705608,18.185452,0.61018294,1
Russia,1996,9.689246,21.620632,16.345598,1.631557,20.429495,0.6906591,1
Russia,1997,11.831188,21.780598,13.1124,1.461382,22.721487,0.72068155,1
Russia,1998,10.243001,19.805801,14.714312,1.2903781,21.916422,1.0503076,1
Russia,1999,6.6472745,17.033018,15.483651,0.9895943,19.482012,0.72970086,1
Russia,2000,9.824521,15.091584,13.23262,0.96945935,17.880028,0.7195987,1
Russia,2001,14.6434355,16.322683,13.024161,0.93957883,17.722055,0.6297177,1
Russia,2002,15.912439,17.481693,14.852942,0.95954406,16.871983,0.8096153,1
Russia,2003,16.152561,17.85178,15.982639,0.9395673,17.312027,0.7996318,1
Russia,2004,15.707535,17.567244,14.77768,1.01984,16.677383,0.91985565,1
Russia,2005,17.426096,17.996624,14.633517,1.1110263,18.657232,1.0009246,1
Russia,2006,19.942219,17.215078,16.102163,1.2031506,18.638807,1.4237281,1
Russia,2007,22.122286,17.595448,17.986902,1.2546668,22.493666,1.3951894,1
Russia,2008,22.52256,18.96795,20.07249,1.3354883,21.920082,2.229161,1
Russia,2009,22.903898,17.453936,19.86276,1.3449266,22.883825,2.4188607,1
Russia,2010,22.35,17.72,21.85,1.35,22.62,2.74,1
Russia,2011,23.08,16.72,22.66,1.39,22.52,2.85,1
Russia,2012,26.55,17.68,24.51,1.39,24.05,3.0,1
Russia,2013,27.280003,17.470001,25.410002,1.3900001,23.180002,3.2900002,1
Russia,2014,28.769999,17.299997,24.189999,1.3999999,22.579998,3.4299998,1
Russia,2015,29.570002,15.240001,24.040003,1.3800001,20.2,3.8100002,1
Russia,2016,29.94,14.13,25.36,1.38,20.64,3.32,1
Russia,2017,31.86,13.96,26.57,1.38,20.12,3.36,1
Russia,2018,31.300001,14.020001,26.020002,1.3900001,21.550001,3.6100001,1
Russia,2019,31.370003,13.880001,27.120003,1.4100001,21.740002,3.3800004,1
Russia,2020,30.84,13.56,28.26,1.48,21.76,3.6,1
Russia,2021,31.420004,13.290001,28.420002,1.4900001,21.840002,3.7400002,1
Rwanda,1961,0.10817081,1.3275509,0.35401356,0.7768631,0.16717307,1.3275509,0
Rwanda,1962,0.11726613,1.3681049,0.38111493,0.7524577,0.15635484,1.2996997,0
Rwanda,1963,0.11667917,1.5654457,0.31114447,0.6903518,0.15557224,1.2737476,0
Rwanda,1964,0.12595123,1.5889233,0.23252535,0.6200676,0.2712796,1.2595123,0
Rwanda,1965,0.12551065,1.5737106,0.16412932,0.5889346,0.27033064,1.2261425,0
Rwanda,1966,0.07709588,1.7539314,0.18310273,0.50112325,0.26019862,1.349178,0
Rwanda,1967,0.13481475,1.848888,0.231111,0.57777756,0.2214814,1.3962958,0
Rwanda,1968,0.1059444,1.7047417,0.17336358,0.52972203,0.22152013,1.4158025,0
Rwanda,1969,0.14456506,1.7058676,0.12528971,0.50115883,0.21202874,1.3781868,0
Rwanda,1970,0.12528324,1.6768681,0.1060089,0.54931885,0.23129214,1.339567,0
Rwanda,1971,0.12522762,1.6664907,0.07706315,0.55870783,0.22155657,1.3678709,0
Rwanda,1972,0.11560151,1.676222,0.16376881,0.5491072,0.1926692,1.3294173,0
Rwanda,1973,0.13482359,1.5697318,0.16371436,0.66448766,0.2792774,1.3289753,0
Rwanda,1974,0.13491322,1.8984219,0.22164316,0.5589262,0.3565564,1.3202223,0
Rwanda,1975,0.13514005,2.3456452,0.25097436,0.6370888,0.28958583,1.2838304,0
Rwanda,1976,0.16457959,2.2363462,0.21298535,0.64863724,0.23234765,1.2779121,0
Rwanda,1977,0.16519299,2.234964,0.3692549,0.68992364,0.30123428,1.282675,0
Rwanda,1978,0.18544652,2.2936807,0.41969478,0.69298434,0.16592585,1.2590842,0
Rwanda,1979,0.20563911,2.281615,0.47003224,0.70504844,0.2252238,1.2338347,0
Rwanda,1980,0.19593954,2.3512745,0.48005188,0.7347733,0.3526912,1.2050282,0
Rwanda,1981,0.2050615,2.4802678,0.53706586,0.7225977,0.234356,1.1620152,0
Rwanda,1982,0.20376238,2.338416,0.5336634,0.73742574,0.25227723,1.1352475,0
Rwanda,1983,0.19343294,2.272837,0.49325398,0.6770153,0.25146282,1.1122394,0
Rwanda,1984,0.19396587,2.2306073,0.30064708,0.64978564,0.20366414,1.1056054,0
Rwanda,1985,0.19509296,2.331361,0.3023941,0.69258,0.3023941,1.1315391,0
Rwanda,1986,0.18731533,2.0900447,0.30561975,0.660533,0.30561975,1.123892,0
Rwanda,1987,0.180138,1.861426,0.35026833,0.6504983,0.4703603,1.0808281,0
Rwanda,1988,0.21277902,1.9454081,0.41542572,0.6484694,0.25330836,1.0841599,0
Rwanda,1989,0.19218197,1.9521642,0.38436395,0.6574646,0.252871,1.072173,0
Rwanda,1990,0.18727535,1.9318932,0.36469412,0.65053546,0.3844073,1.0842258,0
Rwanda,1991,0.18632902,1.9191889,0.35402513,0.67078453,0.5869364,1.0807083,0
Rwanda,1992,0.18804519,1.7351443,0.35044786,0.6752532,0.7179907,1.0684385,0
Rwanda,1993,0.19184689,1.5194274,0.3453244,0.6676272,0.5064758,1.0129516,0
Rwanda,1994,0.22120205,1.5484145,0.41688082,0.80823827,0.5530051,1.191088,0
Rwanda,1995,0.22907396,1.8325917,0.3983895,0.40834922,0.63742316,1.3545243,0
Rwanda,1996,0.21192731,1.7042488,0.3797031,0.43268493,0.47683647,1.2362427,0
Rwanda,1997,0.1941281,1.7640334,0.34605443,0.3376141,0.62458605,1.1056861,0
Rwanda,1998,0.22647867,1.9748939,0.28989267,0.35330668,0.88779634,1.3498129,0
Rwanda,1999,0.28433055,2.2158175,0.37257105,0.41178906,0.85299164,1.4216528,0
Rwanda,2000,0.1759952,2.122295,0.40375367,0.424459,0.9006813,1.4597248,0
Rwanda,2001,0.19173269,2.3647032,0.404769,0.42607263,0.9054044,1.5125577,0
Rwanda,2002,0.21470778,2.3617854,0.4616217,0.49382788,0.9554496,1.5888375,0
Rwanda,2003,0.23432793,2.7586787,0.4580046,0.5112609,1.0118705,1.5657367,0
Rwanda,2004,0.26314127,2.6103616,0.6841673,0.66311604,0.93678296,1.5788476,0
Rwanda,2005,0.2611536,2.6533206,0.7103378,0.66855323,0.76256853,1.5564755,0
Rwanda,2006,0.20843418,3.0848258,0.677411,0.7190979,1.1776531,1.5007261,0
Rwanda,2007,0.23977713,3.2734792,0.63593066,0.74018157,1.6575897,1.4907881,0
Rwanda,2008,0.24036908,3.7727492,0.58524644,0.7733614,2.0274608,1.3168044,0
Rwanda,2009,0.24113537,3.5226731,0.6919537,0.8701841,2.1911864,1.3734231,0
Rwanda,2010,1.3299998,2.5999994,0.6599999,1.9499997,2.7599995,1.5899998,0
Rwanda,2011,1.2399998,2.3799996,0.7099998,1.8999996,4.299999,1.5299996,0
Rwanda,2012,1.2499999,2.5499997,0.72999996,1.8699999,4.6299996,1.5199999,0
Rwanda,2013,1.2799997,2.6199994,0.7499998,1.9199996,4.659999,1.5499996,0
Rwanda,2014,1.43,2.84,0.9,2.07,5.13,1.6,0
Rwanda,2015,1.4299996,3.1399994,1.1599996,2.2299995,6.949998,1.6299995,0
Rwanda,2016,1.5199997,2.6199996,1.2399999,1.9499998,7.589999,1.5999998,0
Rwanda,2017,1.4899997,2.4499993,1.1899997,2.1999996,7.709998,1.5699997,0
Rwanda,2018,1.49,2.64,0.86,2.04,4.96,1.53,0
Rwanda,2019,1.4900001,2.7000003,1.1500001,1.7100002,4.6000004,1.4200001,0
Rwanda,2020,1.4999993,3.2399983,0.8599996,1.2999992,4.4899974,1.4199992,0
Rwanda,2021,1.4799999,2.7099998,0.9299999,1.0899999,4.3799996,1.4099998,0
Saint Kitts and Nevis,1961,3.5171165,3.5896342,3.6802814,1.9035938,10.660126,1.423163,0
Saint Kitts and Nevis,1962,3.883155,3.6163034,3.892357,1.9875867,10.821305,1.444681,0
Saint Kitts and Nevis,1963,4.002463,3.9368484,4.1243176,2.024665,12.869745,1.6403536,0
Saint Kitts and Nevis,1964,4.6736865,4.0636673,4.29829,2.0646808,13.138878,1.6798993,0
Saint Kitts and Nevis,1965,5.000192,3.9549541,4.6423626,2.109309,13.456261,1.7138135,0
Saint Kitts and Nevis,1966,5.935275,4.070444,4.628947,2.167748,15.78007,1.9689589,0
Saint Kitts and Nevis,1967,6.760738,4.367303,4.758262,2.2313294,16.229586,2.0978312,1
Saint Kitts and Nevis,1968,7.825159,4.8606462,4.6488953,2.3870103,16.737947,4.533395,1
Saint Kitts and Nevis,1969,7.344931,5.16238,4.723877,2.7904758,17.330849,2.750612,1
Saint Kitts and Nevis,1970,9.20184,5.2610526,5.3210645,2.840568,22.224443,3.290658,1
Saint Kitts and Nevis,1971,10.308261,5.415536,5.602959,2.8508015,22.421701,4.9815044,1
Saint Kitts and Nevis,1972,12.218647,5.5449286,5.5548306,2.8615794,38.8244,3.5249903,1
Saint Kitts and Nevis,1973,12.226916,5.28839,4.751599,2.594492,38.69869,3.9861739,1
Saint Kitts and Nevis,1974,10.231862,5.150869,5.6699486,2.6952221,40.218704,3.843187,1
Saint Kitts and Nevis,1975,13.868999,5.0104766,5.140749,2.4851964,42.23832,1.3628496,1
Saint Kitts and Nevis,1976,16.5186,6.1429486,5.3386345,2.6240745,52.501602,1.7996527,1
Saint Kitts and Nevis,1977,16.29891,7.1206875,4.720229,2.6626935,48.241146,1.270831,1
Saint Kitts and Nevis,1978,20.924437,7.4874673,4.684726,2.6712046,50.23686,1.2951294,1
Saint Kitts and Nevis,1979,21.1534,6.753199,6.236778,2.7509353,50.609264,1.6882998,1
Saint Kitts and Nevis,1980,20.99288,8.117912,7.010924,2.9419951,55.957745,1.256581,1
Saint Kitts and Nevis,1981,26.43783,11.277606,5.6337996,2.6517885,56.247932,1.2908705,1
Saint Kitts and Nevis,1982,25.037136,13.387285,5.634109,2.5408726,58.892002,0.19081652,1
Saint Kitts and Nevis,1983,27.891947,14.737842,5.8003144,2.6227508,39.048725,0.03026251,1
Saint Kitts and Nevis,1984,27.942549,12.2626295,6.200651,2.6446867,40.433,0.24762984,1
Saint Kitts and Nevis,1985,28.146076,15.019208,5.6371827,2.6791558,38.105762,2.6492767,1
Saint Kitts and Nevis,1986,35.646385,18.158913,5.1209736,2.6757338,34.213314,5.221188,1
Saint Kitts and Nevis,1987,35.77888,17.101795,5.40523,3.1702807,27.193527,4.9424872,1
Saint Kitts and Nevis,1988,40.126266,16.413486,4.8893347,2.7769043,31.398853,4.8397474,1
Saint Kitts and Nevis,1989,35.377056,12.46544,4.4783616,2.8789468,27.749847,3.6686578,1
Saint Kitts and Nevis,1990,41.61203,12.351523,3.7306643,3.982736,26.487717,3.9323218,1
Saint Kitts and Nevis,1991,39.916428,10.684137,4.9225874,4.3666487,16.850008,7.3990436,1
Saint Kitts and Nevis,1992,41.446827,9.427475,4.4382267,4.247874,12.312823,6.351774,1
Saint Kitts and Nevis,1993,40.845432,11.727996,4.8107066,4.051121,11.140584,2.8965516,1
Saint Kitts and Nevis,1994,40.45207,9.383521,5.596136,5.4762187,11.482072,3.3277023,1
Saint Kitts and Nevis,1995,41.408306,15.644259,7.9483747,5.8981586,30.642145,3.5954528,1
Saint Kitts and Nevis,1996,40.357376,11.398191,8.625927,5.654221,35.082096,5.893553,1
Saint Kitts and Nevis,1997,40.342484,9.015361,8.803827,5.6509695,26.280535,4.311257,1
Saint Kitts and Nevis,1998,43.268257,11.393709,7.9238973,5.76645,21.355747,4.2552423,1
Saint Kitts and Nevis,1999,40.20222,13.143227,7.815705,6.1502275,29.165924,4.193793,1
Saint Kitts and Nevis,2000,42.44878,14.510244,9.080277,5.733316,35.22905,5.9861073,1
Saint Kitts and Nevis,2001,44.15752,12.766393,9.207398,4.6686807,30.591354,6.0882797,1
Saint Kitts and Nevis,2002,54.353394,9.849205,9.087668,4.5184493,33.76145,4.8636794,1
Saint Kitts and Nevis,2003,53.60427,10.16704,10.600999,3.9779575,31.617014,3.6266575,1
Saint Kitts and Nevis,2004,53.065533,11.669886,10.6192875,3.996395,33.35136,7.539591,1
Saint Kitts and Nevis,2005,49.018867,12.639888,9.600445,3.1232889,33.60156,6.854466,1
Saint Kitts and Nevis,2006,47.867805,13.113007,11.321961,3.0490403,37.66525,6.9829426,1
Saint Kitts and Nevis,2007,51.27769,10.236404,7.387644,2.3385348,36.385475,6.8667884,1
Saint Kitts and Nevis,2008,52.97817,13.274268,8.658542,3.1564224,40.784866,7.1127596,1
Saint Kitts and Nevis,2009,50.94483,12.27732,8.628197,2.011414,41.05263,7.1993237,1
Saint Kitts and Nevis,2010,63.65106,9.084442,10.483586,2.1386917,39.765675,4.3573346,1
Saint Kitts and Nevis,2011,64.07633,9.574969,9.76487,1.9289864,37.670208,3.8679676,1
Saint Kitts and Nevis,2012,61.72896,9.915014,5.9470096,1.3893014,35.012394,3.7181304,1
Saint Kitts and Nevis,2013,60.96065,9.82527,6.886684,1.59923,37.881763,3.8781328,1
Saint Kitts and Nevis,2014,61.696434,17.640402,16.141218,2.3687112,38.7889,4.087776,1
Saint Kitts and Nevis,2015,60.249744,12.463741,15.482224,1.9290313,39.61011,4.157912,1
Saint Kitts and Nevis,2016,60.9394,13.313314,17.98097,1.9590162,38.090874,4.077952,1
Saint Kitts and Nevis,2017,57.05493,15.79306,20.201122,2.0091171,39.702557,4.258129,1
Saint Kitts and Nevis,2018,54.33928,8.29531,20.258547,2.878373,37.20896,2.8184066,1
Saint Kitts and Nevis,2019,57.295174,5.746507,18.808567,2.7783113,35.668316,0.0,1
Saint Kitts and Nevis,2020,75.01905,5.3770657,17.820274,3.0283473,35.7305,0.10994,1
Saint Kitts and Nevis,2021,73.677505,3.9182718,17.052479,1.7792152,35.75423,0.13993828,1
Saint Lucia,1961,2.1086838,3.9819794,7.77761,1.049438,19.135078,0.0,1
Saint Lucia,1962,2.0881686,4.5684814,7.862494,1.0783969,18.920963,0.0,1
Saint Lucia,1963,2.5478108,4.5762606,8.006006,1.0877193,18.706812,0.0,1
Saint Lucia,1964,2.6233523,5.1675086,8.186839,1.1879332,20.580942,0.0,1
Saint Lucia,1965,4.501144,5.2925534,7.80528,1.0881886,20.35902,0.0,1
Saint Lucia,1966,6.6603494,6.091174,8.068309,1.2082493,21.149355,0.0,1
Saint Lucia,1967,7.8776646,6.558005,7.2127976,0.97715276,21.910383,0.0,1
Saint Lucia,1968,9.272606,5.6520658,7.9651885,1.5689007,22.658548,0.0,1
Saint Lucia,1969,9.5071,7.013767,8.675989,1.2872086,22.389322,0.0,1
Saint Lucia,1970,12.31563,10.479885,8.936648,1.7449665,25.740778,0.0,1
Saint Lucia,1971,11.832765,8.005401,9.047405,1.6131033,29.29636,0.0,1
Saint Lucia,1972,12.285065,8.760824,8.193361,2.6680694,30.712662,0.0,1
Saint Lucia,1973,13.0811205,8.964823,8.36123,2.0185692,28.685452,0.0,1
Saint Lucia,1974,11.807994,7.5972376,8.431444,1.2811028,26.654882,0.0,1
Saint Lucia,1975,13.297342,10.249213,7.487154,1.4303522,27.275335,0.0,1
Saint Lucia,1976,13.512363,10.684649,8.003702,1.5459474,29.265371,0.0,1
Saint Lucia,1977,16.147333,11.731052,10.174093,1.7919722,29.063242,0.0,1
Saint Lucia,1978,23.222528,12.154854,9.0794115,1.9588805,30.029638,0.029383207,1
Saint Lucia,1979,25.30097,10.349514,10.941748,2.07767,16.660194,0.058252428,1
Saint Lucia,1980,25.054789,7.449507,8.729891,1.7168787,15.946602,0.0,1
Saint Lucia,1981,31.256605,6.719977,8.317666,1.5589571,16.122133,0.91019857,1
Saint Lucia,1982,32.520283,8.791598,7.8712125,1.6202618,16.097158,0.14381023,1
Saint Lucia,1983,32.852985,8.148613,7.9858317,1.3213966,16.440855,0.8905064,1
Saint Lucia,1984,34.274647,9.482241,8.400184,1.4807103,17.730558,0.1708512,1
Saint Lucia,1985,34.259243,10.742788,8.028621,1.6322964,17.414326,1.0628908,1
Saint Lucia,1986,41.68914,11.702046,8.381843,1.741433,13.902759,1.0907876,1
Saint Lucia,1987,42.836056,10.73535,8.561465,2.7005966,13.694514,1.9344698,1
Saint Lucia,1988,39.49191,9.817416,6.309816,3.2563672,15.2672415,3.0920997,1
Saint Lucia,1989,39.59821,13.099359,9.003994,3.4563718,18.337166,3.3305097,1
Saint Lucia,1990,39.9993,10.811931,6.81685,5.071426,18.065136,1.3187647,1
Saint Lucia,1991,49.601143,12.875728,9.79021,4.696196,20.08497,1.9696854,1
Saint Lucia,1992,48.913017,13.644055,10.085158,4.712872,20.62609,2.0655181,1
Saint Lucia,1993,55.105846,13.400982,12.150999,4.4185452,23.022945,0.60076714,1
Saint Lucia,1994,56.478874,14.492874,10.140197,4.5837927,23.265636,2.7830172,1
Saint Lucia,1995,52.965847,17.269373,11.79913,4.6501894,22.80715,1.8523574,1
Saint Lucia,1996,52.301243,14.979153,12.143952,6.9960775,25.613577,2.0514085,1
Saint Lucia,1997,54.08813,14.617102,13.276796,5.875978,24.36831,0.12626067,1
Saint Lucia,1998,49.9265,16.736448,14.10309,6.203019,24.529234,0.019506348,1
Saint Lucia,1999,63.186157,13.926026,16.922766,6.013066,28.361301,0.039173067,1
Saint Lucia,2000,61.938587,14.114085,15.806987,5.6200438,27.253767,0.029527374,1
Saint Lucia,2001,62.189888,9.276014,15.097035,5.3458357,27.125166,0.0,1
Saint Lucia,2002,60.71168,8.068523,15.761306,5.4877825,28.655123,0.009887896,1
Saint Lucia,2003,58.864834,8.226174,17.455782,6.3981357,29.26849,0.029804979,1
Saint Lucia,2004,60.37625,11.392494,21.068174,5.616857,34.8523,0.029771326,1
Saint Lucia,2005,58.879402,9.138179,20.49107,4.9980655,38.198788,0.019952355,1
Saint Lucia,2006,57.390614,7.9420457,18.68954,5.136596,32.636055,0.23210554,1
Saint Lucia,2007,55.93467,13.19214,21.066832,3.5618777,32.59473,0.030443398,1
Saint Lucia,2008,57.333496,8.548202,20.852276,5.2849026,31.965963,0.030785838,1
Saint Lucia,2009,63.278606,8.301708,16.211535,3.7228775,29.08176,0.092814125,1
Saint Lucia,2010,65.95614,9.179463,9.40945,3.8897727,27.128412,0.09999415,1
Saint Lucia,2011,70.44713,7.5996904,10.979552,2.9798787,25.228973,0.09999593,1
Saint Lucia,2012,68.92243,6.589277,9.778926,2.5097244,27.087027,0.30996597,1
Saint Lucia,2013,72.20502,6.2195706,9.029377,2.289842,24.758291,0.12999102,1
Saint Lucia,2014,64.90481,7.0494356,22.698183,2.6697862,33.797295,0.149988,1
Saint Lucia,2015,65.59328,6.43934,23.657574,2.6897242,33.606556,0.15998359,1
Saint Lucia,2016,64.733025,7.3792057,23.417479,2.6897104,32.14654,0.009998923,1
Saint Lucia,2017,62.174736,7.429371,23.338024,2.7197697,33.717148,0.009999153,1
Saint Lucia,2018,62.76859,7.139839,22.899485,2.6599402,28.489359,0.25999415,1
Saint Lucia,2019,32.897423,9.909224,19.998432,2.2698221,33.66736,0.0,1
Saint Lucia,2020,33.599064,6.2598257,16.439543,2.329935,33.549065,0.019999443,1
Saint Lucia,2021,61.245567,10.469242,15.958845,1.919861,33.46758,0.009999276,1
Saint Vincent and the Grenadines,1961,1.2728313,2.4978116,3.7036517,0.42108703,18.814934,0.82303375,0
Saint Vincent and the Grenadines,1962,1.3991652,2.550859,3.7025528,0.52349716,18.48421,0.8090411,0
Saint Vincent and the Grenadines,1963,1.6769303,2.6906679,3.7138798,0.5495026,15.888206,0.85267645,0
Saint Vincent and the Grenadines,1964,1.5949239,2.8595378,4.05809,0.5756826,15.647241,0.83049285,0
Saint Vincent and the Grenadines,1965,2.28356,3.4488337,3.9374967,0.6766104,15.392885,0.7611867,0
Saint Vincent and the Grenadines,1966,2.9101057,4.603769,3.9487607,0.5052917,18.592863,0.8982963,0
Saint Vincent and the Grenadines,1967,3.2160337,3.4117923,3.766022,0.4940573,13.936145,0.7643906,0
Saint Vincent and the Grenadines,1968,3.3453405,3.1130252,3.9772384,0.47392324,13.669434,0.77128685,0
Saint Vincent and the Grenadines,1969,3.8817463,2.946051,5.0212564,0.47247985,14.507911,0.79673076,0
Saint Vincent and the Grenadines,1970,6.0866385,3.0707364,5.3189545,0.40212026,17.355145,1.0784134,0
Saint Vincent and the Grenadines,1971,7.2002044,3.0388696,6.7530437,0.4289095,14.1266365,1.1954712,0
Saint Vincent and the Grenadines,1972,8.40949,2.8730905,5.8647523,0.49252978,13.973251,1.1036315,0
Saint Vincent and the Grenadines,1973,9.654408,3.0705996,4.7764883,0.4149459,12.844881,0.922102,0
Saint Vincent and the Grenadines,1974,8.718897,2.87862,4.8530583,0.42441195,16.459803,1.3378203,0
Saint Vincent and the Grenadines,1975,9.664957,3.141573,4.0008855,0.32339722,14.238717,0.25871778,0
Saint Vincent and the Grenadines,1976,12.235335,2.8249638,4.7329726,0.4075358,12.605823,0.9632664,0
Saint Vincent and the Grenadines,1977,12.1297245,3.427158,4.996778,0.37150764,10.662269,0.76159066,0
Saint Vincent and the Grenadines,1978,13.035143,3.894703,5.1246095,0.38201633,9.69017,0.5031435,0
Saint Vincent and the Grenadines,1979,15.332659,3.8542132,5.500674,0.44903457,10.683281,0.8045203,0
Saint Vincent and the Grenadines,1980,16.047405,3.2602165,5.721821,0.5449353,10.194049,1.1462432,0
Saint Vincent and the Grenadines,1981,16.558142,2.9961464,6.0016265,0.48535702,9.847148,1.1200547,0
Saint Vincent and the Grenadines,1982,22.142784,2.948004,6.5791965,0.5896008,8.684913,1.3195827,0
Saint Vincent and the Grenadines,1983,22.3464,3.126618,6.525524,0.67602557,9.7554245,1.5210575,0
Saint Vincent and the Grenadines,1984,22.431667,3.2610745,8.934967,0.4995287,10.876532,2.243167,1
Saint Vincent and the Grenadines,1985,24.817488,3.009601,8.25062,0.665675,10.1163845,3.2721207,1
Saint Vincent and the Grenadines,1986,31.931854,2.8840456,8.209163,0.7351489,8.595587,0.028274957,1
Saint Vincent and the Grenadines,1987,30.077377,4.9307175,10.989811,0.824947,9.633863,0.8439113,1
Saint Vincent and the Grenadines,1988,31.021963,4.667612,8.50479,0.91634107,10.146568,0.16226873,1
Saint Vincent and the Grenadines,1989,31.93788,5.200741,10.544358,0.8382146,9.525166,0.3619563,1
Saint Vincent and the Grenadines,1990,34.817036,4.761304,11.8648615,0.8543468,14.235914,0.8543468,1
Saint Vincent and the Grenadines,1991,35.386604,5.572242,11.671069,0.82338965,14.734845,0.90955836,1
Saint Vincent and the Grenadines,1992,39.648167,4.95006,12.666048,0.8202411,13.600742,0.4482713,1
Saint Vincent and the Grenadines,1993,42.405865,5.5502076,10.7487755,0.65576077,14.512272,0.76980615,1
Saint Vincent and the Grenadines,1994,39.2331,5.6006665,10.651691,0.70126796,11.409819,0.38854033,1
Saint Vincent and the Grenadines,1995,42.192894,5.6181526,14.253461,0.76611173,12.059166,0.38778496,1
Saint Vincent and the Grenadines,1996,42.793327,4.2802777,12.500678,1.1243997,14.021925,0.67086023,1
Saint Vincent and the Grenadines,1997,44.81022,4.063348,10.215067,1.2946014,13.87208,0.63312626,1
Saint Vincent and the Grenadines,1998,46.263958,5.8740377,9.619801,0.6905069,14.320923,0.90806377,1
Saint Vincent and the Grenadines,1999,46.90998,5.361682,9.738178,0.6915244,14.863037,0.8336184,1
Saint Vincent and the Grenadines,2000,47.220116,5.094877,9.3643265,0.69259965,15.094876,0.29411766,1
Saint Vincent and the Grenadines,2001,43.512447,5.68256,9.569127,0.71269566,15.470248,0.0,1
Saint Vincent and the Grenadines,2002,53.597378,8.47126,11.421924,0.951827,15.61948,0.04759135,1
Saint Vincent and the Grenadines,2003,55.27984,7.342003,12.822249,0.9451993,15.934724,0.028642403,1
Saint Vincent and the Grenadines,2004,58.835476,8.236386,13.11434,0.90977705,16.443735,0.019356959,1
Saint Vincent and the Grenadines,2005,56.49604,8.297369,15.281556,0.9240915,16.58501,0.0,1
Saint Vincent and the Grenadines,2006,60.396347,8.675556,15.003724,0.87048984,16.871853,0.019561568,1
Saint Vincent and the Grenadines,2007,62.841496,9.873687,15.243242,1.0031036,17.514977,0.0590061,1
Saint Vincent and the Grenadines,2008,64.24433,10.886861,16.379686,1.2447772,17.91096,0.4346841,1
Saint Vincent and the Grenadines,2009,63.126568,12.204603,16.213268,1.1807705,18.1283,0.0,1
Saint Vincent and the Grenadines,2010,71.91079,11.718499,13.788234,1.1598514,18.287659,0.059992313,1
Saint Vincent and the Grenadines,2011,71.87545,9.917993,11.547663,1.1697632,18.57624,0.019995952,1
Saint Vincent and the Grenadines,2012,72.68319,9.59778,10.727518,0.92978495,18.555708,0.049988437,1
Saint Vincent and the Grenadines,2013,73.64698,9.728279,10.878077,0.93983376,18.816671,0.05998939,1
Saint Vincent and the Grenadines,2014,74.44329,9.637837,11.877335,0.859807,20.135479,0.01999551,1
Saint Vincent and the Grenadines,2015,75.25082,11.888549,12.248505,1.0098767,20.007559,0.01999756,1
Saint Vincent and the Grenadines,2016,79.15179,12.558697,13.938553,1.329862,19.667957,0.07999169,1
Saint Vincent and the Grenadines,2017,80.41629,11.028119,12.057944,1.1997955,19.82662,0.069988064,1
Saint Vincent and the Grenadines,2018,79.46717,14.657633,12.378001,1.1098208,19.826797,0.099983856,1
Saint Vincent and the Grenadines,2019,80.33469,11.617785,14.31727,1.0697961,19.416298,0.10997903,1
Saint Vincent and the Grenadines,2020,83.02889,9.868679,13.928136,0.7898943,19.467394,0.019997323,1
Saint Vincent and the Grenadines,2021,83.29202,10.069035,15.108552,0.9099128,19.52813,0.07999233,1
Samoa,1961,2.7606986,14.809997,8.406711,0.0,30.808626,0.0,1
Samoa,1962,2.7604568,14.970171,8.165547,0.0,30.789713,0.0,1
Samoa,1963,2.770689,17.431036,9.323126,0.0,29.97205,0.0,1
Samoa,1964,2.778651,19.032787,9.113198,0.0,29.224413,0.0,1
Samoa,1965,2.7101839,16.838362,8.87414,0.0,28.500957,0.0,1
Samoa,1966,2.7186801,14.676932,9.377477,0.0,28.575693,0.0,1
Samoa,1967,2.655029,13.393584,9.188967,0.0,27.991308,0.0,1
Samoa,1968,2.6167386,14.392062,9.028747,0.0,29.053787,0.0,1
Samoa,1969,2.6298292,15.698675,8.893239,0.0,26.197918,0.0,1
Samoa,1970,2.5938997,18.33757,8.783206,0.0,28.362642,0.0,1
Samoa,1971,2.548664,18.79015,8.655463,0.0,36.42091,0.0,1
Samoa,1972,2.583883,20.281986,8.489902,0.0,30.148626,0.0,1
Samoa,1973,2.5396879,16.154406,8.405869,0.0,24.829184,0.0,1
Samoa,1974,2.4926107,16.748768,8.206897,0.0,26.926107,0.0,1
Samoa,1975,2.4506829,24.137281,8.100869,0.0,27.045036,0.0,1
Samoa,1976,4.5459204,7.9000983,8.140368,5.7568836,32.004047,4.6900826,1
Samoa,1977,7.4987373,10.33223,7.765868,10.58982,32.09383,5.8196306,1
Samoa,1978,8.213283,8.232295,7.6143975,9.315992,22.082703,10.314135,1
Samoa,1979,7.2619066,7.536835,7.7454023,11.404797,37.949623,5.12884,1
Samoa,1980,9.345566,5.353836,10.045537,8.153722,33.759434,6.299743,1
Samoa,1981,8.954459,4.871451,11.122677,7.377573,46.414883,4.214415,1
Samoa,1982,9.595024,4.6846294,12.8027725,7.788902,42.05819,7.0175376,1
Samoa,1983,8.630776,4.230216,14.299456,5.5929704,34.967896,2.3280385,1
Samoa,1984,7.5977573,4.4900174,16.596859,10.819894,38.4845,1.9161221,1
Samoa,1985,8.522035,6.8310785,18.37954,25.258657,42.562134,3.9007282,1
Samoa,1986,10.964362,6.3676524,19.470695,18.27071,34.29629,0.648378,1
Samoa,1987,11.718849,8.736045,20.72518,19.248259,42.02955,2.5580685,1
Samoa,1988,11.402211,6.6625066,21.88148,17.016792,41.071037,0.88448864,1
Samoa,1989,11.915738,8.220412,22.847342,16.971483,41.33362,1.2639365,1
Samoa,1990,12.985577,10.698565,23.25775,18.111973,36.291782,1.9672179,1
Samoa,1991,15.319744,9.186014,21.025764,20.267555,37.181484,1.6719518,1
Samoa,1992,17.546535,7.4584994,19.638435,20.694159,42.277863,1.0361742,1
Samoa,1993,24.52744,7.0941505,20.298235,16.634222,40.54775,0.6334062,1
Samoa,1994,24.014557,7.116509,19.875463,16.458757,37.622807,1.7376386,1
Samoa,1995,18.252087,7.6098948,18.592245,19.554419,39.555904,0.48594475,1
Samoa,1996,20.793009,8.340425,18.62566,18.809498,48.54282,0.009675667,1
Samoa,1997,8.38061,8.688864,19.015318,15.961692,48.29929,0.028898658,1
Samoa,1998,16.744534,8.295545,18.336512,20.542263,50.29114,0.0,1
Samoa,1999,21.398607,9.118997,18.419418,15.640749,54.141056,0.009548687,1
Samoa,2000,23.517569,11.563834,17.868788,17.326733,51.637848,0.009509732,1
Samoa,2001,23.75225,11.572582,19.920017,19.93899,53.195934,0.0094857225,1
Samoa,2002,23.00635,16.387045,19.137186,14.035201,50.650005,0.0,1
Samoa,2003,32.712383,12.382278,18.117628,11.992958,49.72852,0.009495612,1
Samoa,2004,26.533604,11.696485,18.453608,11.610831,46.33864,0.0761366,1
Samoa,2005,38.932537,10.038487,19.456726,11.584338,46.36598,0.0858806,1
Samoa,2006,28.23227,11.659907,19.08593,13.055274,46.5345,0.114687614,1
Samoa,2007,35.599346,12.831435,17.952545,12.35372,46.6919,0.038217228,1
Samoa,2008,38.099754,11.364089,18.892439,12.270544,47.087975,0.209916,1
Samoa,2009,39.147156,10.256019,19.161806,11.069989,46.85593,0.07660892,1
Samoa,2010,60.47503,11.779032,17.808537,8.179328,46.406185,0.019998355,1
Samoa,2011,61.045647,11.549177,18.328693,5.0196424,45.946728,0.009999287,1
Samoa,2012,60.31665,13.109271,18.968946,5.1397142,46.577415,0.01999889,1
Samoa,2013,60.176388,11.029338,20.33878,4.349739,46.16723,0.0199988,1
Samoa,2014,66.31704,13.979376,20.279095,3.449846,46.557922,0.039998215,1
Samoa,2015,69.04458,14.718844,19.888437,4.209669,45.636414,0.31997487,1
Samoa,2016,81.922424,12.688827,18.998243,4.859551,46.595688,0.069993526,1
Samoa,2017,72.22583,12.669269,17.388994,4.569736,45.487373,0.26998442,1
Samoa,2018,79.224335,12.339117,17.908718,3.3297617,46.226692,0.14998928,1
Samoa,2019,78.838135,5.2998753,12.2697115,4.1999006,45.628925,0.18999551,1
Samoa,2020,74.20862,7.1198673,15.129718,3.1599412,44.989162,0.0099998135,1
Samoa,2021,75.58274,7.9392376,20.09807,2.539756,44.19576,0.0,1
Sao Tome and Principe,1961,0.5391208,1.7781528,2.6293962,0.20808172,10.186546,0.0,0
Sao Tome and Principe,1962,0.56146,1.8684653,2.8533213,0.21169804,8.633598,0.0,0
Sao Tome and Principe,1963,0.5827287,2.1306016,2.822592,0.20031299,7.111111,0.0,0
Sao Tome and Principe,1964,0.5948542,1.4510837,2.325339,0.15322001,11.266177,0.0,0
Sao Tome and Principe,1965,0.62513065,1.1415429,2.4461637,0.10871837,12.547914,0.0,0
Sao Tome and Principe,1966,0.6728756,0.7638047,3.2279842,0.12730078,24.796373,0.0,0
Sao Tome and Principe,1967,0.693076,1.8574438,2.772304,0.12013318,22.4187,0.0,0
Sao Tome and Principe,1968,0.7116486,2.1068542,2.5469527,0.12172935,16.39601,0.0,0
Sao Tome and Principe,1969,0.71929014,2.3755505,2.52698,0.10410779,16.108315,0.0,0
Sao Tome and Principe,1970,0.7724127,1.897656,2.0502315,0.114431515,19.014704,0.0,0
Sao Tome and Principe,1971,0.78641194,2.3592358,2.877117,0.10549428,14.51026,0.0,0
Sao Tome and Principe,1972,0.7910946,1.929499,2.2092764,0.086827464,12.985529,0.0,0
Sao Tome and Principe,1973,0.87152076,2.0016243,2.7199106,0.09577151,9.7016535,0.0,0
Sao Tome and Principe,1974,0.9138412,1.1062288,0.8272668,0.13467135,7.127961,0.0,0
Sao Tome and Principe,1975,0.9452095,1.0030794,1.6878741,0.16396491,6.973331,0.0,0
Sao Tome and Principe,1976,1.0323966,1.128882,2.778787,0.17367418,7.3329096,0.0,0
Sao Tome and Principe,1977,1.0403242,1.1077526,1.6086494,0.16375473,9.844549,0.0,0
Sao Tome and Principe,1978,1.1945227,1.165388,1.1848111,0.1748082,12.683307,0.0,0
Sao Tome and Principe,1979,1.350464,1.1058148,0.7926637,0.16636151,17.908327,0.0,0
Sao Tome and Principe,1980,1.5633839,3.9182312,0.5178709,0.18565184,18.995115,0.0,0
Sao Tome and Principe,1981,1.7016515,2.5524771,0.75302964,0.18581252,21.759623,0.0,0
Sao Tome and Principe,1982,1.8437033,3.9914215,0.79436153,0.1863317,26.62582,0.0,0
Sao Tome and Principe,1983,1.810177,2.3315864,0.8263851,0.18692043,31.668257,0.0,0
Sao Tome and Principe,1984,1.7762214,2.7326481,0.810035,0.1854297,42.521957,0.0,1
Sao Tome and Principe,1985,1.7459483,2.272659,0.8485894,0.17557023,43.161015,0.0,1
Sao Tome and Principe,1986,1.7084183,3.151737,0.8247536,0.1865514,29.052929,0.0,0
Sao Tome and Principe,1987,1.6697574,2.4704597,0.898349,0.17576393,27.009056,0.0,0
Sao Tome and Principe,1988,1.6233585,1.2810841,0.87035483,0.17602684,33.67002,0.0,0
Sao Tome and Principe,1989,1.5860989,1.8014951,0.8517938,0.16644247,34.68857,0.0,0
Sao Tome and Principe,1990,1.526235,1.0498941,0.8749117,0.1652611,37.67953,0.0,0
Sao Tome and Principe,1991,2.407779,1.7254125,0.8968246,0.17546569,24.087538,0.0,0
Sao Tome and Principe,1992,3.0636704,1.2528747,1.2039343,0.16639742,25.478384,0.0,0
Sao Tome and Principe,1993,3.0764072,1.7495222,0.5012676,0.16708921,23.9429,0.0,0
Sao Tome and Principe,1994,3.1441932,1.7337139,1.1166292,0.1665149,32.587944,0.0,0
Sao Tome and Principe,1995,3.2135181,1.5823404,1.4260598,0.16604806,35.55382,0.0,0
Sao Tome and Principe,1996,3.2848186,1.3938547,2.0079308,0.16570303,35.314236,0.0,0
Sao Tome and Principe,1997,3.3774478,0.8175954,1.3139927,0.16546574,27.03905,0.0,0
Sao Tome and Principe,1998,3.443752,0.7393366,2.0039914,0.16537793,25.808685,0.0,0
Sao Tome and Principe,1999,3.516214,0.74381447,3.3423352,0.17387871,25.676088,0.0,0
Sao Tome and Principe,2000,4.1488495,0.77367824,2.649848,0.16440663,25.637762,0.0,0
Sao Tome and Principe,2001,4.2909393,0.7669326,2.63087,0.16503613,23.19243,0.0,0
Sao Tome and Principe,2002,4.526066,0.8264154,3.8630116,0.16336119,24.984652,0.0,0
Sao Tome and Principe,2003,8.871201,1.6920285,2.8200476,0.16251121,26.116508,0.0,0
Sao Tome and Principe,2004,7.7839003,1.570184,2.4605932,0.16276298,26.310156,0.0,0
Sao Tome and Principe,2005,7.9658256,1.7637928,3.048294,0.15337329,25.996773,0.0,0
Sao Tome and Principe,2006,6.312455,1.8515255,4.3170285,0.15349434,26.420216,0.0,0
Sao Tome and Principe,2007,7.7441287,1.3242748,3.8864589,0.14394292,26.379938,0.0,0
Sao Tome and Principe,2008,8.65009,1.4288095,3.5430615,0.14481178,26.693636,0.0,0
Sao Tome and Principe,2009,8.293357,4.9235735,2.7191331,0.14566787,26.666927,0.25249094,0
Sao Tome and Principe,2010,10.619184,3.5297287,3.9996924,0.14998847,26.837936,0.25998,0
Sao Tome and Principe,2011,8.459181,3.9696157,4.329581,0.029997095,26.367449,0.25997484,0
Sao Tome and Principe,2012,8.8297205,1.5999494,4.049872,0.039998733,27.84912,0.009999683,0
Sao Tome and Principe,2013,9.219762,1.5599597,4.599881,0.039998967,28.439266,0.009999742,0
Sao Tome and Principe,2014,9.489471,1.2999276,5.0097213,0.03999777,29.328367,0.029998329,0
Sao Tome and Principe,2015,9.798928,1.4298435,4.7194834,0.039995622,29.856733,0.019997811,0
Sao Tome and Principe,2016,9.659528,1.6099213,4.769767,0.039998047,29.808544,0.009999512,0
Sao Tome and Principe,2017,9.429546,1.6599201,4.259795,0.049997594,29.128597,0.0,0
Sao Tome and Principe,2018,11.719002,1.4298781,5.259552,0.049995743,28.52757,0.0,0
Sao Tome and Principe,2019,18.158985,1.6899056,5.1597114,0.059996646,27.588459,0.0,0
Sao Tome and Principe,2020,16.959223,1.8099172,5.0997667,0.059997253,27.078762,0.0,0
Sao Tome and Principe,2021,20.409267,2.7199025,5.079818,0.05999785,26.529049,0.029998925,0
Saudi Arabia,1961,0.77109295,1.0443918,,4.880335,4.3434978,2.3718429,0
Saudi Arabia,1962,0.7603149,1.072239,,4.7081037,4.1719847,2.3394306,0
Saudi Arabia,1963,0.788327,1.0511026,,4.5839753,4.4282565,2.3163188,0
Saudi Arabia,1964,0.9131175,1.0879698,,4.4198775,3.7787523,2.2730796,0
Saudi Arabia,1965,1.0074304,1.1042988,,4.3009534,3.7584908,2.2182844,0
Saudi Arabia,1966,1.322268,1.1292362,,4.140533,4.0054107,2.1909113,0
Saudi Arabia,1967,1.6144264,1.1339422,,4.0360656,4.0841146,2.2390556,0
Saudi Arabia,1968,2.0856433,1.1863291,,3.9225397,3.7790322,2.6118376,0
Saudi Arabia,1969,2.2684875,1.200964,,4.251031,3.7172694,2.278019,0
Saudi Arabia,1970,2.2523217,1.1879334,,4.1054983,3.9724495,2.3093429,0
Saudi Arabia,1971,2.3115797,1.4021057,,4.102106,3.7231588,2.7663167,0
Saudi Arabia,1972,2.6219633,1.5844958,,3.970671,4.017829,2.8483198,0
Saudi Arabia,1973,2.825392,1.4173894,,3.8485405,5.0406494,3.5012333,0
Saudi Arabia,1974,3.9836223,1.6645181,,3.8153,4.3389688,5.7697062,0
Saudi Arabia,1975,6.5021353,1.8590876,,3.9517288,4.147914,5.0073915,0
Saudi Arabia,1976,11.012864,2.2756174,,4.223471,4.7010694,4.691705,0
Saudi Arabia,1977,14.384982,3.706791,,4.2336445,5.842429,4.3653574,0
Saudi Arabia,1978,15.028187,4.1760745,,5.0188656,5.9658213,3.6931274,0
Saudi Arabia,1979,17.726168,5.373304,,5.813112,7.2281456,4.130369,0
Saudi Arabia,1980,23.098612,6.0867305,,6.1060843,7.983391,3.7933202,1
Saudi Arabia,1981,22.544548,6.5885854,,7.1286335,8.424748,2.867164,1
Saudi Arabia,1982,26.51319,7.062204,,6.663209,9.097076,2.3640428,1
Saudi Arabia,1983,29.960352,7.9327645,,7.963119,9.369566,2.3474505,1
Saudi Arabia,1984,24.182758,7.927935,,7.6312766,8.664466,2.5573983,1
Saudi Arabia,1985,25.363249,6.7346992,,7.228989,8.794241,2.7185943,1
Saudi Arabia,1986,29.84193,6.0798674,,6.988235,7.421774,2.5186548,1
Saudi Arabia,1987,31.221724,5.103947,,6.9186845,7.2898808,2.433397,1
Saudi Arabia,1988,31.00927,4.5589786,,6.4996247,6.8590035,2.4335086,1
Saudi Arabia,1989,28.211472,3.489448,,6.529961,7.070723,2.387517,1
Saudi Arabia,1990,29.678522,4.5363283,,6.5716,5.569153,2.5921874,1
Saudi Arabia,1991,31.511354,5.246866,,6.5736604,6.0610356,2.5028157,1
Saudi Arabia,1992,27.372488,5.0848894,,6.763202,4.9450297,2.43755,1
Saudi Arabia,1993,25.184528,2.8458219,,6.5274796,4.9553123,2.4677057,0
Saudi Arabia,1994,23.479967,2.9424262,,6.83594,5.2805157,2.674933,0
Saudi Arabia,1995,29.91148,5.0524154,,7.146121,6.2712865,2.250979,1
Saudi Arabia,1996,28.227898,3.7481833,,6.836065,5.991267,2.883965,1
Saudi Arabia,1997,30.94557,3.1834648,,7.112606,6.28089,2.5525079,1
Saudi Arabia,1998,33.616203,3.9653745,,6.904084,6.6497726,2.2605462,1
Saudi Arabia,1999,37.075974,2.8390667,,6.9669204,6.6680713,1.9145023,1
Saudi Arabia,2000,36.70479,3.8051069,,7.1988506,6.6005044,1.9446245,1
Saudi Arabia,2001,36.70253,2.6107986,,6.4324026,7.6905046,1.8635048,1
Saudi Arabia,2002,35.028572,3.5308335,,6.2416644,7.3414326,1.8618876,1
Saudi Arabia,2003,36.917213,3.6522374,,6.574027,7.186024,1.8458605,1
Saudi Arabia,2004,35.282253,4.372501,,6.2665796,8.553578,1.9041536,1
Saudi Arabia,2005,39.993553,4.2503266,,6.7398043,9.077484,1.801329,1
Saudi Arabia,2006,37.44396,5.15779,,5.8474946,9.855777,1.6392977,1
Saudi Arabia,2007,38.00022,5.5071363,,5.9685183,10.032609,1.6001127,0
Saudi Arabia,2008,37.938416,3.3441157,,5.5158687,8.091223,1.5759625,0
Saudi Arabia,2009,39.32315,5.1458764,,4.5532074,7.8458157,1.5428222,0
Saudi Arabia,2010,42.06,6.17,,5.3,10.5,1.53,1
Saudi Arabia,2011,40.699986,6.069998,,5.7299976,10.1799965,1.4699994,1
Saudi Arabia,2012,39.879982,6.369997,,5.729997,11.829994,1.4499993,1
Saudi Arabia,2013,44.809998,6.2499995,,5.9899993,11.809999,1.5599998,1
Saudi Arabia,2014,38.869987,6.429998,,5.929998,11.919996,1.4299995,1
Saudi Arabia,2015,41.920013,6.3400025,,5.7000017,11.290004,1.4400005,1
Saudi Arabia,2016,43.299995,5.0899997,,4.8399997,11.579999,1.3699999,1
Saudi Arabia,2017,36.83,5.61,,4.78,10.97,1.34,0
Saudi Arabia,2018,33.719997,5.3099995,,4.3799996,10.319999,1.2999998,0
Saudi Arabia,2019,39.439995,5.2399993,,4.0999994,11.409998,3.0499995,0
Saudi Arabia,2020,41.57,5.42,,4.54,11.36,2.79,1
Saudi Arabia,2021,41.460003,5.9400005,,4.6100006,11.370001,3.0400002,0
Senegal,1961,0.4170904,7.837419,0.21339507,2.8711338,18.507174,1.2609708,0
Senegal,1962,0.82385653,7.8993297,0.29077289,2.820497,18.561,1.2890931,0
Senegal,1963,0.7749684,8.350284,0.31967446,2.7511375,17.737087,1.3174462,0
Senegal,1964,0.8326359,8.549041,0.309818,2.846453,20.167215,1.5684537,1
Senegal,1965,0.7741431,8.573634,0.3386876,2.9707742,21.056692,1.5773166,1
Senegal,1966,0.9960396,8.616226,0.51252526,3.0268002,20.994194,1.6342788,1
Senegal,1967,1.0145775,9.788258,0.52178276,2.898793,20.900295,1.5653481,1
Senegal,1968,1.042843,9.646297,0.5117655,2.7422907,18.230438,1.6415122,0
Senegal,1969,1.0812131,9.489576,0.8591783,2.5003052,18.00413,1.5638976,0
Senegal,1970,1.0816011,8.585209,0.8788009,2.2501166,18.812134,1.583773,0
Senegal,1971,1.1214174,7.82092,0.89906746,1.8561392,19.064096,1.5371153,0
Senegal,1972,1.1714904,7.580802,0.9100835,1.8298486,19.450615,1.5490783,0
Senegal,1973,1.2117449,7.12506,0.9015382,1.657667,22.247637,1.4831758,0
Senegal,1974,1.2515413,5.539768,0.90227395,1.5717031,23.527037,1.4552805,0
Senegal,1975,1.2815796,5.883615,0.7184613,1.6311013,24.214087,1.4369226,0
Senegal,1976,1.359684,5.9923215,0.7186901,1.6413329,25.775724,1.4276682,0
Senegal,1977,1.6528258,6.261293,0.7194653,1.6917158,25.103506,1.4097632,0
Senegal,1978,1.4799305,6.4941688,0.7204925,1.820704,24.1365,1.440985,0
Senegal,1979,1.5306495,6.629565,0.70195395,1.7938823,22.852499,1.4039079,0
Senegal,1980,1.6012207,5.48711,0.70297503,1.7281468,23.842567,1.2302063,0
Senegal,1981,1.6432453,6.2991076,0.7042481,1.926901,23.562965,1.4965271,0
Senegal,1982,1.7541335,6.281562,0.685974,2.087321,21.37299,1.2249535,0
Senegal,1983,1.532479,6.296917,0.6778273,1.9254224,22.073591,1.1984773,0
Senegal,1984,1.5955273,5.978303,0.65002966,1.8023549,21.125965,1.1917211,0
Senegal,1985,1.6685646,5.795546,0.58251655,2.251081,21.000217,1.3723695,0
Senegal,1986,2.017843,6.053529,0.6033746,2.6805658,21.988552,1.3254459,0
Senegal,1987,2.1004145,6.291336,0.65390265,2.655241,23.570219,1.3573433,0
Senegal,1988,2.1244655,6.224485,0.3375319,2.5017068,27.111752,1.4394742,0
Senegal,1989,1.8804911,5.979763,0.3681385,2.5371706,26.685064,1.5422018,0
Senegal,1990,1.8445985,5.862832,0.3788905,2.7120583,27.778658,1.5255328,0
Senegal,1991,2.30872,5.7668033,0.42976177,2.9683547,25.99559,1.5291523,0
Senegal,1992,2.0742798,5.461268,0.48099244,2.7356446,36.05439,1.4930807,1
Senegal,1993,1.9089127,5.4554715,0.46215782,2.7227123,36.631027,1.5070363,1
Senegal,1994,1.8730377,5.2364492,0.47329447,2.739066,31.096453,1.5004442,0
Senegal,1995,2.0486515,5.096399,0.46422642,2.6945317,30.053616,1.4835062,0
Senegal,1996,1.8600936,4.963619,0.4751326,2.6890485,30.48936,1.4658346,0
Senegal,1997,2.1058416,4.7381434,0.5264604,2.6930475,32.782284,1.4781388,0
Senegal,1998,2.179359,4.541176,0.5777835,2.6557767,29.973787,1.449527,0
Senegal,1999,2.3137805,4.80008,0.7306676,2.4152625,28.881664,1.4207425,0
Senegal,2000,2.449166,4.8678446,0.9654389,2.4390037,32.225334,1.4634022,0
Senegal,2001,2.8611703,4.958683,0.95711744,2.545525,30.525936,1.4764047,0
Senegal,2002,3.1636555,4.5719924,1.1225874,2.3472283,26.39101,1.3164889,0
Senegal,2003,3.5905623,4.388465,0.9820341,2.332331,29.28712,1.2684608,0
Senegal,2004,3.7213721,4.500502,0.9124025,2.368146,28.17171,1.250709,0
Senegal,2005,3.697408,4.8785243,0.9140814,2.577915,27.155409,1.2632811,0
Senegal,2006,2.8177505,5.4092584,0.946106,2.6840615,23.066477,1.3368889,0
Senegal,2007,3.2326267,4.529795,0.91625404,2.7178774,24.152044,1.2765787,0
Senegal,2008,3.5769873,5.1953936,0.84528226,2.5976968,27.275816,1.3091567,0
Senegal,2009,3.2615685,5.5735664,0.8463564,2.6319618,27.331118,1.3211417,0
Senegal,2010,5.1599965,5.929996,1.0199994,3.3099978,24.779985,0.82999945,0
Senegal,2011,5.160001,5.770001,1.0200001,3.2800004,24.310003,0.8100001,0
Senegal,2012,5.179996,5.6999955,1.0199993,3.3099976,24.99998,0.70999944,0
Senegal,2013,5.1899996,5.5999994,1.04,3.3499997,24.749998,0.68999994,0
Senegal,2014,4.7399983,5.809998,1.0999997,3.389999,21.229992,0.7399998,0
Senegal,2015,5.339996,5.8799953,1.0799992,3.549997,17.329987,0.7299994,0
Senegal,2016,5.6600018,5.3200016,1.0800004,3.6400013,18.900005,0.70000017,0
Senegal,2017,6.2999988,5.319999,1.0899998,3.9599993,20.009996,0.6899999,0
Senegal,2018,6.31,5.36,1.11,3.97,19.6,0.68,0
Senegal,2019,7.3099985,5.319999,1.2299998,3.2799995,17.809996,0.6799999,0
Senegal,2020,7.4299994,5.7099996,1.2199999,3.4799998,17.34,0.6499999,0
Senegal,2021,7.9499974,5.999998,1.2099997,3.5199988,16.889994,0.6499998,0
Serbia,2006,9.6165,9.451573,30.194288,2.613455,6.1403513,0.012686675,0
Serbia,2007,8.838608,10.788673,34.784607,2.5325525,8.002866,0.012662762,1
Serbia,2008,9.845934,11.842927,33.03886,2.9828503,8.291313,0.025278393,1
Serbia,2009,10.512132,12.417693,31.78879,3.1801407,7.2688937,0.025239212,1
Serbia,2010,11.060002,11.970002,35.590004,3.2700005,7.210001,0.010000001,1
Serbia,2011,13.77999,10.369993,36.289978,3.389998,9.529993,0.019999987,1
Serbia,2012,13.249988,10.11999,40.20996,3.419997,9.1699915,0.01999998,1
Serbia,2013,12.09001,8.860007,43.070034,4.480004,7.2900057,0.030000024,1
Serbia,2014,12.339992,9.579993,42.34997,4.079997,7.8499947,0.009999993,1
Serbia,2015,11.029998,8.7699995,39.109997,4.3299994,6.569999,0.009999999,1
Serbia,2016,10.760003,9.370003,41.23001,4.8200016,5.4800014,0.0,1
Serbia,2017,12.099997,7.9699974,43.24999,4.2399983,7.309998,0.009999997,1
Serbia,2018,13.969991,8.769995,45.01997,4.7399964,7.929994,0.009999993,1
Serbia,2019,16.58001,8.420005,43.660023,4.830003,7.910004,0.010000005,1
Serbia,2020,17.14,8.54,44.8,4.41,7.9599996,0.02,1
Serbia,2021,16.689999,9.149999,47.579994,4.1799994,8.029999,0.019999998,1
Serbia and Montenegro,1992,10.628597,20.119488,58.38244,2.06584,1.3971866,0.099799044,1
Serbia and Montenegro,1993,9.180818,21.859568,50.664886,2.3753862,0.6214091,0.13029546,1
Serbia and Montenegro,1994,8.692434,18.398651,54.914906,2.459176,0.6925843,0.13048689,1
Serbia and Montenegro,1995,9.832738,21.1897,59.982685,2.6499577,0.75713074,0.13947146,1
Serbia and Montenegro,1996,10.6080675,22.600227,60.82091,2.7978408,2.1255684,0.1384091,1
Serbia and Montenegro,1997,11.744474,19.350231,56.855503,2.785485,2.5879328,0.14816411,1
Serbia and Montenegro,1998,10.111297,19.816954,56.67075,2.7009628,2.8196862,0.18797909,1
Serbia and Montenegro,1999,9.573819,17.28468,60.451546,2.0920935,1.6935997,0.18928467,1
Serbia and Montenegro,2000,8.710484,17.659883,58.584225,2.1900647,1.6923226,0.20905161,1
Serbia and Montenegro,2001,8.651704,15.2863245,52.64191,2.0665212,2.8080957,0.18786556,1
Serbia and Montenegro,2002,9.244338,15.348161,58.99049,1.8508365,3.475241,0.24612188,1
Serbia and Montenegro,2003,8.568932,15.24996,54.494884,2.044414,2.836747,0.21520148,1
Serbia and Montenegro,2004,8.4388485,14.886945,51.089508,2.3403482,4.7001185,0.2524857,1
Serbia and Montenegro,2005,8.71133,14.512439,53.698925,2.0980675,4.312157,0.2127073,1
Seychelles,2010,29.625511,5.0592337,11.458264,1.6697471,59.450996,0.059990913,1
Seychelles,2011,38.535072,4.089477,12.078455,1.7497762,58.60251,0.019997442,1
Seychelles,2012,33.476837,5.4494853,10.129044,1.6898404,56.244686,0.01999811,1
Seychelles,2013,34.8128,7.228505,10.887749,1.7096465,55.688484,0.019995864,1
Seychelles,2014,20.536648,10.218332,14.117695,2.4496002,56.680744,0.18996899,1
Seychelles,2015,29.983957,12.147552,13.727233,2.689458,56.438625,0.21995567,1
Seychelles,2016,33.30636,14.858374,16.98814,3.5396128,57.343723,0.20997702,1
Seychelles,2017,38.913116,13.417627,17.046986,3.5693688,57.049915,0.059989393,1
Seychelles,2018,37.52272,12.447585,13.767329,3.7392745,55.679195,0.09998061,1
Seychelles,2019,34.744675,13.487932,14.307807,2.759577,52.591938,0.049992338,1
Seychelles,2020,35.814907,17.267546,15.607781,3.0895607,52.012608,0.23996589,1
Seychelles,2021,42.26365,14.157872,10.91836,2.8995645,51.552254,0.33994892,1
Sierra Leone,1961,0.74803466,1.7859327,0.44882077,0.35531646,10.911956,0.8695903,0
Sierra Leone,1962,0.77290463,1.7692999,0.4935415,0.35385996,13.195252,0.84740156,0
Sierra Leone,1963,0.81663096,1.8003001,0.52895415,0.36191598,13.49297,0.86303043,0
Sierra Leone,1964,0.85940677,2.1531374,0.42508292,0.36963734,16.162392,0.85940677,0
Sierra Leone,1965,0.9024016,2.163922,0.49724174,0.3683272,16.64839,0.8471526,0
Sierra Leone,1966,0.9543074,2.1471915,0.5872661,0.36704132,17.195885,0.844195,0
Sierra Leone,1967,0.9791857,1.9034636,0.6222862,0.37520197,15.612062,0.82361406,0
Sierra Leone,1968,0.9765583,1.843596,0.66625005,0.37419525,10.942929,0.81227744,0
Sierra Leone,1969,0.9662854,1.9508028,0.638113,0.37375194,14.849803,0.80219924,0
Sierra Leone,1970,0.9659388,1.9136523,0.52853256,0.37361786,16.922155,0.76546097,0
Sierra Leone,1971,0.97578347,1.8512527,0.48333195,0.37389833,16.323854,0.71131873,0
Sierra Leone,1972,1.0143908,1.8551471,0.47521007,0.3838235,21.13771,0.7219538,0
Sierra Leone,1973,1.0903717,1.8783715,0.5222789,0.38483706,29.229292,0.7146974,0
Sierra Leone,1974,1.130802,1.8387024,0.4780626,0.3861275,26.716345,0.67112637,0
Sierra Leone,1975,1.2000645,1.8000969,0.49848837,0.39694443,25.053654,0.6554198,0
Sierra Leone,1976,1.2803112,1.7070817,0.5009914,0.39893758,19.687105,0.65871084,0
Sierra Leone,1977,1.3334396,1.697105,0.51286143,0.40096438,20.272013,0.64340794,0
Sierra Leone,1978,1.5828216,2.004283,0.4682904,0.41209555,19.490246,0.6275092,0
Sierra Leone,1979,1.523767,2.2480268,0.47029847,0.41386265,21.163431,0.620794,0
Sierra Leone,1980,1.6431249,1.6620114,0.5477083,0.41550285,22.13497,0.613811,0
Sierra Leone,1981,1.7241001,1.6577885,0.53049237,0.4168154,23.597437,0.6062769,0
Sierra Leone,1982,1.7940233,1.680117,0.5410546,0.42714837,16.687263,0.5790234,0
Sierra Leone,1983,1.7012528,1.6822444,0.57025236,0.43719345,17.345175,0.5607481,0
Sierra Leone,1984,1.6382458,1.4668014,0.48575893,0.40003675,16.315784,0.5524317,0
Sierra Leone,1985,1.7205838,1.4433787,0.56396914,0.37279314,16.125694,0.53529274,0
Sierra Leone,1986,1.8138058,1.4779159,0.57581145,0.3550837,15.297389,0.52782714,0
Sierra Leone,1987,2.002619,1.2997769,0.5680506,0.31772324,13.546563,0.51991075,0
Sierra Leone,1988,1.9847237,1.2524955,0.6166132,0.32757577,13.189741,0.5009982,0
Sierra Leone,1989,2.0161011,1.2768642,0.6240313,0.3264164,12.682238,0.4896246,0
Sierra Leone,1990,2.0470223,1.3646816,0.5608281,0.31780255,12.534507,0.4393153,0
Sierra Leone,1991,2.0088303,1.4811652,0.51840776,0.31474757,14.700563,0.44434953,0
Sierra Leone,1992,2.0621285,1.593463,0.5342787,0.32806587,15.587815,0.47803885,0
Sierra Leone,1993,2.0625358,1.7280704,0.52957,0.33446527,12.514575,0.5109886,0
Sierra Leone,1994,2.0515807,1.7584976,0.52205396,0.348036,10.798275,0.55868936,0
Sierra Leone,1995,2.043349,1.661924,0.51764846,0.30877274,11.842343,0.5630562,0
Sierra Leone,1996,2.1460278,1.280403,0.5139646,0.27952462,12.3081,0.57708305,0
Sierra Leone,1997,2.1133456,1.266224,0.508273,0.25859505,13.84821,0.59744376,0
Sierra Leone,1998,2.092301,1.2553806,0.4985909,0.25819886,12.50929,0.6054318,0
Sierra Leone,1999,2.0982285,1.2697434,0.51330054,0.25214764,11.58078,0.60335326,0
Sierra Leone,2000,1.4540341,1.2643775,0.505751,0.24384424,15.100279,0.93925184,0
Sierra Leone,2001,0.4245491,1.0171489,0.07075818,0.17689547,14.611566,0.77834004,0
Sierra Leone,2002,2.2551885,0.97025555,0.23600812,0.1923029,14.947181,0.83913994,0
Sierra Leone,2003,1.6206418,1.0481325,0.15854105,0.2201959,17.4219,1.3564067,0
Sierra Leone,2004,1.3715287,1.0598178,0.17812063,0.2315568,23.6277,1.5496494,0
Sierra Leone,2005,1.1621339,1.1621339,0.23422854,0.2612549,24.95435,1.7206789,0
Sierra Leone,2006,1.3816569,1.4998249,0.22724621,0.38177362,24.778927,1.736161,0
Sierra Leone,2007,2.0882785,1.4590594,0.32828838,0.37388396,23.85562,1.732633,0
Sierra Leone,2008,2.4976764,1.3986988,0.44504052,0.39962822,32.923916,1.7256674,0
Sierra Leone,2009,2.7304559,1.4057791,0.49562728,0.5226615,31.530909,1.6761214,0
Sierra Leone,2010,3.4600008,1.2500002,0.4900001,0.5300001,30.460005,1.4900002,0
Sierra Leone,2011,3.59,1.38,0.49,0.43,30.0,1.53,0
Sierra Leone,2012,4.1099977,1.649999,0.61999965,0.5199997,29.309982,1.699999,0
Sierra Leone,2013,4.8799953,2.129998,0.93999904,0.6899993,28.94997,1.949998,0
Sierra Leone,2014,4.5599937,2.049997,0.7999989,0.6599991,28.51996,1.8899974,0
Sierra Leone,2015,3.5999954,1.3599983,1.2299985,0.42999947,27.069967,1.5299981,0
Sierra Leone,2016,3.7499962,1.3899986,0.73999923,0.4499995,26.489971,1.5099984,0
Sierra Leone,2017,3.8,1.26,0.84,0.46,24.99,1.49,0
Sierra Leone,2018,3.7799964,1.2699988,1.059999,0.46999958,25.909977,1.4999986,0
Sierra Leone,2019,5.45,1.41,1.2,0.46,25.28,1.39,0
Sierra Leone,2020,6.3699975,1.3099995,1.0899996,0.4499998,24.699991,1.3899994,0
Sierra Leone,2021,7.239998,1.5699996,1.0599997,0.43999988,24.149992,1.3699996,0
Slovakia,1993,6.876934,17.051989,46.865402,0.3408393,5.1226144,1.7843939,1
Slovakia,1994,6.825544,12.518509,46.766502,0.33075324,6.574973,1.8642455,1
Slovakia,1995,5.9243617,11.578068,46.48268,0.39094773,6.866646,0.7518226,1
Slovakia,1996,9.784976,11.770042,47.38094,0.36092126,9.123287,0.75191927,1
Slovakia,1997,8.3003235,12.460511,48.208042,0.32078546,8.129907,0.79193914,1
Slovakia,1998,7.9691143,11.347217,46.270985,0.3207694,7.8588505,0.77185136,1
Slovakia,1999,11.544399,10.62245,44.473995,0.2906142,6.8444653,0.7616096,1
Slovakia,2000,12.626481,10.371753,33.931164,0.3206725,6.9044805,0.7615973,1
Slovakia,2001,12.506794,8.718678,32.459538,0.3908373,6.5039334,0.79169613,1
Slovakia,2002,18.303463,8.630493,33.34919,0.34080926,6.8462567,0.76180893,1
Slovakia,2003,18.773977,7.2970934,37.918827,0.33077484,7.3572345,0.7918549,1
Slovakia,2004,18.324444,5.9343934,36.809277,0.19046195,7.6986723,0.8921638,1
Slovakia,2005,20.034811,6.4877496,38.114273,0.28076816,7.881563,0.902469,1
Slovakia,2006,19.8828,6.1123805,34.91785,0.110404246,9.023037,1.1441894,1
Slovakia,2007,18.182896,6.131325,34.224854,0.13066757,7.7596436,1.4876001,1
Slovakia,2008,18.182009,5.7051463,35.72005,0.2314257,7.8483496,1.41874,1
Slovakia,2009,17.596987,5.023396,36.391937,0.18120468,7.288454,1.6811767,1
Slovakia,2010,14.839978,5.1099925,35.64995,0.17999974,7.999988,1.4099978,1
Slovakia,2011,14.889984,4.5299954,34.20996,0.12999986,7.8899913,2.8499968,1
Slovakia,2012,11.629993,5.159997,29.269983,0.14999992,7.809995,2.6899984,0
Slovakia,2013,14.03999,5.289996,31.01998,0.1399999,8.599995,1.4499991,0
Slovakia,2014,13.609994,5.3799977,29.629988,0.12999994,8.459996,1.5699995,0
Slovakia,2015,11.87998,5.429991,29.099953,0.14999975,9.469984,1.7099972,0
Slovakia,2016,13.959988,5.599995,36.32997,0.12999988,9.149992,1.209999,1
Slovakia,2017,13.960005,6.0800023,36.720013,0.14000005,9.720004,1.9200007,1
Slovakia,2018,14.180011,6.0900044,35.960026,0.11000008,10.000008,1.6100012,1
Slovakia,2019,18.559958,6.089987,36.45992,0.059999865,10.189977,0.7999982,1
Slovakia,2020,16.009998,6.039999,39.18999,0.05999999,10.189998,0.8599999,1
Slovakia,2021,12.939998,6.559999,42.719994,0.08999999,10.199998,1.1499997,1
Slovenia,1992,7.27232,17.200092,24.462353,0.17099507,4.1541743,0.22128773,1
Slovenia,1993,16.639177,25.355415,40.86992,0.18075149,5.3723354,0.2912107,1
Slovenia,1994,16.569452,28.660944,42.23507,0.27048078,6.110862,0.18032052,1
Slovenia,1995,23.23032,26.531788,37.756775,0.32014224,7.143173,0.23010223,1
Slovenia,1996,26.421091,27.810623,35.20813,0.269909,7.4374924,0.2399191,1
Slovenia,1997,28.40813,25.359406,36.764637,0.35984966,6.787164,0.24989559,1
Slovenia,1998,24.99896,21.537722,38.823917,0.47016853,6.832449,0.20007172,1
Slovenia,1999,24.503717,23.021679,43.55994,0.76104724,7.01966,0.24033071,1
Slovenia,2000,28.962389,24.630066,38.469437,0.5214835,6.6990566,0.2807988,1
Slovenia,2001,24.191307,20.286568,41.145298,0.70265204,7.6187563,0.42159122,1
Slovenia,2002,22.6108,19.159994,39.08237,0.75235575,7.7442484,0.34106794,1
Slovenia,2003,23.238522,24.169264,44.445427,0.82065415,8.416709,0.29023132,1
Slovenia,2004,20.632097,23.379713,43.99183,0.8592545,9.641634,0.27975726,1
Slovenia,2005,22.725687,23.453945,43.705544,0.9776634,9.337683,0.23942776,1
Slovenia,2006,20.184015,20.772675,44.418804,0.9977269,9.977269,0.3891135,1
Slovenia,2007,19.778374,21.295948,41.423763,1.0483236,10.473253,0.49920177,1
Slovenia,2008,24.435503,21.2487,41.068832,0.9690286,10.869104,0.4095894,1
Slovenia,2009,26.18978,20.554132,39.199738,1.0092208,10.831638,0.4996143,1
Slovenia,2010,24.809952,19.879961,39.309925,0.9999981,11.139979,0.57999885,1
Slovenia,2011,23.49992,19.629932,36.779873,0.91999686,11.179962,0.3499988,1
Slovenia,2012,24.769821,18.769865,33.22976,0.8599938,10.059928,0.30999777,1
Slovenia,2013,23.460066,18.420052,28.040081,0.7900023,10.570029,0.33000094,1
Slovenia,2014,24.009964,17.009975,29.359957,0.85999876,11.139984,0.27999958,1
Slovenia,2015,23.649944,17.839958,27.549934,0.849998,11.209973,0.24999942,1
Slovenia,2016,23.69,17.88,29.75,0.86,11.36,0.25,1
Slovenia,2017,23.779932,17.18995,30.269913,0.8499975,11.859965,0.33999902,1
Slovenia,2018,23.749874,14.549924,29.509846,0.87999535,11.889937,0.41999778,1
Slovenia,2019,28.669931,14.529964,29.49993,0.7999981,12.999969,0.5199987,1
Slovenia,2020,26.679897,15.009943,25.299902,0.8099969,12.969951,0.29999885,1
Slovenia,2021,25.070023,12.11001,22.770021,0.8700008,12.9600115,0.42000037,1
Solomon Islands,1961,0.6722468,4.7941813,4.8295627,0.0,29.242737,0.0,1
Solomon Islands,1962,0.66836816,4.2508216,4.937013,0.0,35.6463,0.0,1
Solomon Islands,1963,0.6634557,4.8145366,5.0117807,0.0,34.750732,0.0,1
Solomon Islands,1964,0.675694,6.126292,5.027163,0.0,33.865784,0.0,1
Solomon Islands,1965,0.66913515,4.9371324,5.1812763,0.0,33.00464,0.0,1
Solomon Islands,1966,0.6708674,6.191924,5.394136,0.0,45.011574,0.0,1
Solomon Islands,1967,0.68104106,5.539134,5.4937315,0.0,47.59115,0.0,1
Solomon Islands,1968,0.750064,6.796312,5.6346273,0.0,46.34847,0.0,1
Solomon Islands,1969,0.7730994,6.690992,5.9362993,0.0,46.31234,0.0,1
Solomon Islands,1970,0.8701236,7.451591,6.5259275,0.0,50.911488,0.0,1
Solomon Islands,1971,0.9831793,6.9197097,6.6200743,0.0,55.90077,0.0,1
Solomon Islands,1972,1.1984166,7.238056,6.838584,0.0,52.806423,0.0,1
Solomon Islands,1973,1.111349,6.083678,7.0513177,0.0,54.187843,0.0,1
Solomon Islands,1974,1.1905146,8.391676,7.055977,0.0,55.112114,0.0,1
Solomon Islands,1975,1.0534456,6.613297,6.964445,0.0,56.700733,0.0,1
Solomon Islands,1976,0.96516246,6.529619,6.894017,0.0,60.362045,0.0,1
Solomon Islands,1977,0.98603433,6.59657,6.8430786,0.0,57.09139,0.0,1
Solomon Islands,1978,1.1232711,7.104197,6.74948,0.0,60.459576,0.0,1
Solomon Islands,1979,1.3332654,6.587319,6.7255836,0.0,58.64393,0.0,1
Solomon Islands,1980,1.2949704,7.374412,6.6923285,0.0,58.945873,0.0,1
Solomon Islands,1981,1.3482468,6.327903,6.475521,0.0,45.33849,0.0,1
Solomon Islands,1982,1.2238374,9.178781,6.3363194,0.0,56.829483,0.0,1
Solomon Islands,1983,1.0733235,6.784586,6.302083,0.0,57.16186,0.0,1
Solomon Islands,1984,0.8442072,8.550053,6.1352267,0.0,53.381382,0.0,1
Solomon Islands,1985,0.92885566,8.731244,6.140225,0.0,52.338573,0.0,1
Solomon Islands,1986,0.9834435,7.4293804,5.7448683,0.0,53.36885,0.0,1
Solomon Islands,1987,0.795468,6.140625,5.713788,0.0,46.263252,0.0,1
Solomon Islands,1988,0.83141893,5.684585,5.7039204,0.0,42.92442,0.0,1
Solomon Islands,1989,0.4912389,8.659289,5.625167,0.0,51.1948,0.0,1
Solomon Islands,1990,0.5389532,4.003652,5.5820155,0.0,43.530094,0.0,1
Solomon Islands,1991,0.48059648,2.7586236,6.1131873,0.0,46.28144,0.0,1
Solomon Islands,1992,0.50853515,2.705791,5.9009275,0.0,42.822502,0.0,1
Solomon Islands,1993,0.5456979,3.2454667,5.9452353,0.0,39.529594,0.0,1
Solomon Islands,1994,0.58404434,3.2649035,5.7734222,0.0,31.519243,0.0,0
Solomon Islands,1995,0.68891627,3.1192596,5.817515,0.0,33.871716,0.0,0
Solomon Islands,1996,0.812388,4.2817626,5.5911407,0.0,41.938335,0.0,1
Solomon Islands,1997,0.8996144,3.2539246,5.5795236,0.0,45.143414,0.0,1
Solomon Islands,1998,0.7070913,1.6530647,5.3509607,0.0,44.728302,0.0,1
Solomon Islands,1999,0.7843203,1.5208162,5.1172113,0.0,37.398685,0.0,0
Solomon Islands,2000,0.8048634,1.4468378,4.9920697,0.0,30.52732,0.0,0
Solomon Islands,2001,0.7028108,1.376739,5.2085023,0.0,29.161837,0.0,0
Solomon Islands,2002,0.80095744,3.1652296,5.1820984,0.13510126,31.21804,0.01930018,0
Solomon Islands,2003,0.74458075,2.5335083,5.163716,0.0483494,31.949284,0.019339759,0
Solomon Islands,2004,0.7863144,2.8734453,5.154728,0.08736827,33.49117,0.009707585,0
Solomon Islands,2005,0.8942665,3.1299326,5.229515,0.0777623,32.78653,0.058321726,0
Solomon Islands,2006,1.2867271,3.6457264,5.059177,0.068235524,33.36717,0.077983454,0
Solomon Islands,2007,1.5209739,4.0266814,4.845667,0.048749167,33.99767,0.0292495,0
Solomon Islands,2008,1.972985,3.9069011,5.2743163,0.058603514,34.80072,0.009767252,0
Solomon Islands,2009,2.2733042,4.5466084,4.9368753,0.06829669,34.714237,0.00975667,0
Solomon Islands,2010,2.3099487,4.5298996,4.639897,0.21999513,36.89918,0.0,0
Solomon Islands,2011,5.779927,6.4799175,4.4899426,0.049999367,36.21954,0.019999746,0
Solomon Islands,2012,2.519951,6.2198796,4.479913,0.069998644,36.1593,0.029999418,0
Solomon Islands,2013,3.1800056,5.4700093,4.4900074,0.14000024,32.300053,0.020000033,0
Solomon Islands,2014,5.6999426,2.8799713,5.629944,0.0899991,36.579636,0.0,0
Solomon Islands,2015,5.739906,1.8999689,5.969902,0.07999869,34.569435,0.04999918,0
Solomon Islands,2016,7.5498796,2.0099678,4.6499257,0.06999888,32.539482,0.0,0
Solomon Islands,2017,7.569871,3.4899404,4.269927,0.059998974,31.169468,0.0,0
Solomon Islands,2018,7.3798995,3.2399557,4.38994,0.06999905,32.299557,0.0,0
Solomon Islands,2019,6.809899,2.169968,5.8599133,0.04999926,36.129467,0.0,0
Solomon Islands,2020,7.8499093,2.1399753,5.099941,0.049999423,35.27959,0.039999537,0
Solomon Islands,2021,9.499932,2.2799838,5.469961,0.1699988,34.449757,0.009999929,0
South Africa,1961,2.0277562,21.380747,3.2254982,7.217972,5.757567,0.021013018,1
South Africa,1962,2.2924564,20.590237,3.2031581,6.992515,5.7154393,0.020935673,1
South Africa,1963,2.470854,20.767687,3.15894,6.8078814,5.911284,0.02085109,1
South Africa,1964,2.7711704,20.664421,3.3835263,6.715158,6.21697,0.010378915,1
South Africa,1965,3.0566964,20.467474,3.3355167,7.3319407,7.6623945,0.010326677,1
South Africa,1966,3.4919555,19.760359,3.1427598,7.4666224,8.113661,0.0,1
South Africa,1967,3.9010985,19.097,3.4619696,7.4856157,9.099159,0.010212299,1
South Africa,1968,4.325661,18.52114,3.3204017,8.3974695,7.2703595,0.010154134,1
South Africa,1969,4.6369033,17.93138,3.6165824,9.2435,6.778567,0.030306557,1
South Africa,1970,4.7886634,16.941404,3.4506543,8.108535,8.621605,0.060361296,1
South Africa,1971,4.8257785,16.483896,3.4613173,8.447621,7.9259152,0.05016402,1
South Africa,1972,5.458621,17.60781,3.7258847,8.823936,7.9926233,0.050079096,1
South Africa,1973,6.3406467,18.461882,3.9003978,6.560669,10.39106,0.07000714,1
South Africa,1974,5.9813967,20.270844,3.4550307,5.4122157,10.275221,0.06989946,1
South Africa,1975,6.709384,20.078304,3.3297684,5.542968,11.803731,0.10966303,1
South Africa,1976,7.4244194,19.576183,3.4136407,5.722575,10.051828,0.11942766,1
South Africa,1977,7.020654,19.97957,3.2868974,5.4318213,9.70181,0.039720815,1
South Africa,1978,7.2296076,20.054733,3.0205894,5.555904,9.517332,0.069325,1
South Africa,1979,7.0168653,20.072187,2.9747555,5.613492,9.112042,0.039531637,1
South Africa,1980,7.6680617,19.392202,2.9606416,5.467318,8.566123,0.07895044,0
South Africa,1981,7.9030776,17.868256,3.1474178,5.3772497,10.290773,0.13813119,0
South Africa,1982,8.377406,18.75789,3.5522568,5.2593136,8.249129,0.22694975,0
South Africa,1983,8.979869,18.028738,3.4992902,5.125721,8.427868,0.29571468,0
South Africa,1984,9.081186,18.722576,3.3513904,5.0025153,8.8846245,0.26535937,0
South Africa,1985,9.478725,18.986769,3.1270025,4.905485,8.403819,0.26384085,0
South Africa,1986,9.807162,16.973932,2.9885728,4.042794,7.737406,0.21277866,0
South Africa,1987,10.104373,17.308151,2.9960089,4.4463058,9.226562,0.15266286,0
South Africa,1988,10.117874,16.179188,3.115364,4.4236283,9.637863,0.2352994,0
South Africa,1989,9.942563,15.309129,3.292486,4.3341765,8.575345,0.2325202,0
South Africa,1990,13.941227,15.860337,3.2661777,4.2257323,9.208037,0.25834173,0
South Africa,1991,12.843851,16.685951,2.7733138,4.1277227,7.3248653,0.27641,0
South Africa,1992,12.818315,17.54767,3.0912035,4.2758565,8.496182,0.2961632,0
South Africa,1993,12.858124,17.190752,2.8697839,3.8760717,8.348463,0.2888419,0
South Africa,1994,14.296265,15.524337,2.952999,3.702967,6.2153597,1.2093234,0
South Africa,1995,15.37051,12.545049,3.1362622,3.5412452,8.090239,0.6216016,0
South Africa,1996,15.998388,11.991703,3.014463,3.6759439,6.255719,0.23624317,0
South Africa,1997,17.339012,12.146784,2.8708856,3.6004508,7.740969,0.21792202,0
South Africa,1998,15.940429,11.209598,2.726402,3.514874,6.288774,0.23749147,0
South Africa,1999,17.348707,10.981159,2.869209,4.0130796,6.2245636,0.2764354,0
South Africa,2000,19.32238,13.421247,2.4332595,4.42585,5.8819737,0.23949404,0
South Africa,2001,20.275236,11.014541,2.5247679,3.6907866,6.7166533,0.1541843,0
South Africa,2002,20.932209,11.851893,2.4808543,3.2755032,6.7738953,0.24227093,0
South Africa,2003,21.347473,12.656489,3.1568148,3.5173151,6.9079685,0.28255442,0
South Africa,2004,21.770775,13.416987,3.4570777,3.574599,9.6759,0.3231829,0
South Africa,2005,23.1939,14.504797,3.572077,3.5523958,8.384048,0.3542556,0
South Africa,2006,25.007204,16.348585,3.4792633,3.765907,7.7888055,0.35583377,0
South Africa,2007,27.5715,16.092468,4.960687,3.254211,7.7287507,0.5059901,0
South Africa,2008,30.30982,15.199644,6.163361,3.896835,6.8989887,0.6461588,0
South Africa,2009,31.09842,15.027089,6.5836754,3.7990391,5.101851,0.6563785,0
South Africa,2010,33.019997,17.279999,4.3499994,3.1999996,5.8299994,0.61999995,1
South Africa,2011,34.510002,16.800001,4.4000006,3.1700006,5.620001,0.8400001,1
South Africa,2012,35.039997,16.459997,4.4899993,3.1799998,7.3699994,0.7699999,1
South Africa,2013,36.710007,17.860004,4.010001,3.2000008,6.2500014,0.76000017,1
South Africa,2014,37.119995,18.399998,4.4699993,3.3099997,7.1199994,0.84999996,1
South Africa,2015,36.459995,19.009998,4.0899997,3.2099998,6.4699993,0.8399999,1
South Africa,2016,36.63,19.01,4.13,3.1799998,6.1599994,0.7799999,1
South Africa,2017,37.250004,17.65,3.9900002,3.2100003,6.4900002,0.82000005,1
South Africa,2018,37.600002,17.290003,4.760001,3.2100005,7.650001,0.8800001,1
South Africa,2019,37.5,17.66,4.22,2.92,6.59,0.79,1
South Africa,2020,39.65,17.42,5.13,3.33,6.51,0.79,1
South Africa,2021,44.319996,17.439999,5.6599994,3.3499997,6.4499993,0.78999996,1
South Korea,1961,0.6220856,0.7873271,2.3717015,0.029160261,12.840236,0.18468165,0
South Korea,1962,0.5837087,0.89502,1.4690002,0.03891391,13.328014,0.16538413,0
South Korea,1963,0.6127774,1.1088352,2.0717714,0.029179875,14.891464,0.28207213,0
South Korea,1964,0.65158504,1.6241,2.3048604,0.0194503,15.745018,0.24312875,0
South Korea,1965,0.671404,1.3525385,2.607772,0.019460985,17.154858,0.17514887,0
South Korea,1966,0.6513128,0.9915508,3.2079585,0.019442173,17.663214,0.16525848,0
South Korea,1967,0.82401615,1.0469853,2.365411,0.009694307,18.923288,0.18419184,0
South Korea,1968,1.1025603,1.1605898,1.9730026,0.009671581,20.039516,0.17408846,0
South Korea,1969,1.3517413,1.0620825,2.3558922,0.009655295,20.005772,0.13517414,0
South Korea,1970,1.4078653,1.1667925,2.5168002,0.009642912,17.839388,0.10607204,0
South Korea,1971,1.5230255,1.2049253,2.4291294,0.028918205,22.845383,0.096394025,0
South Korea,1972,1.6487072,1.1762706,2.5260892,0.10605718,29.426048,0.067490935,0
South Korea,1973,1.55311,1.3794702,2.4695413,0.13505304,33.387043,0.13505304,1
South Korea,1974,1.5637053,1.5444003,2.5193028,0.22200754,37.934334,0.12548251,1
South Korea,1975,1.6134032,2.3476467,2.5215464,0.21254414,37.997097,0.17389977,1
South Korea,1976,1.7327825,2.0425537,2.9815476,0.28073013,43.78422,0.1742463,1
South Korea,1977,2.0483024,1.9512266,3.8345,0.33005825,35.64629,0.18444431,1
South Korea,1978,2.2789462,3.1554642,4.8013697,0.5356498,37.290966,0.21425991,1
South Korea,1979,2.443828,3.9199004,7.5269904,0.43011373,40.93901,0.22483219,1
South Korea,1980,2.4234414,2.5019333,7.6824074,0.14717256,40.884533,0.17660707,1
South Korea,1981,2.4066126,3.3397892,6.7581615,0.13752073,45.372013,0.117874905,1
South Korea,1982,2.58078,4.2685905,7.60496,0.11775422,45.286312,0.10794137,1
South Korea,1983,3.0510867,4.2185445,9.212124,0.1569691,44.422253,0.098105684,1
South Korea,1984,2.9445686,3.690526,10.551371,0.09815229,46.24936,0.088337064,1
South Korea,1985,3.1531143,4.1059246,10.530027,0.17681016,47.29672,0.10805065,1
South Korea,1986,4.8808784,4.9790854,7.6994143,0.11784817,49.86942,0.13748954,1
South Korea,1987,5.2662525,4.903401,8.835929,0.15690884,49.092854,0.11768162,1
South Korea,1988,5.4917073,4.728154,9.769561,0.2936742,47.30112,0.10768054,1
South Korea,1989,5.605152,4.794651,10.848996,0.28318712,47.51685,0.09765074,1
South Korea,1990,6.1555486,5.6296,12.496153,0.21427542,46.34193,0.10713771,1
South Korea,1991,7.4665666,7.242375,12.515759,0.18520205,41.738693,0.11696971,1
South Korea,1992,8.381608,8.127324,16.772997,0.35208625,46.553623,0.13692242,1
South Korea,1993,8.764145,7.734799,16.998913,0.25488564,50.045815,0.12744282,1
South Korea,1994,9.153107,8.465641,17.893734,0.2357023,50.81349,0.14731395,1
South Korea,1995,9.640152,9.227002,18.424494,0.28526977,50.532097,0.18690088,1
South Korea,1996,10.344464,9.891709,19.724363,0.23621991,51.584522,0.20669241,1
South Korea,1997,9.691116,11.757241,19.854488,0.2066126,50.462673,0.19677392,1
South Korea,1998,8.566637,10.681249,19.228214,0.17703728,42.744667,0.13769566,1
South Korea,1999,10.44229,12.153174,22.46764,0.14748998,52.250782,0.17698799,1
South Korea,2000,10.573359,12.931728,22.964628,0.11791849,47.128094,0.16705121,1
South Korea,2001,10.943467,9.81477,21.76916,0.10796246,54.619194,0.21592492,1
South Korea,2002,11.343429,13.382696,24.304546,0.11765008,52.31507,0.21569182,1
South Korea,2003,10.996322,13.524887,27.15758,0.117607705,52.727455,0.2548167,1
South Korea,2004,9.717668,9.482326,24.66189,0.12747696,53.707027,0.23534209,1
South Korea,2005,12.423736,10.263086,25.87869,0.12767476,54.24213,0.21606497,1
South Korea,2006,13.296776,10.806705,29.34936,0.118106075,58.73809,0.2165278,1
South Korea,2007,13.072053,11.167973,30.968433,0.11838841,58.523335,0.21704541,1
South Korea,2008,13.005826,11.1266575,30.857931,0.118684344,58.610283,0.19780725,1
South Korea,2009,13.878111,11.697266,30.036198,0.1090423,58.56563,0.18834579,1
South Korea,2010,15.290001,12.830001,30.920002,0.120000005,57.540005,0.21000001,1
South Korea,2011,16.12,15.11,30.54,0.13,59.7,0.21,1
South Korea,2012,16.049997,14.479997,32.349995,0.13999997,56.309994,0.19999997,1
South Korea,2013,16.09,14.970001,32.97,0.13,52.360004,0.16000001,1
South Korea,2014,18.139997,15.979998,33.539997,0.16999999,55.489998,0.17999999,1
South Korea,2015,18.9,16.24,35.89,0.21000001,57.010002,0.16000001,1
South Korea,2016,19.329998,16.299997,37.019997,0.26999998,56.019997,0.13999999,1
South Korea,2017,18.8,17.19,37.74,0.36,57.74,0.13,1
South Korea,2018,19.72,17.99,40.67,0.37,57.82,0.13,1
South Korea,2019,20.949999,19.279999,40.109997,0.36999997,55.669994,0.099999994,1
South Korea,2020,22.560001,19.080002,38.010002,0.38000003,55.630005,0.09000001,1
South Korea,2021,22.190002,20.450003,38.320004,0.43000004,55.640003,0.09000001,1
South Sudan,2019,8.409994,13.159991,0.009999993,4.799997,3.1199977,0.9699994,0
South Sudan,2020,3.4700022,12.210008,0.010000006,3.6400023,3.0800018,0.9700006,0
South Sudan,2021,3.8099968,11.759991,0.0,3.6499972,3.0399976,0.96999925,0
Spain,1961,2.6521688,5.9848933,7.9665136,3.7230442,25.430794,1.4611948,1
Spain,1962,3.5324292,6.7246246,8.37576,3.6725256,25.777727,1.440991,1
Spain,1963,5.9861813,8.358632,10.240574,3.6337523,27.528427,1.3513955,1
Spain,1964,6.754966,7.935834,10.027372,4.0229573,27.360113,1.4210446,1
Spain,1965,7.4104576,7.9104886,9.1205635,4.1402555,29.321812,1.4600903,1
Spain,1966,9.566087,8.876369,12.085057,4.078332,29.098099,1.2994684,1
Spain,1967,10.877315,9.868491,12.765113,3.9953406,29.076092,1.3284508,1
Spain,1968,10.732304,10.612502,12.729012,3.8935802,31.76762,1.3278106,1
Spain,1969,11.596299,11.046949,13.094529,3.8754215,27.966959,1.3683834,1
Spain,1970,14.741472,12.10121,13.751373,4.1204114,31.24312,1.440144,1
Spain,1971,14.094592,11.782199,14.815339,3.9741144,31.232336,1.4114612,1
Spain,1972,16.289244,11.313366,15.638475,3.9847076,32.248096,1.4316913,1
Spain,1973,17.216032,12.138353,17.71679,4.1462693,31.517656,1.4021201,1
Spain,1974,17.418919,12.086188,19.770124,4.47229,35.218033,1.700871,1
Spain,1975,17.779339,12.432544,18.72877,4.167501,34.239464,1.8388972,1
Spain,1976,19.361923,13.8342285,19.46188,4.158265,35.425217,3.0787153,1
Spain,1977,20.193317,13.095666,20.363262,3.9686866,34.158695,3.0589876,1
Spain,1978,20.718065,13.218766,22.867867,3.8196435,34.576775,3.4596772,1
Spain,1979,20.473322,11.981944,26.214252,3.5505762,32.055202,3.5405746,1
Spain,1980,20.580732,11.420407,31.101109,4.830172,32.30115,2.4500873,1
Spain,1981,23.567722,11.978842,32.616848,4.799536,31.78693,2.639745,1
Spain,1982,22.669317,11.859642,36.378906,5.0398483,31.629047,2.5399234,1
Spain,1983,21.552391,11.53128,35.58395,5.2805862,32.843643,2.5302808,1
Spain,1984,21.02333,11.55183,37.635963,5.3708506,32.775192,2.4903944,1
Spain,1985,21.810043,11.510023,36.46007,5.450011,34.100067,2.510005,1
Spain,1986,20.485323,12.167222,38.20128,5.5387354,34.432137,2.549418,1
Spain,1987,21.7151,12.491429,39.912613,5.9059477,34.84609,2.6082103,1
Spain,1988,22.805437,12.446595,45.70078,5.833717,35.82142,2.727063,1
Spain,1989,23.0966,12.37746,45.84355,5.894028,35.174362,2.4275405,1
Spain,1990,23.365862,12.997698,47.881516,6.458856,35.193768,2.5195537,1
Spain,1991,24.354963,13.1918545,50.00912,6.5759397,35.04836,2.458482,1
Spain,1992,23.885283,13.427996,50.242836,6.3800426,37.193653,2.7015493,1
Spain,1993,23.386627,13.204694,53.305996,6.3537645,39.972042,2.9233284,1
Spain,1994,24.297329,13.602139,52.106808,6.42902,41.848156,3.035926,1
Spain,1995,24.851887,13.376453,52.565205,6.346637,41.84226,3.1683679,1
Spain,1996,23.878439,13.49522,54.76135,5.947381,42.21455,3.5763319,1
Spain,1997,23.764343,13.385308,55.29571,5.9534063,41.033165,3.5878146,1
Spain,1998,27.433363,14.932332,62.69217,6.0634913,46.263653,3.838899,1
Spain,1999,25.774633,14.83815,63.5597,5.8032336,43.657265,3.0444808,1
Spain,2000,25.173382,14.643276,63.042217,6.0016665,41.804028,3.1145387,1
Spain,2001,26.344616,14.565151,63.91156,5.8698354,42.62097,3.830316,1
Spain,2002,30.573391,15.391364,63.69872,5.831573,42.236538,3.7381878,1
Spain,2003,30.176111,15.093031,63.277306,5.810369,43.746906,3.4324954,1
Spain,2004,27.499247,15.568988,56.957043,5.4779773,42.133698,2.2667491,1
Spain,2005,27.898146,15.493452,56.372326,5.353186,41.117237,2.2048373,1
Spain,2006,26.964375,15.147633,57.101025,4.8674655,44.8481,2.180942,1
Spain,2007,28.528395,14.718283,59.1594,4.4618807,43.46385,2.5172112,1
Spain,2008,26.762012,14.488297,53.760242,3.4252224,42.09677,2.4409633,1
Spain,2009,29.25752,14.03177,47.83827,2.7826715,41.562454,3.2168472,1
Spain,2010,27.389996,13.5599985,48.95999,2.7599995,42.88999,2.3699996,1
Spain,2011,29.359999,12.97,48.1,2.71,42.95,1.9299998,1
Spain,2012,29.859997,12.429998,48.79999,2.2999997,40.519997,1.9899998,1
Spain,2013,28.76,12.23,49.26,2.17,42.6,1.96,1
Spain,2014,29.250002,11.260001,51.150005,2.3900003,44.330006,1.7400001,1
Spain,2015,29.649998,11.259999,53.379997,2.3499997,43.849995,1.6299999,1
Spain,2016,30.2,11.6,52.57,2.17,42.6,1.54,1
Spain,2017,30.520002,11.540001,53.640003,2.0700002,42.380005,1.5600001,1
Spain,2018,33.329998,13.719998,57.039993,2.0799997,40.939995,1.5499998,1
Spain,2019,33.18,13.31,54.61,2.04,40.42,1.55,1
Spain,2020,32.72,12.07,51.88,1.87,40.22,1.51,1
Spain,2021,30.529999,12.669999,53.749996,1.7599999,40.109997,1.6099999,1
Sri Lanka,1961,0.6366064,2.9405155,0.10104864,0.29304105,16.602291,0.040419456,0
Sri Lanka,1962,0.63600916,3.321381,0.1211446,0.27257538,15.425746,0.010095383,0
Sri Lanka,1963,1.018591,3.2070491,0.11093566,0.26221153,16.650434,0.010085059,0
Sri Lanka,1964,1.0278494,3.4463186,0.110846505,0.2720778,18.934599,0.010076955,0
Sri Lanka,1965,0.99724627,3.3644469,0.10073195,0.30219585,16.036526,0.010073194,0
Sri Lanka,1966,1.0679055,3.1331947,0.120894976,0.31231204,22.71818,0.010074581,0
Sri Lanka,1967,1.0479083,3.0530405,0.13098854,0.32243332,16.04106,0.010076041,0
Sri Lanka,1968,1.1386971,3.0734744,0.110846624,0.2720781,18.047846,0.0,0
Sri Lanka,1969,1.1086943,3.0841858,0.11086943,0.2318179,17.8399,0.010079038,0
Sri Lanka,1970,1.1690105,2.972915,0.110854454,0.2317866,14.219603,0.010077678,0
Sri Lanka,1971,1.2994134,3.1125484,0.13094863,0.21153241,11.241437,0.0,0
Sri Lanka,1972,1.2684436,2.9093666,0.11073714,0.19127324,13.973014,0.0,0
Sri Lanka,1973,1.2677747,2.9279559,0.09055533,0.21129577,10.967257,0.0,0
Sri Lanka,1974,1.2677679,2.8273237,0.0804932,0.2213563,10.6854725,0.0,0
Sri Lanka,1975,1.1778892,2.788678,0.07047201,0.23155089,10.188238,0.0,0
Sri Lanka,1976,1.1483454,2.5384479,0.07051244,0.2115373,10.173938,0.0,0
Sri Lanka,1977,1.159173,2.1873093,0.10079766,0.20159532,10.170484,0.0,0
Sri Lanka,1978,0.9778855,2.1069903,0.09073164,0.20162587,11.210398,0.0,0
Sri Lanka,1979,1.1985605,1.9438838,0.1107913,0.18129487,13.335244,0.0,0
Sri Lanka,1980,1.2675343,1.9214209,0.15089694,0.20119591,14.797959,0.010059795,0
Sri Lanka,1981,1.2759393,1.9691663,0.1205612,0.20093533,13.864538,0.0,0
Sri Lanka,1982,1.2749559,1.9174533,0.100390226,0.24093653,13.673149,0.0,0
Sri Lanka,1983,1.295318,1.9781214,0.10041225,0.19078328,13.525531,0.010041225,0
Sri Lanka,1984,1.3161422,2.049565,0.090422,0.21098463,14.949769,0.010046887,0
Sri Lanka,1985,1.1659585,2.0102732,0.080410935,0.20102733,14.765457,0.0,0
Sri Lanka,1986,0.96529484,1.9406449,0.07038608,0.17093764,14.559864,0.0,0
Sri Lanka,1987,1.1566619,1.860717,0.09052137,0.15086895,15.167357,0.010057929,0
Sri Lanka,1988,1.2879564,1.5898212,0.09055944,0.14087023,15.8479,0.0,0
Sri Lanka,1989,1.3893744,1.5202575,0.08054344,0.120815165,15.283119,0.0,0
Sri Lanka,1990,1.349339,1.64136,0.090627246,0.110766634,15.2656555,0.0,0
Sri Lanka,1991,1.4093568,1.8422309,0.120802015,0.120802015,17.30489,0.0,0
Sri Lanka,1992,1.6601613,2.1129324,0.11067742,0.14086217,17.034262,0.0,0
Sri Lanka,1993,2.2017193,1.9403279,0.09048162,0.14074919,16.08562,0.0,0
Sri Lanka,1994,2.8022764,1.9585803,0.11048401,0.17074803,16.522383,0.0,0
Sri Lanka,1995,3.000598,2.0171244,0.120425336,0.17060256,17.973482,0.0,0
Sri Lanka,1996,3.0876477,1.8245193,0.12029797,0.14034763,19.648668,0.0,0
Sri Lanka,1997,3.1742752,1.792414,0.11014834,0.16021577,21.478928,0.0,0
Sri Lanka,1998,3.222636,1.5612769,0.11009005,0.1401146,21.777813,0.0,0
Sri Lanka,1999,3.144136,1.4719362,0.09011855,0.13017122,22.53965,0.0,0
Sri Lanka,2000,3.442719,1.716341,0.09033374,0.14051914,22.42284,0.0,0
Sri Lanka,2001,4.4170823,1.629994,0.10061692,0.120740294,20.505726,0.0,0
Sri Lanka,2002,4.545469,1.6428189,0.0907078,0.120943725,20.399176,0.0,0
Sri Lanka,2003,4.687791,1.6973035,0.11113297,0.10102998,22.519583,0.0,0
Sri Lanka,2004,4.9622397,1.6304501,0.10127019,0.111397214,22.238934,0.0,0
Sri Lanka,2005,5.0501504,1.6732426,0.101408646,0.101408646,16.722284,0.0,0
Sri Lanka,2006,4.043672,1.530312,0.121614195,0.111479685,19.468405,0.0,0
Sri Lanka,2007,5.166842,1.3751281,0.09100113,0.101112366,21.243708,0.010111236,0
Sri Lanka,2008,5.1720705,1.280415,0.010082008,0.08065607,20.98066,0.010082008,0
Sri Lanka,2009,4.868242,1.3377607,0.01005835,0.0804668,21.534927,0.0,0
Sri Lanka,2010,4.900001,1.6200004,0.020000003,0.08000001,25.450006,0.0,0
Sri Lanka,2011,4.9499984,1.3199997,0.019999994,0.08999998,29.049992,0.0,0
Sri Lanka,2012,6.04,1.37,0.07,0.09,29.69,0.0,0
Sri Lanka,2013,6.3599997,1.2899998,0.07999999,0.07999999,29.579996,0.0,0
Sri Lanka,2014,6.7100043,1.1500007,0.070000045,0.070000045,30.570019,0.0,0
Sri Lanka,2015,7.6900024,1.2400005,0.07000002,0.08000003,31.230011,0.0,0
Sri Lanka,2016,8.469998,1.2199998,0.059999987,0.069999985,31.349995,0.0,0
Sri Lanka,2017,8.849998,1.1299998,0.04999999,0.08999998,30.189993,0.0,0
Sri Lanka,2018,9.09,1.19,0.059999995,0.089999996,28.999998,0.0,0
Sri Lanka,2019,8.599998,1.1599997,0.049999993,0.10999998,29.379993,0.0,0
Sri Lanka,2020,10.410002,1.3400003,0.06000001,0.09000002,29.290007,0.0,0
Sri Lanka,2021,10.560001,1.2600001,0.09000001,0.080000006,29.210001,0.0,0
Sudan,2012,1.3499999,8.919999,0.0,8.7699995,1.3199999,3.9499998,0
Sudan,2013,1.3799996,9.119998,0.0,9.019999,1.1899998,4.0099993,0
Sudan,2014,1.3400002,9.090001,0.0,10.140001,1.1100001,4.03,0
Sudan,2015,1.3600003,9.180002,0.0,8.630002,1.1000003,4.050001,0
Sudan,2016,1.3600001,9.180001,0.0,8.4800005,1.1100001,3.9200006,0
Sudan,2017,1.3600003,8.910002,0.0,8.090002,1.1600002,3.5400007,0
Sudan,2018,1.6199998,8.249999,0.0,7.879999,1.2599999,3.4499996,0
Sudan,2019,1.7399999,8.02,0.0,7.3899994,1.17,3.3799999,0
Sudan,2020,1.6800001,7.850001,0.0,7.3900003,1.1400001,3.3100002,0
Sudan,2021,1.7499998,7.669999,0.0,7.249999,1.1099999,3.2499998,0
Sudan (former),1961,0.6983796,8.883799,,5.7924423,1.3043265,4.467575,0
Sudan (former),1962,0.6760837,8.9325,,5.8696356,1.3726548,4.353569,0
Sudan (former),1963,0.8275085,8.969784,,5.618885,1.4813424,4.423595,0
Sudan (former),1964,0.95636857,8.993935,,5.6568184,1.444727,4.293484,0
Sudan (former),1965,0.99254584,9.003809,,5.529898,1.4989468,4.1929994,0
Sudan (former),1966,0.91952634,9.205367,,5.5474715,1.5763308,4.8603535,0
Sudan (former),1967,0.89805275,9.747404,,5.701122,1.533753,4.883793,0
Sudan (former),1968,0.8868601,10.390372,,5.835136,1.6225508,4.8575745,0
Sudan (former),1969,0.86638653,10.134707,,5.611364,1.5816592,4.6341605,0
Sudan (former),1970,0.8568693,9.969926,,5.534367,1.5322838,4.405316,0
Sudan (former),1971,0.84670514,9.979025,,5.433025,1.4716543,4.3141646,0
Sudan (former),1972,0.83604306,9.820988,,5.2982974,1.4504845,4.190288,0
Sudan (former),1973,0.81500506,9.769999,,5.413244,1.4992069,4.1152725,0
Sudan (former),1974,0.81148607,9.647668,,5.600256,1.3725135,3.8570633,0
Sudan (former),1975,0.78615326,10.478726,,5.891174,1.3235239,3.8909612,0
Sudan (former),1976,0.7613143,10.569415,,5.9619813,1.3842078,3.727474,0
Sudan (former),1977,0.7462776,10.663914,,5.891665,1.2765274,3.6037352,0
Sudan (former),1978,0.75058293,10.683622,,5.9461765,1.374444,3.4019928,0
Sudan (former),1979,0.7454855,11.259735,,6.1284714,1.384473,3.185256,0
Sudan (former),1980,0.7791534,11.264057,,6.050463,1.2312548,3.3859506,0
Sudan (former),1981,0.8511481,11.801313,,5.5754986,1.281504,2.9933639,0
Sudan (former),1982,0.8192683,10.993437,,4.134447,1.3146397,2.8388598,0
Sudan (former),1983,0.8208969,9.93667,,4.0758486,1.250436,2.6535969,0
Sudan (former),1984,0.7989606,10.935171,,4.24508,1.26101,2.5990286,0
Sudan (former),1985,0.80666053,10.991965,,4.276273,1.127381,2.6532328,0
Sudan (former),1986,0.811553,10.022191,,3.6079888,0.9582193,2.4542146,0
Sudan (former),1987,0.8171708,8.348926,,3.6428096,1.0928429,2.5401213,0
Sudan (former),1988,0.81090707,8.1190815,,3.9243898,1.1312654,2.532833,0
Sudan (former),1989,0.82435733,8.294459,,4.0200143,1.2619791,2.5951989,0
Sudan (former),1990,0.840698,8.447989,,4.049704,1.2918043,2.593861,0
Sudan (former),1991,0.85646,8.791614,,4.7156897,1.3208057,2.5384235,0
Sudan (former),1992,0.86504656,8.452443,,5.700969,1.3236254,2.814007,0
Sudan (former),1993,0.8735001,7.882549,,6.3881273,1.4838977,2.9783196,0
Sudan (former),1994,0.86477447,7.603688,,7.2345767,1.5924506,3.1954472,0
Sudan (former),1995,0.874946,7.811265,,8.106428,1.5706862,3.394369,0
Sudan (former),1996,0.91845876,7.6749372,,7.864963,1.5729927,3.6104932,0
Sudan (former),1997,0.8344439,8.196563,,8.967631,1.5949497,3.802529,0
Sudan (former),1998,0.8156162,8.431565,,10.412347,1.6418247,3.9827492,0
Sudan (former),1999,0.8054945,8.669665,,11.372311,1.6003904,4.0274725,0
Sudan (former),2000,0.8016136,9.070891,,11.623398,1.6770601,4.0186157,0
Sudan (former),2001,0.79784566,9.553153,,11.852208,1.7741569,3.9157426,0
Sudan (former),2002,0.7946,9.472468,,11.856269,1.7042079,3.7952607,0
Sudan (former),2003,0.82282144,9.665547,,11.717394,1.6873047,3.8537207,0
Sudan (former),2004,1.027118,9.389311,,11.57842,1.7222381,3.8179739,0
Sudan (former),2005,0.8259495,9.395176,,12.513135,1.569304,3.3554199,0
Sudan (former),2006,0.667054,9.123247,,11.5964775,1.6317167,4.361507,0
Sudan (former),2007,0.6931334,8.592816,,11.365349,1.7837992,4.3830495,0
Sudan (former),2008,0.6786167,8.335843,,11.739056,1.7725062,4.1426005,0
Sudan (former),2009,0.6848466,8.097303,,10.957545,1.843043,4.139293,0
Suriname,1961,13.132381,13.979286,0.8683452,0.22512653,32.72911,0.32160935,1
Suriname,1962,12.767796,13.896559,0.9583833,0.2555689,26.685652,0.3301098,1
Suriname,1963,12.312127,18.878597,0.95760995,0.2209869,26.286919,0.32621878,1
Suriname,1964,12.897307,16.009733,0.8743937,0.18737009,23.056929,0.32269293,1
Suriname,1965,12.4183855,13.380009,0.9512835,0.1654406,24.80575,0.28952107,1
Suriname,1966,12.809027,13.457716,1.1120378,0.13385639,22.117195,0.24711949,1
Suriname,1967,13.064123,12.114191,1.4810773,0.13278623,20.346937,0.17364354,1
Suriname,1968,13.242489,12.846433,1.6350006,0.121863395,21.082367,0.19295037,1
Suriname,1969,13.213465,16.316626,2.192234,0.09009181,30.280857,0.23023462,1
Suriname,1970,12.9930935,11.015245,2.2128403,0.088121966,24.272705,0.3720705,1
Suriname,1971,12.897901,10.140879,2.5185251,0.08585881,20.84461,0.3529751,1
Suriname,1972,13.22948,9.983096,2.3362696,0.08444349,27.978941,0.44098264,1
Suriname,1973,14.273567,9.72731,2.7165523,0.09335231,21.741753,0.3080626,1
Suriname,1974,16.176456,10.1300535,3.125526,0.10232376,21.311249,0.23255402,1
Suriname,1975,16.884684,7.073188,4.4555516,0.10210639,19.595144,0.10210639,1
Suriname,1976,15.965719,13.121358,3.8515432,0.10258347,15.21033,0.08393193,1
Suriname,1977,17.020124,13.012068,3.1801007,0.10349439,16.201576,0.07526865,1
Suriname,1978,22.094053,14.545093,3.6982281,0.085783646,17.328295,0.59095395,1
Suriname,1979,23.09704,13.918193,3.0660646,0.08704916,16.142782,0.0,1
Suriname,1980,23.396805,12.586271,3.024608,0.107324794,16.254827,0.0,1
Suriname,1981,22.555174,16.052254,3.0952337,0.10740558,16.003431,0.0,1
Suriname,1982,22.940138,17.156336,2.6334343,0.07802768,13.557309,0.0,1
Suriname,1983,22.81898,16.724167,3.0425305,0.07801361,14.695812,0.0,1
Suriname,1984,23.148827,13.319569,3.6069782,0.09722313,7.9917417,0.0,1
Suriname,1985,27.016615,13.323794,4.0398674,0.08740099,7.128036,0.0,1
Suriname,1986,25.517815,10.059534,3.447041,0.10680973,5.524976,0.0,0
Suriname,1987,24.09529,5.4314356,3.2666621,0.12676598,8.278794,0.0,0
Suriname,1988,25.682379,6.1469617,3.4399533,0.19545189,6.3815045,0.42999417,0
Suriname,1989,26.622656,4.936651,4.0453115,0.18610391,11.724546,0.53872186,1
Suriname,1990,28.358177,5.6400824,4.0821576,0.20706597,11.44779,1.2818369,1
Suriname,1991,23.202137,11.059983,4.805235,0.21841976,12.896694,1.052386,1
Suriname,1992,21.203129,7.490507,3.5854561,0.18975951,13.173305,0.15979749,0
Suriname,1993,17.958445,7.056896,3.5033524,0.21080343,12.51771,0.16061214,0
Suriname,1994,13.528448,5.9073553,3.8508697,0.20161621,13.457883,0.26210105,0
Suriname,1995,19.728006,8.3287115,2.4685097,0.19065724,12.7740345,0.3712799,0
Suriname,1996,22.695522,7.8274155,3.754371,0.14937817,12.985941,0.19917087,1
Suriname,1997,25.22439,9.743539,3.8083882,0.14837877,11.909868,0.098919176,1
Suriname,1998,26.694084,9.527281,3.93283,0.13764904,13.263469,0.088488676,1
Suriname,1999,29.400875,8.692178,2.7572486,0.13688469,11.517868,0.29332432,1
Suriname,2000,27.697632,7.8189025,3.3439941,0.08774329,14.087672,0.15598807,1
Suriname,2001,27.910185,6.1720715,3.7944655,0.09704515,15.304021,0.28143093,1
Suriname,2002,28.654085,5.626233,4.5900764,0.11620447,15.406776,0.27114376,1
Suriname,2003,26.941381,4.446729,4.659399,0.106334835,15.853557,0.2610037,1
Suriname,2004,27.045153,4.740867,5.397444,0.10621088,16.298542,0.45381013,1
Suriname,2005,27.061686,4.649109,6.1406975,0.0677995,16.765846,0.92013603,1
Suriname,2006,28.469643,5.1657457,6.3943033,0.067715764,16.464605,1.1608417,0
Suriname,2007,30.515495,7.138636,7.863126,0.06761902,16.325161,0.9853056,0
Suriname,2008,31.443665,8.130985,6.375541,0.06751708,15.721832,1.0224013,0
Suriname,2009,30.660969,7.5496855,7.828947,0.067407906,16.254934,0.9629701,0
Suriname,2010,35.17968,9.739911,7.7499294,0.05999945,16.809847,0.1299988,1
Suriname,2011,34.82975,9.339932,6.689952,0.06999949,16.419882,0.17999871,1
Suriname,2012,34.839935,8.749984,7.9699855,0.06999987,17.23997,0.2099996,1
Suriname,2013,34.279877,7.499974,8.469971,0.28999898,17.399939,0.10999961,1
Suriname,2014,34.239582,8.349897,8.049901,0.10999864,16.839792,0.09999877,1
Suriname,2015,33.640114,7.330025,7.6100264,0.040000137,16.890057,0.12000041,1
Suriname,2016,32.549328,4.6799035,7.599843,0.04999897,16.869654,0.13999711,0
Suriname,2017,32.02967,5.1499476,7.1899266,0.03999959,17.63982,0.18999806,0
Suriname,2018,44.999317,5.389918,6.249905,0.039999392,16.99974,0.28999558,1
Suriname,2019,49.249588,5.6399527,8.569928,0.02999975,17.469854,0.15999866,1
Suriname,2020,48.70016,5.490018,8.710029,0.040000133,17.270058,0.16000053,1
Suriname,2021,48.160076,4.7700076,7.740012,0.040000062,17.110027,0.080000125,1
Sweden,1961,2.6966631,19.545813,24.919165,0.27965397,25.987843,3.146107,1
Sweden,1962,2.4078903,20.432098,25.01808,0.23978989,26.556732,2.9274352,1
Sweden,1963,2.6882598,19.207565,24.704006,0.2598318,25.13373,2.8481562,1
Sweden,1964,2.6969037,19.128038,25.980171,0.3096445,25.24102,2.85672,1
Sweden,1965,2.8645387,18.29512,26.798908,0.28944817,25.601192,2.5750906,1
Sweden,1966,2.8441775,19.829407,25.427944,0.34928495,26.73527,2.8441775,1
Sweden,1967,3.5946817,18.342863,27.129862,0.3295125,26.38097,2.4863214,1
Sweden,1968,3.7496333,18.538189,27.70729,0.38996187,27.237337,2.4597595,1
Sweden,1969,3.2254298,18.721516,26.654871,0.46077567,26.955376,2.5843503,1
Sweden,1970,3.2084901,18.398685,28.53551,0.56148577,28.726013,2.4063678,1
Sweden,1971,3.356712,16.69338,29.418827,0.4909818,28.166323,2.0040073,1
Sweden,1972,3.9020574,15.178002,28.304924,0.4802532,27.684595,1.8709865,1
Sweden,1973,4.164408,15.998519,28.022373,0.5692357,26.314667,2.0073047,1
Sweden,1974,4.755936,18.275955,30.858747,0.618172,26.601336,1.8545159,1
Sweden,1975,4.751784,19.096792,32.20654,0.58774686,27.753607,2.0322094,1
Sweden,1976,4.833538,20.07164,34.18358,0.6677259,27.008017,1.883585,1
Sweden,1977,4.2600574,18.706343,35.018272,0.6983701,27.306273,2.0751567,1
Sweden,1978,4.894495,18.51917,35.080544,0.66924727,26.670004,2.3074048,1
Sweden,1979,4.9793777,18.057741,36.685413,0.65991753,26.356705,2.7696538,1
Sweden,1980,5.1795254,18.728285,36.086697,0.6699387,27.027525,2.9297318,1
Sweden,1981,5.415646,18.125427,35.5714,0.67945373,24.9999,3.1774454,1
Sweden,1982,5.268779,16.195507,34.26702,0.7084911,26.184233,3.6622005,1
Sweden,1983,5.480837,17.488852,33.88154,0.7174914,25.989132,3.2586067,1
Sweden,1984,5.137018,16.615667,31.718103,0.72674876,25.86429,3.2255697,1
Sweden,1985,5.4247193,15.75657,32.797157,0.7166602,25.630554,3.3643215,1
Sweden,1986,5.238866,15.945673,32.608456,0.6872276,26.323807,2.77879,1
Sweden,1987,5.1852098,17.131136,32.15827,0.7279237,26.753689,3.081211,1
Sweden,1988,5.1731887,16.737963,33.16633,0.73902696,28.28276,3.1658318,1
Sweden,1989,5.020601,16.992033,33.383995,0.7700921,28.053356,3.110372,1
Sweden,1990,6.057497,16.981016,32.14979,0.73090464,27.534077,3.1038413,1
Sweden,1991,6.7278247,16.854654,31.623785,0.5915673,27.773584,3.3990054,1
Sweden,1992,7.321828,17.04409,33.40521,0.68296885,28.041897,3.1537092,1
Sweden,1993,7.6679106,17.368523,33.489246,0.62389827,28.457811,3.069177,1
Sweden,1994,8.644455,18.11507,34.63827,0.65488297,28.180117,2.7605836,1
Sweden,1995,8.233901,17.677189,36.140476,0.6953968,28.057749,2.5195537,1
Sweden,1996,9.165781,18.784813,35.706257,0.70506,26.540474,2.326698,1
Sweden,1997,8.981841,19.452274,36.611313,0.7241798,29.097946,2.3435261,1
Sweden,1998,8.480983,19.732084,38.25977,0.7627866,27.942078,2.3485796,1
Sweden,1999,11.359375,20.715334,37.32366,0.8414352,27.857515,2.4742203,1
Sweden,2000,10.161097,19.72213,35.883877,0.8300896,28.123037,2.4502647,1
Sweden,2001,11.208968,20.32999,35.19536,0.9190954,29.011446,2.4575813,1
Sweden,2002,13.20775,22.96132,36.598347,0.9084697,30.338892,2.3460479,1
Sweden,2003,12.632443,23.6085,36.859592,0.9778669,32.399326,2.265059,1
Sweden,2004,12.876646,23.618822,37.333298,0.8777265,32.47588,2.174368,1
Sweden,2005,13.926474,23.802698,36.402367,1.0375023,32.49178,2.2346203,1
Sweden,2006,13.897489,23.961187,36.051605,1.1381564,31.598816,2.0666523,1
Sweden,2007,14.771494,23.976194,36.62891,1.1593324,32.741146,1.8489354,1
Sweden,2008,16.099968,23.534573,36.5026,1.2407682,32.4601,2.1613383,1
Sweden,2009,15.414217,23.301493,36.273457,1.3912833,29.987658,2.0919294,1
Sweden,2010,15.860014,23.790022,37.370033,1.2600012,31.160028,2.0800018,1
Sweden,2011,15.690009,24.140015,37.700024,1.3400009,32.73002,2.0400012,1
Sweden,2012,15.460011,23.710014,35.990025,1.3600008,31.690022,1.650001,1
Sweden,2013,16.50999,24.379986,36.49998,1.3999993,33.989983,1.9099989,1
Sweden,2014,16.330004,23.290007,32.770008,1.3700004,34.85001,1.6600004,1
Sweden,2015,16.35001,24.350014,31.990019,1.3700008,33.02002,1.6700009,1
Sweden,2016,16.619999,23.489996,31.679995,1.3799998,31.819994,1.4899998,1
Sweden,2017,16.34,23.149998,30.919998,1.3699999,32.31,1.4299998,1
Sweden,2018,16.56,21.0,30.62,1.38,33.03,0.46,1
Sweden,2019,15.939997,23.359997,29.169994,1.2699997,31.469994,0.20999995,1
Sweden,2020,15.160003,21.920004,28.120005,1.2500002,31.160006,0.13000001,1
Sweden,2021,16.290009,21.58001,27.760012,1.1400005,30.870014,0.15000007,1
Switzerland,1961,4.3563366,23.577805,26.386103,0.68470895,7.571492,1.4686512,1
Switzerland,1962,4.8867483,25.89483,26.645119,0.720672,7.9668803,1.2932607,1
Switzerland,1963,5.4062138,23.75577,27.445412,0.7201708,8.484204,1.3515534,1
Switzerland,1964,5.6599817,25.182962,28.834242,0.73223543,8.549343,1.5832118,1
Switzerland,1965,5.683631,24.75515,28.985523,0.7564903,8.819084,1.5627497,1
Switzerland,1966,6.0383782,24.87332,29.502077,0.9297503,8.287774,1.6295624,1
Switzerland,1967,5.969658,25.978512,30.088278,1.1599336,8.499514,1.659905,1
Switzerland,1968,6.1376276,26.097391,31.905682,0.9979882,9.490868,1.447083,1
Switzerland,1969,6.46694,26.385912,33.16175,1.0064113,9.695427,1.5245637,1
Switzerland,1970,6.6468215,27.465546,34.29201,1.0978234,10.369441,1.6068143,1
Switzerland,1971,6.6388497,27.807068,35.967945,1.0514015,10.524029,1.5921223,1
Switzerland,1972,7.1801233,26.907938,37.262535,1.1516236,11.2859125,1.7424567,1
Switzerland,1973,7.7044373,27.055584,38.99246,1.2207031,10.826236,1.7910316,1
Switzerland,1974,7.0497556,26.099094,38.488667,1.2299573,10.619632,1.5699456,1
Switzerland,1975,6.4981246,24.418106,38.066174,1.0529368,9.987858,1.694727,1
Switzerland,1976,7.1394534,26.097324,39.972874,1.149573,7.4419727,2.0772986,1
Switzerland,1977,7.0468545,26.107689,42.553715,1.2518767,7.9756665,2.2816463,1
Switzerland,1978,6.974651,26.721066,42.592674,1.2781829,8.101868,2.425528,1
Switzerland,1979,7.6355143,28.09709,42.83704,1.3327079,8.677631,2.475029,1
Switzerland,1980,8.010791,28.282185,44.992115,1.3766989,9.666821,2.4940197,1
Switzerland,1981,8.111581,27.207596,44.752865,1.4513369,9.423748,2.3758185,1
Switzerland,1982,8.04661,27.314821,46.126625,1.4585102,9.346372,2.4110067,1
Switzerland,1983,8.266314,26.12036,46.09066,1.3710953,10.034828,2.3845136,1
Switzerland,1984,8.844913,28.01885,43.895866,1.4841126,10.398748,2.5100427,1
Switzerland,1985,9.190312,27.950125,44.853916,1.6464729,10.906636,2.544549,1
Switzerland,1986,9.664334,27.72506,44.877254,1.5574753,11.780904,2.5858083,1
Switzerland,1987,10.448475,27.643051,43.420544,1.5567927,12.484281,2.7742844,1
Switzerland,1988,11.512041,26.054089,43.137756,1.7143472,13.555304,2.372178,1
Switzerland,1989,11.540808,25.75024,42.956898,1.7624874,13.950537,2.4097288,1
Switzerland,1990,10.968068,26.66941,40.69024,1.8495564,14.140158,2.5157945,1
Switzerland,1991,11.426096,27.087385,39.921906,1.8051645,14.679359,2.4399476,1
Switzerland,1992,11.0242405,25.597652,39.16976,1.8638105,13.958751,2.3694189,1
Switzerland,1993,10.757984,24.277483,38.383057,1.8178312,14.00624,2.3343732,1
Switzerland,1994,11.398342,22.727001,35.93713,1.7819242,14.673499,2.3393977,1
Switzerland,1995,11.24586,22.641266,36.698593,1.764643,14.525903,2.2431903,1
Switzerland,1996,12.13334,22.928516,33.76364,1.8674358,14.6199255,2.3567638,1
Switzerland,1997,12.205176,22.199415,33.444183,1.9308188,14.786271,2.2509546,1
Switzerland,1998,12.430091,22.167995,35.078476,1.8615111,15.152301,2.1217222,1
Switzerland,1999,12.201112,22.173847,34.434914,1.788697,15.548674,2.0884786,1
Switzerland,2000,12.78137,20.274584,34.17345,1.99553,15.784642,2.1551723,1
Switzerland,2001,13.426347,20.343855,34.168903,1.7941664,16.38672,2.342384,1
Switzerland,2002,13.724657,20.333195,34.35643,1.8014234,15.516129,2.2492912,1
Switzerland,2003,14.139055,20.20433,33.73686,1.8394692,15.650402,2.0383306,1
Switzerland,2004,14.488686,20.011501,33.495132,1.8409387,16.031094,2.1295183,1
Switzerland,2005,14.07308,20.316702,33.970882,1.7553948,15.86837,2.094505,1
Switzerland,2006,12.912056,20.819439,34.58229,1.7015889,17.005878,2.2521029,1
Switzerland,2007,14.915527,20.49255,34.194374,1.6149293,17.322876,2.1866746,1
Switzerland,2008,15.870509,21.28091,33.845062,1.5830432,17.784187,2.1641605,1
Switzerland,2009,15.95772,21.033356,33.136795,1.5216897,18.070065,1.9521677,1
Switzerland,2010,15.689991,21.569988,33.809982,1.5299991,18.12999,2.039999,1
Switzerland,2011,16.069983,21.59998,33.109966,1.5299984,18.04998,1.949998,1
Switzerland,2012,16.090004,20.850006,31.35001,1.4700004,17.000004,1.8000004,1
Switzerland,2013,16.14,21.3,31.15,1.42,17.83,1.7,1
Switzerland,2014,16.059996,19.769997,31.499992,1.4799997,16.979996,1.6299996,1
Switzerland,2015,15.989991,19.28999,30.389982,1.4799992,17.31999,1.4199991,1
Switzerland,2016,15.949997,19.119997,29.849995,1.4699998,17.649996,1.3799998,1
Switzerland,2017,15.830005,18.560005,29.460007,1.4700005,17.020006,1.3500004,1
Switzerland,2018,17.649998,21.099997,28.469995,1.4799998,16.819998,1.2599998,1
Switzerland,2019,16.809994,19.089993,27.88999,1.3599995,16.139994,1.1599995,1
Switzerland,2020,17.020002,19.440004,28.050003,1.3700002,16.020002,1.0700002,1
Switzerland,2021,17.610003,19.760002,28.230003,1.3300002,15.930002,1.0600001,1
Syria,2010,8.440001,3.5700004,0.0,7.530001,3.0500002,0.16000001,0
Syria,2011,8.239999,3.2099996,0.0,8.229999,3.2299995,0.14999998,0
Syria,2012,6.6899996,3.0799997,0.0,8.219999,2.3899999,0.12999998,0
Syria,2013,6.3799973,3.3099985,0.0,8.209996,2.349999,0.10999995,0
Syria,2014,6.4999995,3.3099997,0.0,8.709999,2.5499997,0.13999999,0
Syria,2015,6.3600006,3.6300004,0.0,9.100001,1.5900002,0.14000002,0
Syria,2016,6.0999994,3.4699996,0.0,9.219999,1.4599999,0.13999999,0
Syria,2017,8.16,2.8999999,0.0,7.4499993,1.4099998,0.13,0
Syria,2018,7.8699985,2.6199994,0.0,7.2799993,1.7399998,0.119999975,0
Syria,2019,7.229999,2.6099997,0.0,6.3099995,1.8999997,0.11999998,0
Syria,2020,6.929999,3.1299996,0.17999999,7.709999,1.8399998,0.11999998,0
Syria,2021,6.430001,2.9800005,0.21000002,8.030001,1.7900002,0.110000014,0
Taiwan,1961,4.279139,0.3247561,16.027668,0.028654948,26.68731,0.0,1
Taiwan,1962,4.1421204,0.524923,15.423193,0.028632166,27.353262,0.0,1
Taiwan,1963,4.0718484,0.69612396,17.193308,0.019071888,27.835423,0.0,1
Taiwan,1964,4.126732,0.67666966,17.688717,0.028591676,29.33506,0.0,1
Taiwan,1965,4.583051,0.3906551,18.427486,0.02858452,29.051401,0.0,1
Taiwan,1966,4.7090406,0.40036377,20.084915,0.028597413,30.961466,0.0,1
Taiwan,1967,5.064672,0.4882765,22.55646,0.028722147,32.01562,0.0,1
Taiwan,1968,5.4580846,0.60752535,22.420578,0.028929777,34.272144,0.0,1
Taiwan,1969,5.645111,0.6013692,22.949026,0.02909851,35.39349,0.0,1
Taiwan,1970,5.6453342,0.60346675,25.559736,0.029200003,31.487335,0.0,1
Taiwan,1971,5.9724336,0.49689087,25.828583,0.029228874,32.824024,0.0,1
Taiwan,1972,7.203639,0.36018196,25.757875,0.029203942,33.224354,0.0,1
Taiwan,1973,7.114258,0.42763296,28.262651,0.029156793,35.765667,0.0,1
Taiwan,1974,7.5059085,0.37869397,26.75133,0.029130304,34.92724,0.0,1
Taiwan,1975,8.05371,1.8847041,22.898184,0.04857485,38.3547,0.0,1
Taiwan,1976,8.663087,1.1680567,27.916553,0.087604254,35.207172,0.029201416,1
Taiwan,1977,11.186714,1.0737684,31.246656,0.06833071,35.287933,0.0,1
Taiwan,1978,12.681941,0.9499215,30.975273,0.097930044,35.89136,0.0,1
Taiwan,1979,12.845159,1.0115072,37.10169,0.22587053,36.64995,0.0,1
Taiwan,1980,13.745959,0.737972,32.077183,0.12791514,35.37346,0.06887739,1
Taiwan,1981,15.003572,1.1427541,31.20901,0.18717524,35.15939,0.019702656,1
Taiwan,1982,15.685408,1.3112253,31.735592,0.28590623,34.54536,0.0,1
Taiwan,1983,18.54821,1.4988452,32.747795,0.21693812,33.092926,0.0,1
Taiwan,1984,18.190008,1.5182986,35.275795,0.3352088,35.45326,0.0,1
Taiwan,1985,17.647594,1.5371438,39.049366,0.3547255,35.29519,0.0,1
Taiwan,1986,17.659666,1.8112478,39.483234,0.45281196,32.208714,0.0,1
Taiwan,1987,19.960987,1.8092718,39.941643,0.51131594,38.16187,0.049164996,1
Taiwan,1988,20.797777,1.9844831,38.78584,0.5698021,38.3241,0.0098241735,1
Taiwan,1989,22.42789,2.7113876,37.92013,0.68767077,41.00483,0.009823868,1
Taiwan,1990,22.849995,2.535612,39.30199,0.59950525,41.021885,0.01965591,1
Taiwan,1991,22.859764,2.9004862,40.341335,0.7472439,40.32167,0.019664312,1
Taiwan,1992,24.98755,3.1382003,40.796604,0.76733416,37.009117,0.049188092,1
Taiwan,1993,27.351685,3.0423577,41.893955,0.7679738,39.028824,0.049229093,1
Taiwan,1994,28.102863,3.281295,42.696255,1.093765,33.82789,0.06897617,1
Taiwan,1995,28.16091,3.4905329,41.985,0.9170044,37.094307,0.0788821,1
Taiwan,1996,30.835587,3.0776398,43.353294,0.9962873,32.8183,0.049321156,1
Taiwan,1997,33.900837,3.8084176,44.655174,1.1346322,36.841015,0.06906457,1
Taiwan,1998,33.40409,3.6117866,41.2395,1.1052462,33.088306,0.049341347,1
Taiwan,1999,34.31998,4.13696,40.234158,1.2045563,33.194412,0.049367066,1
Taiwan,2000,33.859062,3.6567,42.93163,1.1365418,31.803406,0.039531887,1
Taiwan,2001,31.855425,3.3943496,43.38434,1.1182551,29.599125,0.049480315,1
Taiwan,2002,32.163155,3.8357906,42.4514,1.3479782,31.88563,0.039646417,1
Taiwan,2003,32.30585,4.2008533,41.045216,1.1818004,34.25235,0.049655475,1
Taiwan,2004,33.347492,3.4432209,41.428116,1.3633562,28.530966,0.07961204,1
Taiwan,2005,32.32285,3.9880135,41.146328,1.3958046,29.830341,0.07976027,1
Taiwan,2006,33.518677,4.32338,43.563297,1.3379514,28.35658,0.06989298,1
Taiwan,2007,33.01659,4.6980915,41.173275,1.2594885,33.596355,0.11995128,1
Taiwan,2008,34.967743,5.1426096,40.46053,1.3606905,32.00624,0.0900457,1
Taiwan,2009,38.509926,4.5971537,39.83198,0.9815273,29.315617,0.060093507,1
Taiwan,2010,32.75999,5.8599987,38.80999,0.94999975,30.589993,0.059999984,1
Taiwan,2011,33.949993,5.8099985,39.42999,0.92999977,33.809994,0.04999999,1
Taiwan,2012,32.669994,5.179999,38.879993,0.9399999,35.339996,0.05999999,1
Taiwan,2013,30.139997,5.8299994,38.209995,0.93999994,33.439995,0.059999995,1
Taiwan,2014,32.940006,6.0900016,37.56001,0.9600002,33.770008,0.050000012,1
Taiwan,2015,33.730007,5.930001,39.54001,0.96000016,31.660006,0.06000001,1
Taiwan,2016,33.809994,6.7499986,37.88999,0.94999975,29.349995,0.04999999,1
Taiwan,2017,33.439987,6.9299974,38.479984,0.92999965,29.599989,0.049999982,1
Taiwan,2018,35.670002,7.550001,39.160004,0.8800001,29.040005,0.05000001,1
Taiwan,2019,38.809998,8.009999,38.689995,0.8299999,29.809998,0.049999997,1
Taiwan,2020,41.620003,8.430001,38.350002,4.6100006,29.760004,0.05000001,1
Taiwan,2021,39.42001,8.160002,37.700012,4.4900007,29.710007,0.04000001,1
Tajikistan,1992,0.917861,8.71968,0.5077529,3.5347412,0.36128572,0.7030425,0
Tajikistan,1993,0.31435785,6.572044,0.13753156,2.2397995,0.47153676,0.1768263,0
Tajikistan,1994,0.2063459,6.986283,0.088433966,2.014329,0.23582388,0.0,0
Tajikistan,1995,0.09776574,8.622938,0.08798917,1.9064319,0.09776574,0.0,0
Tajikistan,1996,0.029137095,8.945088,0.019424729,1.7870753,0.067986555,0.0,0
Tajikistan,1997,0.019411266,7.8324456,0.019411266,0.54351544,0.07764506,0.0,0
Tajikistan,1998,0.03906565,5.977045,0.068364896,2.17791,0.0781313,0.0,0
Tajikistan,1999,0.07877772,6.174204,0.07877772,2.1368458,0.06893051,0.0,0
Tajikistan,2000,0.078890465,6.5183253,0.13805832,2.0610135,0.06902916,0.0,0
Tajikistan,2001,0.058878295,5.819138,0.22570014,2.0411143,0.08831745,0.0,0
Tajikistan,2002,0.14684127,6.1281757,0.538418,2.3984072,0.13705185,0.0,0
Tajikistan,2003,0.5578272,5.3140373,0.69483733,2.9359324,0.20551527,0.0,0
Tajikistan,2004,0.88184357,4.036884,0.87204534,3.1060493,0.18616699,0.0,0
Tajikistan,2005,1.4144067,3.919085,0.9331155,3.879796,0.15715629,0.0,0
Tajikistan,2006,0.5617275,3.459059,1.1431648,4.0404963,0.33506554,0.0,0
Tajikistan,2007,2.8786683,3.561239,1.582773,4.2141333,0.31655458,0.0,0
Tajikistan,2008,3.5060802,3.5259445,2.244686,4.8568645,0.3575606,0.0,0
Tajikistan,2009,3.8189216,3.589587,1.4059216,4.935682,0.3489876,0.0,0
Tajikistan,2010,3.0299978,3.5199976,0.92999935,5.3799963,0.36999977,0.20999984,0
Tajikistan,2011,2.85,3.53,0.89,5.39,0.52,0.23,0
Tajikistan,2012,2.9399989,6.4799976,0.8999996,5.4799976,0.5099998,0.0,0
Tajikistan,2013,3.0299993,8.3099985,0.82999974,5.5599985,0.5399999,0.0,0
Tajikistan,2014,3.609998,5.6099973,0.82999957,6.009997,0.6099997,0.009999994,0
Tajikistan,2015,3.6399972,11.469992,0.7399995,6.2599955,0.5399996,0.0,0
Tajikistan,2016,3.459998,15.739989,0.4799997,5.889996,0.3399998,0.0,0
Tajikistan,2017,4.2199955,18.759981,0.3999996,7.559992,0.51999944,0.0,0
Tajikistan,2018,3.8499994,21.879997,0.46999994,8.569999,0.65999997,0.0,0
Tajikistan,2019,2.0799983,23.44998,0.47999957,7.3499937,0.6599995,0.0,0
Tajikistan,2020,2.6199996,22.719997,0.47999993,7.129999,0.6499999,0.0,0
Tajikistan,2021,3.4999933,21.719957,0.41999918,6.729987,0.6399988,0.0,0
Tanzania,1961,0.6923433,6.51204,0.30101883,1.8863846,6.5421424,0.4816301,0
Tanzania,1962,0.6724784,6.263082,0.28103572,1.8568432,6.353415,0.47173855,0
Tanzania,1963,0.62253636,6.5165496,0.29118636,1.8575681,6.7976956,0.4518409,0
Tanzania,1964,0.6327589,6.448115,0.29127,1.5869193,8.6878805,0.532321,0
Tanzania,1965,0.6629731,6.40874,0.2812613,1.5670272,8.678921,0.5122974,0
Tanzania,1966,0.69322854,6.711256,0.28131014,1.6476736,8.278555,0.50233954,0
Tanzania,1967,0.73347133,7.0232387,0.27128392,1.6076083,10.29874,0.5626629,0
Tanzania,1968,0.7427318,6.9254723,0.27099675,1.5657588,11.813451,0.5520304,0
Tanzania,1969,0.83114797,6.8594747,0.27037346,1.5120885,10.784897,0.53073305,0
Tanzania,1970,0.8391864,7.113104,0.2697385,1.4785665,12.218154,0.50950605,0
Tanzania,1971,0.89698446,7.375206,0.25912884,1.4351752,12.428219,0.49832472,0
Tanzania,1972,0.94409627,6.409917,0.2683221,1.4608648,10.623568,0.47701707,0
Tanzania,1973,0.9411737,6.6080303,0.2476773,1.3275503,10.8978,0.4656333,0
Tanzania,1974,0.94797355,6.3395734,0.24686812,1.3133384,11.286811,0.46411207,0
Tanzania,1975,0.9737991,6.82643,0.2360725,1.2885624,13.22006,0.4524723,0
Tanzania,1976,0.9793977,6.787226,0.23505545,1.4299207,13.9760065,0.46031693,0
Tanzania,1977,0.97492766,7.3899517,0.23398264,1.4136451,15.569595,0.44846675,0
Tanzania,1978,0.980727,7.282626,0.23304404,1.388554,11.749304,0.43695757,0
Tanzania,1979,0.9879988,7.0225406,0.2324703,1.3754493,9.66689,0.42619556,0
Tanzania,1980,0.8618366,6.3911476,0.23240538,1.3266474,11.8526745,0.43576008,0
Tanzania,1981,0.90152943,6.5530524,0.23265274,1.3377533,11.642331,0.45561165,0
Tanzania,1982,0.8929867,6.8235836,0.11647653,1.3200674,11.133215,0.4659061,0
Tanzania,1983,0.8534919,6.876429,0.2424693,1.270539,11.260274,0.4752398,0
Tanzania,1984,0.8141287,7.0654745,0.36829633,1.2211931,12.667455,0.48460042,0
Tanzania,1985,0.8035354,7.2027755,0.35820255,1.2972741,13.311581,0.4840575,0
Tanzania,1986,0.81132305,7.3019075,0.3477099,1.2652776,13.270927,0.492589,0
Tanzania,1987,0.84781444,7.1197143,0.3468332,1.2331846,14.171989,0.48171276,0
Tanzania,1988,0.8669927,7.494671,0.3467971,1.2041566,15.779267,0.4720294,0
Tanzania,1989,0.9478657,7.592598,0.33852348,1.1993403,14.740279,0.47393286,0
Tanzania,1990,0.96276146,7.2936473,0.3403702,1.1961582,15.734829,0.46679342,0
Tanzania,1991,1.0871359,7.4434533,0.3427906,1.1948701,12.105405,0.4603188,0
Tanzania,1992,1.0961263,7.4358835,0.3357504,1.1948764,11.731514,0.4542505,0
Tanzania,1993,1.2363001,7.378239,0.32638323,1.1967386,11.166263,0.44506803,0
Tanzania,1994,1.0507921,7.1984167,0.31425557,1.1784585,9.093771,0.4321014,0
Tanzania,1995,1.1562119,8.05429,0.32334742,1.2248008,10.886029,0.43112987,0
Tanzania,1996,1.047721,6.2369056,0.33606148,1.1959835,9.3998375,0.41513476,0
Tanzania,1997,1.1427695,6.0715837,0.3477994,1.182518,10.086182,0.40742216,0
Tanzania,1998,1.2007841,6.063463,0.3671819,1.1610886,8.861985,0.3969534,0
Tanzania,1999,1.2282745,7.755959,0.38631213,1.1787473,8.082838,0.39621758,0
Tanzania,2000,1.2438146,6.683036,0.38499025,1.1450992,7.4530168,0.38499025,0
Tanzania,2001,1.4385846,5.1138725,0.3744261,1.1528382,7.7644153,0.39413276,0
Tanzania,2002,1.5562034,5.0133386,0.36442736,1.1228302,7.5249324,0.4136743,0
Tanzania,2003,1.6837589,4.8937316,0.3643221,1.1323524,7.532605,0.42340136,0
Tanzania,2004,1.6834375,4.804196,0.39378655,1.112447,6.792818,0.42332053,0
Tanzania,2005,1.7915964,5.187754,0.3543817,1.1025208,7.3042006,0.43313318,0
Tanzania,2006,1.7527899,5.130357,0.34464967,0.9847134,6.440026,0.46281528,0
Tanzania,2007,1.8826891,4.337085,0.32528138,1.0349861,7.9053235,0.46327952,0
Tanzania,2008,1.8375742,5.127425,0.3457801,1.0274608,5.0286307,0.4050567,0
Tanzania,2009,1.8068364,5.1226783,0.3573962,1.0126225,6.0558796,0.4268899,0
Tanzania,2010,1.7,5.4,0.36,1.06,6.35,0.41,0
Tanzania,2011,1.75,5.66,0.33,1.16,6.11,0.43,0
Tanzania,2012,1.8000001,5.7700005,0.30000004,1.2000002,6.6400003,0.44000003,0
Tanzania,2013,1.8999997,5.999999,0.29999995,1.1899999,7.109999,0.44999993,0
Tanzania,2014,2.05,6.25,0.33,1.29,6.23,0.47,0
Tanzania,2015,2.1299999,6.4699993,0.33999997,1.3399999,7.1799994,0.48999998,0
Tanzania,2016,2.01,6.5699997,0.29999998,1.1899999,6.8399997,0.49999997,0
Tanzania,2017,1.2099998,6.889999,0.28999993,1.1199999,6.839999,0.44999993,0
Tanzania,2018,1.3999999,7.0499997,0.28,1.15,6.4699993,0.44999996,0
Tanzania,2019,0.80999994,7.659999,0.25999996,1.1699998,7.1199994,0.39999998,0
Tanzania,2020,1.42,7.89,0.63,1.55,6.91,0.41,0
Tanzania,2021,1.5099999,7.9799995,0.65999997,1.5299999,6.6999993,0.41999996,0
Thailand,1961,3.3443017,7.1722403,4.7128925,0.010290159,9.003889,0.0,0
Thailand,1962,3.3954437,7.2950597,4.6713076,0.010289223,10.392117,0.0,0
Thailand,1963,3.6623309,7.232075,4.464752,0.010287447,11.768839,0.0,0
Thailand,1964,3.918844,7.1588335,5.1634116,0.01028568,12.774815,0.0,0
Thailand,1965,4.16463,7.1055784,4.8535933,0.010283037,14.396252,0.0,0
Thailand,1966,4.4831057,7.033129,5.1514587,0.010282353,15.917081,0.0,0
Thailand,1967,4.7823467,7.0038238,5.1731625,0.010284617,20.497242,0.0,1
Thailand,1968,5.1241593,6.9042387,5.474002,0.010289476,23.254217,0.0,1
Thailand,1969,5.467741,6.868142,5.601603,0.010297065,22.293144,0.0,1
Thailand,1970,5.8937607,6.728367,5.8731527,0.010303778,24.718761,0.0,1
Thailand,1971,5.589486,6.4866915,4.475714,0.010312704,25.43113,0.0,1
Thailand,1972,5.6262603,6.214695,4.6248894,0.010323414,23.950321,0.0,1
Thailand,1973,7.1184554,6.333256,5.382751,0.010331576,21.644651,0.0,1
Thailand,1974,6.472904,6.5969853,4.766787,0.010340102,19.894356,0.0,0
Thailand,1975,7.0160956,6.7366934,4.273816,0.010348223,20.872366,0.0,0
Thailand,1976,6.5774045,6.867432,4.060382,0.0103581175,22.3321,0.0,0
Thailand,1977,7.16228,6.778772,4.2082286,0.010365094,22.979414,0.0,1
Thailand,1978,7.961431,6.8522215,7.256513,0.010366446,21.59331,0.0,1
Thailand,1979,7.8677406,6.613463,5.6805296,0.010365929,19.498312,0.0,0
Thailand,1980,7.156446,6.0172143,5.841151,0.010356652,17.689161,0.0,0
Thailand,1981,7.7452984,6.597464,5.8425817,0.010340853,19.978527,0.0,0
Thailand,1982,7.7741566,6.7623806,5.864171,0.010324244,20.617517,0.0,0
Thailand,1983,8.637308,6.6892757,4.493874,0.01030705,23.27332,0.0,0
Thailand,1984,7.9048553,6.494745,5.568394,0.010292781,20.626734,0.0,0
Thailand,1985,8.3095,6.3555326,7.4559245,0.010284034,21.092554,0.0,0
Thailand,1986,8.329586,6.2728977,5.3576717,0.0102834385,21.574654,0.0,0
Thailand,1987,8.446826,6.070192,6.203942,0.02057692,20.96788,0.0,0
Thailand,1988,8.869516,5.875283,6.235414,0.020578923,20.331978,0.0,0
Thailand,1989,9.219165,5.827499,6.1563873,0.02055555,20.709717,0.0,0
Thailand,1990,9.29246,5.7168612,9.0978,0.020490542,20.500788,0.0,0
Thailand,1991,12.231899,5.6674466,9.143345,0.020386498,23.291576,0.0,1
Thailand,1992,14.653479,6.795082,8.648286,0.030380396,27.210709,0.0,1
Thailand,1993,14.945647,6.9552035,8.653801,0.020101745,28.051985,0.0,1
Thailand,1994,13.722079,6.3870044,9.570527,0.019959388,29.430119,0.0,1
Thailand,1995,13.568591,6.0150447,9.161528,0.019851632,31.206766,0.0,1
Thailand,1996,14.165625,5.3615704,8.625995,0.009892195,31.57589,0.0,1
Thailand,1997,13.77111,4.6496005,8.756254,0.009871763,29.190804,0.0,1
Thailand,1998,14.677034,4.073666,8.384058,0.019727197,30.04452,0.0,1
Thailand,1999,13.628724,3.6415634,8.082494,0.01973747,30.790455,0.0,1
Thailand,2000,12.336808,3.1533992,10.844134,0.019770527,30.970531,0.0,1
Thailand,2001,12.009388,2.288918,10.760887,0.019817472,30.320734,0.0,1
Thailand,2002,11.851131,2.1755219,11.950469,0.01986778,31.490433,0.0,1
Thailand,2003,12.155533,2.16032,13.141117,0.019910783,30.682516,0.0,1
Thailand,2004,10.892486,2.2921057,13.204523,0.029897032,32.99636,0.0,1
Thailand,2005,11.982049,2.3007925,13.396389,0.029880421,33.774837,0.0,1
Thailand,2006,12.388108,2.414042,13.92793,0.029802985,32.63427,0.0,1
Thailand,2007,12.231216,2.6993713,15.405203,0.039551225,28.704304,0.0,0
Thailand,2008,11.638956,2.9490597,13.211787,0.039320797,25.15548,0.0,0
Thailand,2009,11.630346,2.980887,11.737854,0.0293202,26.309994,0.0,0
Thailand,2010,11.760001,3.2200003,13.080001,0.040000003,24.300001,0.0,0
Thailand,2011,11.710001,2.8500001,13.040001,0.040000003,26.330002,0.0,0
Thailand,2012,13.04,2.74,13.15,0.04,25.72,0.02,0
Thailand,2013,13.87,2.77,13.13,0.04,26.59,0.03,0
Thailand,2014,16.779999,1.7899998,13.089999,0.049999997,23.259998,0.059999995,0
Thailand,2015,13.869998,1.8699998,13.099998,0.049999993,23.479996,0.06999999,0
Thailand,2016,13.170001,1.7000002,13.200001,0.050000004,27.710001,0.080000006,0
Thailand,2017,12.689999,1.8199999,13.259999,0.049999997,27.159998,0.099999994,0
Thailand,2018,11.899998,1.4399998,13.3099985,0.049999993,29.779997,0.119999975,0
Thailand,2019,12.299998,1.6499997,12.149998,0.049999993,28.779997,0.05999999,0
Thailand,2020,11.569999,1.2299999,12.829999,0.039999995,28.709995,0.06999999,0
Thailand,2021,11.33,1.45,13.11,0.04,28.659998,0.059999995,0
Togo,1961,0.5711236,1.7704831,1.4944401,1.0851349,3.0935862,2.9793615,0
Togo,1962,0.54811066,1.7104833,1.5687306,1.1623727,3.2508636,2.929557,0
Togo,1963,0.648401,1.7384665,1.6350982,1.212228,5.845006,2.8755176,0
Togo,1964,0.721934,2.2595599,1.7813957,1.2938558,6.881813,2.2595599,0
Togo,1965,0.7510433,2.1968017,1.7555637,1.3894302,7.8014627,2.1968017,0
Togo,1966,0.85756755,2.1580546,1.6868635,1.4418442,9.093985,2.1203592,0
Togo,1967,0.8624958,2.1704564,1.5638659,1.4122183,10.86176,2.0472429,0
Togo,1968,0.84950155,1.8326325,1.6894581,1.3553845,8.628645,1.966262,0
Togo,1969,0.8157309,1.9193668,1.5354935,1.2187979,11.266683,1.8905764,0
Togo,1970,0.84740764,2.0800006,1.2614818,1.2133336,9.475558,1.8200005,0
Togo,1971,0.87740284,1.6873132,1.282358,1.0220296,9.072924,1.7644475,0
Togo,1972,0.98380363,1.7747047,1.3213834,1.2731577,8.603459,1.7168338,0
Togo,1973,0.9054358,2.0035174,1.4544766,1.2233015,9.930897,1.6760194,0
Togo,1974,1.0003823,1.875717,1.4140021,1.2793353,10.311634,1.6352406,0
Togo,1975,1.0274851,1.9781489,1.4403998,1.3635783,11.071873,1.5940423,0
Togo,1976,0.9205218,1.7163895,1.4862591,1.3424276,10.183272,1.5533805,0
Togo,1977,1.4937978,1.6182811,1.3693147,1.2256804,8.713821,1.5225248,0
Togo,1978,1.3676696,1.5876445,1.3867979,1.2815925,11.716051,1.482439,0
Togo,1979,1.3591893,1.5219091,1.3017588,1.1198953,7.6478324,1.445335,0
Togo,1980,1.6681988,1.5243886,1.0737832,0.8724488,10.009192,1.4093404,0
Togo,1981,2.181653,1.78761,1.2013508,0.8361402,11.177368,1.3647345,0
Togo,1982,2.7382236,2.468258,1.1473542,1.0605795,10.403321,1.3209037,0
Togo,1983,2.2937198,2.1969383,1.1033082,0.9194235,9.620073,1.2775148,0
Togo,1984,2.0303528,3.58469,1.0491776,1.0103191,9.27745,1.2337551,0
Togo,1985,1.5599525,3.3538978,1.345459,1.082217,11.134161,1.1992135,0
Togo,1986,2.7092938,3.7754056,0.9780844,1.3595372,9.673255,1.1639205,0
Togo,1987,3.1252692,3.1350663,0.9993024,1.4401711,12.040614,1.1952441,0
Togo,1988,3.8902116,2.5575445,1.4992503,1.7344267,13.473655,1.1268874,0
Togo,1989,3.4268496,2.2323477,1.6253058,1.6350968,12.992656,1.1357558,0
Togo,1990,1.9448404,1.4170948,1.3486834,1.9839327,13.135002,1.0848105,0
Togo,1991,1.8903004,1.169258,1.5687544,1.6564488,11.536678,1.0425884,0
Togo,1992,2.2515066,1.1548678,1.5818776,1.2033916,9.937685,0.9801818,0
Togo,1993,2.2419794,1.1910516,1.5513697,1.100972,9.72859,1.0909632,0
Togo,1994,2.3598883,1.4506673,1.5323951,1.0011648,13.311405,1.1748362,0
Togo,1995,2.3524308,1.3313758,1.131169,0.7707965,11.822217,1.2012414,0
Togo,1996,2.67715,1.5114537,0.9681207,1.0866661,16.339508,1.2150903,0
Togo,1997,2.9225376,1.4416544,1.0689819,1.2258966,13.994836,1.255318,0
Togo,1998,2.7755525,1.3095918,1.1629957,1.2802725,10.476734,1.1727687,0
Togo,1999,2.5127172,1.3829684,1.1979234,1.3440117,11.16114,1.1102705,0
Togo,2000,3.895464,1.3405836,1.2240111,1.4182986,9.762945,1.146296,0
Togo,2001,3.8904274,1.5910974,1.2903411,1.4261665,8.246541,0.8925668,0
Togo,2002,4.065013,1.6201841,1.2903262,1.3679398,6.7232785,0.941065,0
Togo,2003,4.365523,1.493979,1.3290592,1.3387604,8.119873,0.94101274,0
Togo,2004,3.8798156,1.4549308,1.3579354,1.4064332,6.644184,0.95055485,0
Togo,2005,3.7731252,1.4937307,1.3967353,1.6683227,8.5356045,0.9505559,0
Togo,2006,3.9298947,1.8584723,1.4325725,1.6939201,7.075746,0.6291703,0
Togo,2007,4.081338,1.5920112,1.4376343,1.6595511,6.4645305,0.77188426,0
Togo,2008,5.368824,1.49134,1.5009615,1.6164201,5.3495812,0.83707476,0
Togo,2009,5.4923787,1.5363299,1.5363299,1.6515546,6.587014,0.9698082,0
Togo,2010,6.2999887,1.5099972,1.8099967,1.639997,11.14998,0.8899984,0
Togo,2011,6.409995,1.4899989,1.8699986,1.6099988,12.53999,0.8299994,0
Togo,2012,6.630006,1.5600014,2.020002,1.3400012,11.720011,0.74000067,0
Togo,2013,6.6199923,1.2199986,2.1799977,1.4099984,11.129988,0.75999916,0
Togo,2014,6.409999,1.5699998,2.1399999,1.6499997,10.339998,0.7999999,0
Togo,2015,7.309998,1.3499997,2.2999992,1.5799996,12.619996,0.7999998,0
Togo,2016,7.2699895,1.0299985,2.4099967,1.3799981,11.779983,0.7999989,0
Togo,2017,7.120001,0.77000004,2.5300002,1.4000001,12.330001,0.7900001,0
Togo,2018,7.45,0.74,2.48,1.43,8.77,0.78,0
Togo,2019,8.059998,0.8199997,2.299999,1.4999994,9.379996,0.7999997,0
Togo,2020,4.759999,0.67999977,1.7299994,1.6699994,9.159997,0.74999976,0
Togo,2021,4.7000003,0.68000007,1.7900002,1.5100002,8.940001,0.7400001,0
Trinidad and Tobago,1961,10.649618,6.40977,7.069747,1.029963,13.389521,0.9999642,1
Trinidad and Tobago,1962,11.290511,5.8499026,7.2674556,0.948363,15.07398,1.0981046,1
Trinidad and Tobago,1963,11.678963,6.525894,7.291891,1.0843331,14.354979,1.044541,1
Trinidad and Tobago,1964,12.486167,7.5925384,7.9583254,1.1665618,14.661113,1.1369035,1
Trinidad and Tobago,1965,11.92465,6.993699,7.3473134,0.9429707,14.311544,0.9626159,1
Trinidad and Tobago,1966,12.512598,6.959035,7.3006425,0.94674104,14.308477,1.034583,1
Trinidad and Tobago,1967,13.196901,6.1236725,6.7728586,0.82359517,13.06125,1.0270716,1
Trinidad and Tobago,1968,14.113481,5.426041,6.7055864,0.75040996,11.958457,0.90434027,1
Trinidad and Tobago,1969,13.485619,5.9520745,4.8306694,1.0063894,12.5367365,0.8338655,1
Trinidad and Tobago,1970,15.745907,6.543257,4.6682887,1.0331459,11.90031,0.985315,1
Trinidad and Tobago,1971,14.892469,5.5536103,5.505817,0.88896,11.355747,1.0896928,0
Trinidad and Tobago,1972,14.32873,6.561755,5.3469696,1.0139154,11.813072,0.8608716,0
Trinidad and Tobago,1973,14.286844,5.917741,6.674216,0.7373237,9.096851,0.83308005,0
Trinidad and Tobago,1974,15.132823,7.772463,4.3222947,1.0254668,9.746726,0.8146232,0
Trinidad and Tobago,1975,20.651192,9.658963,3.807953,1.0071411,10.224881,0.64265203,1
Trinidad and Tobago,1976,18.517342,11.060435,3.574702,1.2011768,11.4736395,1.8257886,1
Trinidad and Tobago,1977,22.353785,9.3549385,3.6535218,1.2691182,9.518386,1.7979174,1
Trinidad and Tobago,1978,23.395096,12.629891,4.238799,1.6340042,13.773694,1.7589575,1
Trinidad and Tobago,1979,20.720425,10.331381,3.5463066,1.2493763,10.879184,2.1047187,1
Trinidad and Tobago,1980,20.394503,10.764833,4.5118027,1.6642684,12.0924,4.790784,1
Trinidad and Tobago,1981,20.2414,10.453713,5.579175,1.6409339,14.82632,2.0656462,1
Trinidad and Tobago,1982,26.670156,12.68116,6.0644817,2.3541038,13.80493,1.8212819,1
Trinidad and Tobago,1983,25.662746,12.651471,6.515362,2.470003,15.938325,1.7309469,1
Trinidad and Tobago,1984,23.827366,12.986988,5.678758,2.9467094,15.8751545,1.8734047,1
Trinidad and Tobago,1985,23.26792,12.941804,4.8995366,2.4107282,15.713654,1.6396855,1
Trinidad and Tobago,1986,20.431314,11.953146,4.2050157,1.9565003,14.941433,1.3043336,1
Trinidad and Tobago,1987,20.106768,7.792343,4.1145124,1.9116957,14.478426,0.72780293,1
Trinidad and Tobago,1988,17.8818,5.712107,3.7757998,1.3747783,12.160011,0.73579687,0
Trinidad and Tobago,1989,19.859467,5.160562,3.5080225,1.2176607,14.119065,0.6571502,0
Trinidad and Tobago,1990,20.271389,4.959302,3.512035,1.2542981,11.742161,0.19296895,0
Trinidad and Tobago,1991,21.270506,6.2838106,3.305747,1.8408095,12.692912,0.08673972,0
Trinidad and Tobago,1992,20.024776,4.955675,3.3390665,1.4818912,11.797394,0.04811335,0
Trinidad and Tobago,1993,23.947868,5.2394977,2.720693,1.8746827,6.691175,0.057682544,0
Trinidad and Tobago,1994,21.092653,4.7352815,2.7854598,1.142999,11.093814,0.009605033,0
Trinidad and Tobago,1995,24.297176,4.164682,2.8692162,1.2378893,10.08544,0.019192081,0
Trinidad and Tobago,1996,24.251211,3.9939792,3.1798587,0.8811657,8.007113,0.019155774,0
Trinidad and Tobago,1997,21.839697,3.5012393,3.2046862,1.1288148,9.327071,0.0,0
Trinidad and Tobago,1998,22.087997,4.917994,3.6001625,1.2318858,11.316161,0.03819801,0
Trinidad and Tobago,1999,23.678232,4.8233433,4.0130982,1.2868605,11.543614,0.009532299,0
Trinidad and Tobago,2000,27.021797,5.748914,3.4836133,1.513373,12.554333,0.009518068,1
Trinidad and Tobago,2001,31.225662,4.152652,4.523255,1.8435113,15.983433,0.009502635,1
Trinidad and Tobago,2002,37.45782,4.2822504,5.193771,1.3387965,20.76559,0.0,1
Trinidad and Tobago,2003,38.153305,4.923313,5.5683713,1.6980212,17.037128,0.009486152,1
Trinidad and Tobago,2004,39.93638,5.3829765,5.894738,2.8525984,19.323748,0.7297345,1
Trinidad and Tobago,2005,39.627773,5.7030644,5.068338,1.7241824,23.020674,0.018947057,1
Trinidad and Tobago,2006,36.792408,3.823079,6.926965,2.0534856,18.131237,0.03785227,1
Trinidad and Tobago,2007,40.306644,5.420255,9.232407,2.2797234,18.644543,0.075675465,1
Trinidad and Tobago,2008,41.668053,6.566734,6.4911456,2.3621347,18.727003,0.07558831,1
Trinidad and Tobago,2009,44.188217,6.2883234,7.4307966,2.5587623,18.704456,0.018883854,1
Trinidad and Tobago,2010,57.310123,6.2800136,8.070017,2.1900048,18.84004,0.030000065,1
Trinidad and Tobago,2011,59.259956,5.0599966,7.0099955,2.619998,21.499985,0.049999967,1
Trinidad and Tobago,2012,59.860043,6.2900043,7.520005,2.4800017,21.920015,0.010000007,1
Trinidad and Tobago,2013,62.429955,6.5099955,7.969994,2.539998,24.079983,0.1399999,1
Trinidad and Tobago,2014,63.47987,5.439989,8.579983,2.7299945,22.009954,0.12999973,1
Trinidad and Tobago,2015,51.14,7.4900002,9.14,2.38,19.65,0.21000001,1
Trinidad and Tobago,2016,56.779842,6.529982,7.19998,1.9399947,20.019945,0.019999944,1
Trinidad and Tobago,2017,56.78977,2.699989,7.909968,2.4299903,18.839924,0.059999753,1
Trinidad and Tobago,2018,56.150112,6.3500123,8.170016,1.2600025,18.370037,0.030000059,1
Trinidad and Tobago,2019,54.399643,6.569957,7.3699512,1.6799889,18.469877,0.059999604,1
Trinidad and Tobago,2020,44.12023,7.51004,7.1200376,1.2800068,18.490097,0.20000106,1
Trinidad and Tobago,2021,43.059692,6.5399528,7.6099453,1.1299919,18.399868,0.15999885,1
Tunisia,1961,1.8661174,3.7606525,0.0,5.920423,3.8932703,0.7862322,0
Tunisia,1962,1.8745145,3.5952225,0.0,5.5081882,3.6625125,0.77864444,0
Tunisia,1963,1.8805889,3.3714185,0.0,5.7197185,4.755064,0.8184946,0
Tunisia,1964,1.9137377,3.3638377,0.0,6.017422,3.6893704,0.8384933,0
Tunisia,1965,1.92165,3.5545547,0.0,6.1930895,4.7294497,0.92597646,0
Tunisia,1966,1.8887635,4.0773306,0.0,6.4058065,5.0566897,0.7794897,0
Tunisia,1967,2.236984,4.004601,0.0,5.7122984,5.442662,0.6690979,0
Tunisia,1968,2.3795042,3.9326532,0.0,4.5499306,5.5355825,0.5575407,0
Tunisia,1969,2.518209,3.7277424,0.0,5.0760746,5.3536725,0.57502407,0
Tunisia,1970,2.616187,3.642917,0.0,3.889727,3.8403652,0.5528546,0
Tunisia,1971,2.800479,3.8224084,0.0,4.421809,4.746075,0.6288795,0
Tunisia,1972,3.1582623,4.077385,0.0,4.7813935,4.7911716,0.67467517,0
Tunisia,1973,3.6194665,4.329738,0.0,5.575146,5.108118,0.6713527,0
Tunisia,1974,3.523843,5.034061,0.0,5.0824656,7.20258,0.59053415,0
Tunisia,1975,3.4701545,5.8221483,0.0,5.8896236,7.4029965,0.4723266,0
Tunisia,1976,4.0438685,6.1282377,0.0,6.3683724,7.578651,0.643561,0
Tunisia,1977,4.8779917,6.2484293,0.0,5.5296683,8.42388,0.5462584,0
Tunisia,1978,5.601323,5.495999,0.0,4.5959578,8.052501,0.4978954,0
Tunisia,1979,5.9963827,3.69745,0.0,3.7166078,8.371946,0.6322065,0
Tunisia,1980,6.022086,4.5261536,0.0,4.228885,8.553664,0.50823337,0
Tunisia,1981,6.000658,5.3477864,0.0,4.042043,7.757651,0.537659,0
Tunisia,1982,7.2382026,5.4791174,0.0,4.2679443,8.651238,0.52868676,0
Tunisia,1983,5.320794,6.0712852,0.0,5.3304152,8.678763,0.52919286,0
Tunisia,1984,5.69622,6.754639,0.0,5.3979383,9.362199,0.5292097,0
Tunisia,1985,5.6830454,6.625412,0.0,5.9138293,10.808364,0.548111,0
Tunisia,1986,5.987711,6.641265,0.0,5.5071564,10.235813,0.56705445,0
Tunisia,1987,5.621694,6.659545,0.0,5.688962,10.609145,0.69190085,0
Tunisia,1988,5.9323454,6.586153,0.0,6.1246414,10.720527,0.6730375,0
Tunisia,1989,6.5363727,6.382349,0.0,5.50634,9.443566,1.0107793,0
Tunisia,1990,6.159056,6.274719,0.0,5.4650784,8.72292,0.95422,0
Tunisia,1991,6.1165876,6.280597,0.0,5.3640738,8.45131,1.0033519,0
Tunisia,1992,7.415173,6.459311,0.0,5.3779316,8.564138,1.004138,0
Tunisia,1993,7.6990633,6.578497,0.0,5.6318116,7.7280436,1.062606,0
Tunisia,1994,7.6522164,6.193271,0.0,5.6715293,8.657053,1.1111172,0
Tunisia,1995,7.625894,6.040791,0.0,5.770163,9.346312,1.130836,0
Tunisia,1996,7.7726817,5.819844,0.0,5.839179,8.671761,1.1020967,0
Tunisia,1997,8.891063,6.0981097,0.0,5.721206,8.707443,1.063062,0
Tunisia,1998,9.890651,5.969162,0.0,6.0657506,8.683295,1.1107664,0
Tunisia,1999,10.75638,6.1506405,0.0,6.334098,9.674949,1.1586765,0
Tunisia,2000,11.770669,6.479179,0.0,6.3150268,9.916717,1.2070006,0
Tunisia,2001,12.138494,6.0354486,0.0,6.450687,10.718957,1.1781195,0
Tunisia,2002,12.025036,6.384377,0.0,6.6451607,10.19955,1.2363089,0
Tunisia,2003,11.630393,5.7765574,0.0,5.902135,10.818971,1.1108764,0
Tunisia,2004,12.119373,6.0693517,0.0,5.9823704,12.438304,1.0534384,0
Tunisia,2005,11.465186,5.805157,0.0,6.1824923,12.626217,0.9094746,0
Tunisia,2006,10.146859,5.872967,0.0,6.3478436,12.986428,0.95944506,0
Tunisia,2007,12.963396,5.321304,0.0,6.438001,11.749595,0.903068,0
Tunisia,2008,13.280158,5.4969153,0.0,5.7595997,12.365627,0.8853439,0
Tunisia,2009,13.323323,5.214322,0.0,5.4969673,12.777525,0.8381901,0
Tunisia,2010,14.789995,5.559998,0.0,5.579998,12.079996,0.26999992,0
Tunisia,2011,13.350002,5.1800003,0.0,5.5100007,12.170001,0.26000002,0
Tunisia,2012,17.039995,5.369998,0.0,5.139998,13.599996,0.2799999,0
Tunisia,2013,17.899994,5.409998,0.0,5.199998,13.259995,0.2899999,0
Tunisia,2014,16.399996,5.5499988,0.0,5.3499985,13.449997,0.28999993,0
Tunisia,2015,16.390001,5.4000006,0.0,5.3500004,12.340001,0.29000002,0
Tunisia,2016,16.380005,5.320002,0.0,5.350002,12.620004,0.2800001,0
Tunisia,2017,16.48,5.4199996,0.0,5.3899994,12.289999,0.28,0
Tunisia,2018,16.81,5.17,,5.38,12.52,0.27,0
Tunisia,2019,16.819986,4.1699967,0.009999992,5.399996,13.359989,0.2699998,0
Tunisia,2020,17.31,4.21,0.01,5.42,13.24,0.27,0
Tunisia,2021,17.680002,4.3800006,0.010000001,5.4800005,13.130001,0.26000002,0
Turkey,1961,2.3078737,3.856447,0.009990795,10.480344,2.3878002,0.24976988,0
Turkey,1962,2.2603326,4.1124115,0.009957412,9.748307,1.7525047,0.24893533,0
Turkey,1963,2.2226613,3.9095025,0.009922595,9.624917,4.088109,0.22821969,0
Turkey,1964,2.2067022,3.5821803,0.009895526,9.183048,3.6019716,0.21770157,0
Turkey,1965,2.2725432,3.6558306,0.009880623,9.139576,3.7052336,0.2173737,0
Turkey,1966,2.2576294,3.8054364,0.019717287,9.296701,3.1942005,0.20703152,0
Turkey,1967,2.348137,3.5074677,0.019649679,8.783406,5.1089168,0.20632163,0
Turkey,1968,2.5276084,3.605271,0.019593865,8.552721,3.5562866,0.19593865,0
Turkey,1969,2.7294955,3.9523878,0.009783138,9.117885,4.617641,0.18587962,0
Turkey,1970,2.93509,3.7764823,0.009783633,9.079211,4.6863604,0.17610541,0
Turkey,1971,3.1044416,3.3688579,0.009793191,9.127254,4.260038,0.15669106,0
Turkey,1972,3.4427,2.8738208,0.009808262,8.886286,4.4921837,0.08827436,0
Turkey,1973,3.606186,3.026445,0.009826119,8.794377,3.547229,0.009826119,0
Turkey,1974,4.0180154,3.6043963,0.009848077,8.902661,2.7771578,0.05908846,0
Turkey,1975,4.5829744,3.763175,0.0098771,9.788206,2.6075544,0.049385503,0
Turkey,1976,4.792199,3.1980999,0.009901238,9.416078,3.2773097,0.03960495,0
Turkey,1977,4.470153,3.399695,0.009911646,9.535004,3.4591646,0.05946988,0
Turkey,1978,4.8904586,2.7180235,0.0,9.63212,4.781341,0.039679177,0
Turkey,1979,4.958171,3.696272,0.0,6.538029,5.8524303,0.05961729,0
Turkey,1980,5.6663737,3.1966715,0.009958478,6.4929276,7.3493567,0.04979239,0
Turkey,1981,6.293715,3.3566477,0.0,7.2127967,7.7722387,0.009990023,0
Turkey,1982,6.3266034,3.4035523,0.0,6.7770734,8.49887,0.010010447,0
Turkey,1983,5.20515,3.3833477,0.010009904,6.916844,7.6976166,0.07006933,0
Turkey,1984,5.823778,8.095252,0.010006491,6.724362,6.324103,0.07004544,0
Turkey,1985,5.6902685,7.5303555,0.010000472,7.030332,8.91042,0.06000283,0
Turkey,1986,6.185454,9.792803,0.009992655,6.9848657,8.4138155,0.049963277,0
Turkey,1987,6.7391796,7.1585064,0.0,7.0187306,7.547881,0.059903815,0
Turkey,1988,7.2391834,6.6010184,0.0,6.8802156,8.714939,0.059827957,0
Turkey,1989,7.2971025,7.307058,0.009955119,6.739616,6.162219,0.059730716,0
Turkey,1990,7.633468,7.0271645,0.009939412,6.6792846,6.202193,0.05963647,0
Turkey,1991,7.4940214,6.7297306,0.009925856,6.5709167,5.4195175,0.059555136,0
Turkey,1992,7.8217473,5.987751,0.009913495,6.394204,7.613564,0.049567476,0
Turkey,1993,8.007682,5.830067,0.0,6.2754884,7.9482913,0.049491234,0
Turkey,1994,8.180992,5.720766,0.0,6.234548,8.36872,0.049402125,0
Turkey,1995,8.45678,5.8023186,0.0,6.226638,10.00604,0.049339443,0
Turkey,1996,7.0786853,5.3632383,0.0,6.0533605,8.744839,0.049294468,0
Turkey,1997,7.763567,6.285731,0.0,6.137947,7.704454,0.049261212,0
Turkey,1998,7.988276,5.840996,0.0,5.9788947,8.155725,0.039399635,0
Turkey,1999,9.575149,5.615056,0.0,5.8022246,7.67391,0.04925488,0
Turkey,2000,10.267301,5.5869093,0.0,5.813539,7.9418855,0.049267277,0
Turkey,2001,9.367944,5.1223245,0.0,5.3882914,7.7031884,0.039402496,0
Turkey,2002,10.464428,4.9661694,0.0,5.035144,6.8186293,0.02956053,0
Turkey,2003,12.878492,4.3487096,0.0,4.6642623,6.7449374,0.02958306,0
Turkey,2004,12.750871,5.3942194,0.0,4.694056,7.9976454,0.039445847,0
Turkey,2005,13.20257,4.683511,0.0,4.5849104,7.404877,0.039440088,0
Turkey,2006,12.847409,4.8904953,0.0,4.52568,8.410468,0.039439477,0
Turkey,2007,14.635336,6.1046314,0.0,4.5858703,8.412359,0.039448343,0
Turkey,2008,14.325223,5.179574,0.0,4.4790983,7.6065745,0.03946342,0
Turkey,2009,16.531511,4.4879704,0.0,4.1427417,7.4174805,0.02959101,0
Turkey,2010,18.29,9.69,0.0,3.7,6.77,0.03,0
Turkey,2011,19.079998,10.439999,0.0,4.0799994,5.9499993,0.019999998,0
Turkey,2012,19.43,10.74,0.0,4.21,6.71,0.02,0
Turkey,2013,18.73,11.28,0.0,4.5,5.95,0.02,0
Turkey,2014,19.210001,11.640001,0.0,4.6900005,5.0100007,0.030000001,0
Turkey,2015,19.84,12.140001,0.0,4.88,5.4300003,0.030000001,0
Turkey,2016,19.69,12.26,0.0,4.95,4.86,0.02,0
Turkey,2017,21.440002,12.770001,0.0,5.2700005,4.8500004,0.020000001,0
Turkey,2018,20.719997,13.159999,0.0,5.3499994,5.4299994,0.009999999,0
Turkey,2019,20.639997,12.939999,0.009999999,1.5099999,5.5599995,0.009999999,0
Turkey,2020,20.04,16.08,0.0,5.16,5.52,0.01,0
Turkey,2021,20.049997,17.329998,0.0,5.6399994,5.4799995,0.009999999,0
Turkmenistan,1992,1.7302223,20.406736,1.6906744,11.0338745,8.591789,0.7612978,0
Turkmenistan,1993,1.5842445,14.77308,1.1782819,12.079864,4.5249987,0.9901528,0
Turkmenistan,1994,4.2911906,12.239308,0.96130604,11.010422,4.0830727,0.7234571,0
Turkmenistan,1995,1.2881199,14.179229,0.76296335,12.66321,2.5663311,1.0007701,0
Turkmenistan,1996,0.5953837,13.3762865,0.34730715,10.637522,2.1433814,0.6946143,0
Turkmenistan,1997,0.38752627,11.079277,0.21860458,13.146084,2.0767434,0.4570823,0
Turkmenistan,1998,1.071099,15.263162,0.19835168,13.13088,1.3091211,0.51571435,0
Turkmenistan,1999,1.4233363,14.124635,0.31629694,13.393198,1.630906,0.425024,0
Turkmenistan,2000,2.2755532,15.938724,0.22657023,14.707364,2.1573427,0.21671936,0
Turkmenistan,2001,1.6989839,17.13715,0.15713145,15.63458,2.622131,0.4321115,0
Turkmenistan,2002,3.4458601,19.010967,0.1174725,18.061398,2.633342,0.21536626,0
Turkmenistan,2003,3.2230353,21.203667,0.17580195,19.23078,3.1742015,0.21486904,0
Turkmenistan,2004,3.1769454,20.21161,0.16566895,20.075178,3.1866908,0.15592371,0
Turkmenistan,2005,3.0417335,20.660463,0.18464196,18.833479,3.3235555,0.12633397,0
Turkmenistan,2006,3.130876,19.69641,0.12601049,19.250526,3.2568865,0.15508983,0
Turkmenistan,2007,3.7317939,26.257908,0.077342875,25.503813,3.238733,0.26103222,0
Turkmenistan,2008,4.8889856,25.486368,0.1253586,24.956003,3.3075385,0.19285938,0
Turkmenistan,2009,4.7089915,25.83218,0.11532223,25.399723,3.3347347,0.26908523,0
Turkmenistan,2010,3.7499967,24.269978,0.30999973,20.89998,3.7199967,0.0,0
Turkmenistan,2011,3.509998,24.299986,0.49999973,21.549988,3.3999982,0.0,0
Turkmenistan,2012,3.6399949,24.929964,0.8399988,23.719965,3.6299949,0.0,0
Turkmenistan,2013,3.8200006,23.800003,1.0300002,23.460003,3.5100007,0.0,0
Turkmenistan,2014,7.1099887,27.629955,1.5299975,22.899963,3.5099943,1.4099977,0
Turkmenistan,2015,4.980003,26.310015,1.2300007,23.250013,3.490002,1.4100008,0
Turkmenistan,2016,4.3399944,28.98996,0.51999927,20.499971,3.039996,1.509998,0
Turkmenistan,2017,4.7899933,29.75996,0.33999953,20.359972,2.839996,1.2599983,0
Turkmenistan,2018,8.259997,27.89999,0.37999985,20.159992,2.6499991,1.3599995,0
Turkmenistan,2019,5.7599964,26.489983,0.119999915,20.289988,2.5799983,1.7599988,0
Turkmenistan,2020,6.219998,27.039991,0.09999997,20.739992,2.539999,2.0299993,0
Turkmenistan,2021,8.57,26.49,0.08,20.25,2.51,1.96,0
USSR,1961,3.753159,12.980926,16.844177,4.5638413,14.041819,1.4412131,1
USSR,1962,3.7432382,14.712728,17.955534,4.744104,15.51342,1.261091,1
USSR,1963,3.5953598,15.82359,18.818054,4.9273458,16.624784,1.151717,1
USSR,1964,2.735758,15.753158,12.245775,4.5696177,18.15822,1.0622357,1
USSR,1965,3.098256,17.737267,17.857586,4.3415694,19.71253,0.8322177,1
USSR,1966,3.2487364,18.610044,18.971016,3.960651,19.973713,0.7821032,1
USSR,1967,3.366737,20.721466,18.086191,4.308622,21.352728,0.76152384,1
USSR,1968,3.544339,22.497541,16.980787,4.2752337,21.46628,0.8710664,1
USSR,1969,3.7027416,22.736834,16.242025,3.982949,23.307257,1.0808003,1
USSR,1970,4.665972,22.21844,16.641302,4.085229,24.821772,1.0513457,1
USSR,1971,5.191384,22.930283,18.851337,3.958681,23.010458,1.0322636,1
USSR,1972,5.193802,23.081337,21.21638,3.699832,26.350023,1.213224,1
USSR,1973,5.367791,23.417616,22.645054,3.7825367,27.220219,1.2441236,1
USSR,1974,5.9519873,26.678555,19.89349,3.834164,28.284487,1.2345606,1
USSR,1975,6.201218,26.912083,22.446806,3.8030124,28.587816,1.3144977,1
USSR,1976,5.7560325,26.393515,21.720499,3.3894408,27.065386,1.1532121,1
USSR,1977,7.003541,28.204533,18.385548,3.416606,25.499302,1.0921116,1
USSR,1978,7.488344,27.100197,20.342669,3.5239267,25.598524,1.0611824,1
USSR,1979,8.266853,27.332657,20.456959,3.5029037,26.25176,1.2210121,1
USSR,1980,8.65995,26.24015,20.623697,3.654199,26.540497,0.95109284,1
USSR,1981,9.385128,25.96185,19.551516,3.6258445,27.925013,0.9315015,1
USSR,1982,9.966963,25.773865,20.12425,3.4358475,27.817343,0.8714832,1
USSR,1983,10.301781,27.311232,21.895039,3.4038925,26.850704,0.9210533,1
USSR,1984,10.196874,27.938833,22.144928,3.2822125,28.639307,0.8705869,1
USSR,1985,10.668686,27.672531,22.688473,3.2726645,29.644136,0.9307578,1
USSR,1986,11.307025,29.348232,20.81293,3.562213,30.398884,0.94058436,1
USSR,1987,11.660352,30.180912,22.400677,3.5701077,28.960875,0.95002866,1
USSR,1988,11.955641,30.808767,23.871296,3.7186441,27.749882,0.9796428,1
USSR,1989,11.935208,31.40739,24.080334,3.768487,26.969173,0.98960274,1
USSR,1990,12.2828455,31.911413,23.346403,3.7078404,24.625656,0.8295168,1
USSR,1991,11.162046,30.181454,20.497032,3.414508,21.78496,0.8286671,1
Uganda,1961,1.3587701,7.830807,0.12514989,1.5375558,7.0262723,0.89392775,0
Uganda,1962,1.3548932,7.2589974,0.12561923,1.3907844,7.617909,0.9870083,0
Uganda,1963,1.3602873,7.1437607,0.117110826,1.2431766,8.287844,0.9639123,0
Uganda,1964,1.3566056,6.9096446,0.13566056,1.1124166,8.166765,1.0491083,0
Uganda,1965,1.3524499,6.753173,0.21784428,1.0710677,8.595773,1.0166067,0
Uganda,1966,1.3571573,6.4943166,0.1912772,1.3207237,8.92627,1.1021211,0
Uganda,1967,1.3611308,6.4767904,0.21010745,1.2241043,10.541913,1.1692935,0
Uganda,1968,1.3543247,6.497098,0.21046938,1.1530062,11.090821,1.2353637,0
Uganda,1969,1.3735528,6.785351,0.22892547,1.0530571,12.389446,1.1995693,0
Uganda,1970,1.3916465,7.022321,0.31128934,1.0345793,12.488196,1.1627573,0
Uganda,1971,1.4008212,6.9033933,0.41200623,1.2085516,13.065176,1.1261504,0
Uganda,1972,1.3854927,6.8724103,0.3853688,1.0001239,15.203717,1.1010538,0
Uganda,1973,1.4631681,7.0213666,0.32208103,1.0582663,15.229831,1.168694,0
Uganda,1974,1.3917922,7.0695667,0.29494932,1.0323226,14.673729,1.1337115,0
Uganda,1975,1.3844129,6.866688,0.35994732,1.1536773,15.966894,1.1536773,0
Uganda,1976,1.4982525,6.797627,0.45317513,1.017332,12.65191,1.1190652,0
Uganda,1977,1.7805693,7.094456,0.5842493,1.19632,17.72223,1.1314034,0
Uganda,1978,1.572383,7.0896797,0.78153944,1.2746537,17.621855,1.0978768,0
Uganda,1979,1.5257074,7.25413,0.6177711,1.2636226,13.824968,1.11386,0
Uganda,1980,1.521037,6.48094,0.6329781,1.2376138,12.480061,1.0959023,0
Uganda,1981,1.5253811,6.311264,0.64828694,1.2965739,12.279317,1.086834,0
Uganda,1982,1.6222957,6.2491984,0.6623574,1.3631123,12.248813,1.0847303,0
Uganda,1983,1.6896211,6.082636,0.68550336,1.3903168,12.088033,1.0717025,0
Uganda,1984,1.6784064,6.08301,0.6985275,1.4261603,14.523551,1.0574931,0
Uganda,1985,1.7352691,6.034447,0.7116553,1.4915515,10.694327,1.0333624,0
Uganda,1986,1.842876,3.9014077,0.81361014,1.4311697,12.7628975,1.0096607,0
Uganda,1987,1.5958409,3.6842253,1.5859901,1.1427009,12.520455,0.985087,0
Uganda,1988,1.6231592,3.8896437,1.4054183,1.1777802,12.995171,0.96003926,0
Uganda,1989,1.6596488,4.323037,2.275806,1.2223761,12.462274,0.9441116,0
Uganda,1990,1.6850382,4.636348,3.27037,1.2363594,13.70963,0.9671521,0
Uganda,1991,1.7284821,4.6459203,3.2971046,1.2588944,11.170191,0.93917525,0
Uganda,1992,1.7586925,4.5865903,3.2575781,1.2490714,13.450001,0.91931653,0
Uganda,1993,1.7869686,4.702024,3.234513,1.2478832,10.432303,0.8884928,0
Uganda,1994,1.786084,4.1908116,3.232912,1.2472655,9.698736,0.86809677,0
Uganda,1995,1.7651203,4.182132,3.2093096,1.2436075,8.464554,0.8524729,0
Uganda,1996,1.7126747,4.120494,3.2641563,1.2290959,7.2637553,0.82611364,0
Uganda,1997,1.6455022,4.0481377,3.250624,1.241698,8.853408,0.8076085,0
Uganda,1998,1.6172044,4.1238713,3.2243013,1.2432259,8.369033,0.7883871,0
Uganda,1999,1.595526,4.120092,3.2314448,1.2420866,8.734999,0.76746815,0
Uganda,2000,1.8393428,4.0324054,3.2239032,1.2430724,7.6908784,0.74786466,0
Uganda,2001,1.9755665,4.0929685,3.2723486,1.2562577,7.3349233,0.8003577,0
Uganda,2002,2.1022432,4.4990034,3.3006234,1.208536,6.4996896,0.88355154,0
Uganda,2003,2.219974,4.745449,3.3095944,1.3136543,7.067257,0.9063197,0
Uganda,2004,1.8923155,4.9711637,3.5289125,1.3399638,11.098175,0.8898997,0
Uganda,2005,1.8809721,5.252332,3.5358167,1.3156526,11.953938,0.9661824,0
Uganda,2006,1.2907397,5.5553436,3.5521157,1.3217174,10.966125,1.0222658,0
Uganda,2007,1.4726787,5.880344,3.557245,1.317114,13.793399,1.0370977,0
Uganda,2008,1.4686524,5.572546,3.5726793,1.3228288,12.93664,0.88535786,0
Uganda,2009,1.6530069,5.5762825,3.5466413,1.3182206,13.945937,0.9311241,0
Uganda,2010,1.9300003,5.570001,3.3900008,1.2700002,14.180003,0.0,0
Uganda,2011,1.88,5.29,3.18,1.23,14.5,0.0,0
Uganda,2012,1.6899997,5.139999,3.1899993,1.2299998,13.259997,0.0,0
Uganda,2013,1.6800001,5.2200003,3.2300003,1.2600001,13.310001,0.0,0
Uganda,2014,1.7999997,5.559999,3.3099995,1.2899998,14.659998,0.0,0
Uganda,2015,1.7600001,5.6900005,3.3900003,1.3300002,12.660001,0.0,0
Uganda,2016,1.6699996,4.5299993,3.2799993,1.2199998,12.009998,0.0,0
Uganda,2017,1.6299993,4.2999983,3.1899986,1.1799995,11.559996,0.0,0
Uganda,2018,1.5999997,4.079999,3.1299994,1.1399997,11.909997,0.0,0
Uganda,2019,1.6000001,3.8800004,3.0300002,1.06,15.270001,0.0,0
Uganda,2020,1.51,4.27,2.86,0.9,14.77,0.0,0
Uganda,2021,1.48,4.22,2.8,0.88,14.3,0.0,0
Ukraine,1992,9.644389,25.961061,22.560093,0.67819905,10.093197,0.57846385,1
Ukraine,1993,7.01958,21.586452,19.485558,0.5774973,7.5174227,0.5774973,1
Ukraine,1994,5.150241,21.718847,17.636581,0.82843024,5.349863,0.4890733,1
Ukraine,1995,4.607723,16.697989,15.596142,0.75125927,8.063517,1.2821491,1
Ukraine,1996,6.104612,14.096834,15.733433,0.6124693,10.703152,0.57230735,1
Ukraine,1997,4.703568,14.181056,13.919747,0.47236687,9.336783,0.4924676,0
Ukraine,1998,4.9526086,12.748196,13.61214,0.41188022,13.78292,0.48220125,0
Ukraine,1999,5.8324866,12.427915,12.980043,0.3814707,11.012458,0.52201253,0
Ukraine,2000,4.395883,12.153913,13.910259,0.34123293,12.936742,0.48174056,0
Ukraine,2001,6.26661,8.787314,12.231942,0.311322,14.059703,0.72307044,0
Ukraine,2002,7.605417,11.403102,12.478107,0.3415907,13.151242,0.61285394,0
Ukraine,2003,8.7468405,11.468303,13.155409,0.34143808,12.994732,0.6226224,0
Ukraine,2004,13.945264,11.254601,12.680251,0.35139254,12.529654,0.6525861,0
Ukraine,2005,13.514045,11.38395,11.6250925,0.34161898,16.759426,1.2258093,0
Ukraine,2006,15.934664,12.29303,12.645121,0.31185263,15.9547825,0.59352595,0
Ukraine,2007,17.850063,11.060593,15.361935,0.3324222,18.061605,0.57418376,1
Ukraine,2008,22.744871,10.368836,17.469675,0.37319744,22.09934,0.55475295,1
Ukraine,2009,23.313124,9.633939,14.940171,0.38333997,16.443266,0.5548342,1
Ukraine,2010,23.719997,9.079999,16.169998,0.45999995,13.639999,0.56999993,1
Ukraine,2011,22.729996,8.529999,17.619999,0.42999995,14.139998,0.57999986,1
Ukraine,2012,25.030003,8.25,20.450003,0.43000004,14.220001,0.59000003,1
Ukraine,2013,24.749998,8.949999,20.319998,0.40999997,16.98,0.5899999,1
Ukraine,2014,23.35,8.62,17.27,0.39999998,12.65,0.57,0
Ukraine,2015,23.189995,7.7699986,16.379995,0.29999995,9.269999,0.5499999,0
Ukraine,2016,23.060001,7.6100006,16.71,0.30000004,10.410001,0.49000004,0
Ukraine,2017,23.6,7.3600006,16.54,0.3,11.63,0.5,0
Ukraine,2018,24.449999,7.3899994,16.539999,0.31999996,12.909999,0.46999997,0
Ukraine,2019,26.55,7.4700003,17.32,0.32,13.580001,0.45000002,0
Ukraine,2020,24.530005,7.1500015,16.680004,0.26000005,13.680003,0.4400001,0
Ukraine,2021,23.759998,6.3399997,17.69,0.28,13.799999,0.42999998,0
United Arab Emirates,1961,0.54213536,2.6133704,,6.8322954,13.275366,42.126698,1
United Arab Emirates,1962,0.5197727,2.5549393,,6.5227814,13.623902,39.89805,1
United Arab Emirates,1963,0.49725515,2.4940455,,6.6197095,14.738954,38.513966,1
United Arab Emirates,1964,0.4944231,2.4396942,,6.800344,14.865113,37.72205,1
United Arab Emirates,1965,0.48720425,2.4612217,,6.85446,16.438944,36.56552,1
United Arab Emirates,1966,0.4988878,2.4686346,,6.9500237,15.654757,35.799503,1
United Arab Emirates,1967,0.53220004,5.147508,,9.108472,15.521047,32.909157,1
United Arab Emirates,1968,0.6270805,6.1013236,,10.863746,14.98214,29.159243,1
United Arab Emirates,1969,0.61108696,3.3728826,,14.412129,13.428041,24.165712,1
United Arab Emirates,1970,0.5837046,3.5878377,,14.927272,13.082765,20.779884,1
United Arab Emirates,1971,3.7027643,4.13699,,14.353146,13.603118,18.16644,1
United Arab Emirates,1972,3.2169063,9.166541,,11.997747,14.311951,14.968461,1
United Arab Emirates,1973,8.326936,7.3294377,,15.049201,15.135941,13.739444,1
United Arab Emirates,1974,16.307384,11.998036,,14.401327,16.307384,12.080909,1
United Arab Emirates,1975,21.480465,8.150807,,22.029737,18.184834,11.779927,1
United Arab Emirates,1976,35.755802,5.9237986,,25.876045,19.627655,7.6583357,1
United Arab Emirates,1977,27.807941,7.128666,,26.169168,19.890617,6.9955153,1
United Arab Emirates,1978,34.12793,2.5162032,,25.100412,19.35936,6.408615,1
United Arab Emirates,1979,42.566135,3.3738964,,26.18592,21.660212,6.9414606,1
United Arab Emirates,1980,43.410286,14.123107,,27.305342,23.321644,7.256735,1
United Arab Emirates,1981,38.317272,19.634626,,28.85695,22.321993,6.435794,1
United Arab Emirates,1982,43.77097,21.113405,,35.476063,21.548937,5.810393,1
United Arab Emirates,1983,39.22104,20.410648,,31.425917,20.980064,5.056029,1
United Arab Emirates,1984,31.174932,19.384289,,31.799604,21.209496,5.114485,1
United Arab Emirates,1985,36.09789,14.9683695,,29.41924,19.567263,5.292144,1
United Arab Emirates,1986,35.016712,12.747482,,27.661648,19.976236,4.848318,1
United Arab Emirates,1987,34.887302,12.353315,,28.71545,19.928734,4.854805,1
United Arab Emirates,1988,28.353863,10.550275,,25.525166,19.23705,6.0014243,1
United Arab Emirates,1989,30.10367,10.936396,,22.215746,19.129168,4.782292,1
United Arab Emirates,1990,36.6397,12.716971,,20.710226,19.408113,4.932816,1
United Arab Emirates,1991,35.131542,12.0651865,,19.665304,19.047794,6.8401055,1
United Arab Emirates,1992,25.616291,12.327781,,20.06118,20.622398,6.4207187,1
United Arab Emirates,1993,29.506973,12.258798,,20.148314,21.502981,6.945062,1
United Arab Emirates,1994,34.452225,16.569653,,23.201344,23.939264,4.724602,1
United Arab Emirates,1995,42.46702,15.980552,,23.691313,22.891321,4.2987494,1
United Arab Emirates,1996,46.812576,14.368406,,21.533401,22.983688,5.186457,1
United Arab Emirates,1997,39.85524,10.004188,,19.419336,22.630556,4.417804,1
United Arab Emirates,1998,45.887493,5.1174593,,20.290775,22.741121,4.4671745,1
United Arab Emirates,1999,45.564842,8.660777,,17.545782,24.758423,4.4471736,1
United Arab Emirates,2000,41.31565,7.769781,,14.246139,23.438686,4.0835238,1
United Arab Emirates,2001,45.054974,5.3133864,,13.40134,23.97371,4.0349092,1
United Arab Emirates,2002,43.928165,17.026491,,15.030159,22.545237,4.1346245,1
United Arab Emirates,2003,52.04413,17.527678,,14.400259,23.119926,4.320078,1
United Arab Emirates,2004,44.045303,7.788331,,11.700822,25.307495,4.2423496,1
United Arab Emirates,2005,44.79491,6.939237,,11.70754,23.143713,3.2951686,1
United Arab Emirates,2006,43.525085,6.55912,,12.819646,23.897491,4.6282105,1
United Arab Emirates,2007,43.630703,17.659575,,12.546294,24.184439,4.9158573,1
United Arab Emirates,2008,42.796024,16.966644,,13.5324545,22.88162,4.2222037,1
United Arab Emirates,2009,41.667206,6.373199,,9.588768,23.909153,4.0460157,1
United Arab Emirates,2010,18.979988,3.069998,,6.8499956,24.749985,3.059998,0
United Arab Emirates,2011,20.679977,3.1999965,,6.3899927,25.46997,2.709997,0
United Arab Emirates,2012,22.579983,3.1699977,,7.2699947,26.759981,2.769998,1
United Arab Emirates,2013,21.999992,3.3299987,,7.539997,26.54999,2.9699988,1
United Arab Emirates,2014,24.65998,8.7999935,,4.629997,27.19998,1.4099989,1
United Arab Emirates,2015,32.60997,9.009992,,4.6399956,27.569973,1.4399986,1
United Arab Emirates,2016,31.389978,8.969994,,4.6699967,27.15998,1.389999,1
United Arab Emirates,2017,27.330008,9.050003,,5.3100014,27.670008,2.6200006,1
United Arab Emirates,2018,33.129993,8.779998,0.09999998,8.389998,27.829994,2.9099994,1
United Arab Emirates,2019,35.21,8.89,,8.42,26.7,3.0,1
United Arab Emirates,2020,49.900024,17.870008,2.140001,9.610003,26.480011,3.8200016,1
United Arab Emirates,2021,49.190006,18.400002,2.5600004,10.210002,26.260004,3.9700005,1
United Kingdom,1961,6.312935,24.940609,25.382214,11.642297,19.892267,1.214412,1
United Kingdom,1962,6.469227,25.71618,26.730764,11.441691,20.874308,0.90408444,1
United Kingdom,1963,6.394883,26.474413,26.273315,11.020113,20.250462,0.60329086,1
United Kingdom,1964,6.9395204,23.986603,27.114414,11.063004,21.67343,1.0761286,1
United Kingdom,1965,7.308399,22.206676,28.96217,10.776622,22.075989,1.1359684,1
United Kingdom,1966,8.060203,23.82885,27.69815,10.894338,20.58266,0.8241104,1
United Kingdom,1967,8.739261,24.17862,26.579405,10.989368,21.39612,0.81365526,1
United Kingdom,1968,9.838502,23.361423,27.276745,10.752077,21.945885,0.87341803,1
United Kingdom,1969,10.166279,24.055843,27.55834,10.025777,21.275925,0.66236365,1
United Kingdom,1970,10.542643,24.194914,27.605473,9.800344,21.005037,0.7222362,1
United Kingdom,1971,10.773875,23.812769,29.054384,10.202609,19.633509,0.6414214,1
United Kingdom,1972,12.029213,23.487514,28.775959,9.455101,18.68985,0.48076785,1
United Kingdom,1973,12.081121,22.008476,27.538145,8.374641,18.732752,0.3606305,1
United Kingdom,1974,11.745474,24.593338,26.487446,7.6766486,17.397732,0.31067377,1
United Kingdom,1975,11.330957,24.83786,23.79501,8.292657,16.876106,0.2707397,1
United Kingdom,1976,12.283241,23.031078,24.144999,7.5967436,17.862883,0.23081255,1
United Kingdom,1977,12.421938,22.664764,25.386145,6.979181,17.151714,0.25104967,1
United Kingdom,1978,12.725246,24.24526,26.103327,6.9803047,16.240507,0.30130813,1
United Kingdom,1979,13.533629,24.386637,27.197777,7.1182075,16.28453,0.3112333,1
United Kingdom,1980,13.640967,22.8085,26.499584,7.6329236,16.068258,0.27081335,1
United Kingdom,1981,13.477701,22.616484,26.113672,6.9142113,17.716413,0.30061787,1
United Kingdom,1982,14.582149,20.941807,25.8092,7.4513173,17.54665,0.2804259,1
United Kingdom,1983,14.548871,21.007248,25.893587,7.2293773,17.09217,0.20025976,1
United Kingdom,1984,14.88702,22.455673,25.028614,7.028035,17.66019,0.22025181,1
United Kingdom,1985,16.100428,21.917809,25.18195,7.1490707,18.503477,0.28035572,1
United Kingdom,1986,17.591604,22.11974,25.055014,6.762149,17.952253,0.26046795,1
United Kingdom,1987,17.99128,22.822363,25.939514,6.735453,18.121578,0.29066688,1
United Kingdom,1988,18.871666,21.709435,26.06135,6.84875,18.861639,0.12032943,1
United Kingdom,1989,17.598974,21.85323,25.314829,6.8228636,19.214386,0.14047071,1
United Kingdom,1990,18.770132,20.757557,25.153982,7.3574896,18.52923,0.20075007,1
United Kingdom,1991,19.24371,21.201208,25.025856,7.1072226,17.958786,0.22084591,1
United Kingdom,1992,23.330828,20.630314,24.696142,7.0273576,18.461872,0.24093798,1
United Kingdom,1993,23.829426,17.091312,24.48215,6.948994,18.426886,0.19079608,1
United Kingdom,1994,25.193756,16.926428,25.103348,6.6098447,18.99577,0.19086178,1
United Kingdom,1995,25.46363,17.474844,24.0568,6.6824446,19.33387,0.1808782,1
United Kingdom,1996,26.398996,15.360878,24.780474,6.8359933,20.156126,0.16084689,1
United Kingdom,1997,26.02031,16.901136,24.240715,6.374373,21.033419,0.15081324,1
United Kingdom,1998,28.58455,16.428827,24.924763,6.61577,19.50546,0.17092414,1
United Kingdom,1999,28.275286,16.661503,24.494522,6.7671647,19.88923,0.20110445,1
United Kingdom,2000,28.658339,17.345837,24.28417,6.8478346,20.493225,0.36200008,1
United Kingdom,2001,29.26714,17.50398,25.68792,5.5799594,21.555735,0.8445344,1
United Kingdom,2002,29.22958,19.16809,24.244068,5.9504514,20.977352,1.0453495,1
United Kingdom,2003,29.899296,21.048061,26.051369,5.6965394,19.701788,0.6128552,1
United Kingdom,2004,31.084156,21.970688,25.955322,5.8615265,21.529066,0.3814007,1
United Kingdom,2005,30.86254,20.728722,25.890854,5.873806,20.97931,0.36084816,1
United Kingdom,2006,30.756937,21.759056,26.91357,5.945207,22.619812,0.4103594,1
United Kingdom,2007,28.99552,21.901508,27.376884,6.114837,21.761627,0.6694348,1
United Kingdom,2008,28.082851,20.832767,26.00855,5.7741375,21.211727,0.578411,1
United Kingdom,2009,28.840143,19.415846,25.993946,5.3540363,19.943289,0.7861875,1
United Kingdom,2010,28.879995,19.539999,25.189997,4.7599998,19.589998,0.7999999,1
United Kingdom,2011,29.28,18.79,25.8,4.63,20.36,1.42,1
United Kingdom,2012,29.970001,18.75,25.460001,4.18,20.28,1.6200001,1
United Kingdom,2013,29.770002,18.080002,24.740002,4.4200006,20.770002,1.4500002,1
United Kingdom,2014,29.419998,18.339998,24.779999,4.4399996,19.049997,1.4599999,1
United Kingdom,2015,31.799995,18.689999,25.649996,4.8199997,18.989998,1.5099998,1
United Kingdom,2016,33.59,18.74,26.45,4.58,19.99,1.5,1
United Kingdom,2017,33.409996,18.639996,25.699997,4.319999,18.909996,1.1599997,1
United Kingdom,2018,34.489998,18.609999,25.869999,4.2199993,17.969997,0.87999994,1
United Kingdom,2019,34.219997,17.189999,25.549997,4.09,18.199999,1.02,1
United Kingdom,2020,33.84,20.299997,25.239998,3.9899998,18.13,1.05,1
United Kingdom,2021,34.14,18.0,25.32,3.64,18.07,1.16,1
United States,1961,17.375313,43.56511,29.265354,2.230043,13.76074,1.2682711,1
United States,1962,17.210272,43.870358,29.975437,2.2172742,14.116647,1.1719879,1
United States,1963,17.518639,46.06948,30.839552,2.0883143,13.753343,1.1601747,1
United States,1964,17.96138,49.470173,30.592289,1.8435435,13.410462,1.1587988,1
United States,1965,19.03142,49.47327,27.34714,1.6631441,13.526203,1.1789376,1
United States,1966,20.232546,51.455093,27.538158,1.6948179,13.9690895,1.1790037,1
United States,1967,21.006742,52.24835,30.12546,1.6636919,13.320065,1.1687962,1
United States,1968,20.810759,53.421646,31.105608,1.5894914,14.852797,1.1579076,1
United States,1969,21.664637,53.546654,30.462936,1.4716395,13.959552,1.1667999,1
United States,1970,22.463438,54.765106,31.054863,1.4249196,15.192157,1.1839405,1
United States,1971,22.586414,54.14895,33.983997,1.3986043,14.66447,1.1689826,1
United States,1972,23.485601,55.049587,31.293316,1.4053885,16.614815,1.1451313,1
United States,1973,22.457712,51.611145,28.5712,1.2060622,15.980325,1.1540768,1
United States,1974,22.517946,54.88684,30.737463,1.0495212,15.35834,1.1430429,1
United States,1975,21.977703,57.052704,25.062475,0.9347794,14.66565,1.1217353,1
United States,1976,23.697935,61.07255,26.532965,0.8515472,16.179398,1.080011,1
United States,1977,24.024754,58.998154,27.989098,0.77833974,15.992288,1.0481642,1
United States,1978,24.958769,56.040672,27.973713,0.7148838,16.753147,1.0671453,1
United States,1979,26.7993,49.76274,31.875864,0.6927288,16.460064,1.0752804,1
United States,1980,27.211805,48.81208,33.98897,0.7117569,16.030003,1.0005858,1
United States,1981,28.399223,49.247982,32.354717,0.73135465,17.737926,1.0094755,1
United States,1982,28.910273,49.172173,28.930864,0.7618804,16.967283,0.9780897,1
United States,1983,29.595129,49.815723,30.480103,0.7717784,17.95671,0.9672956,1
United States,1984,30.419842,49.61613,30.162657,0.7818424,19.710659,0.89500386,1
United States,1985,31.48527,50.102825,30.281815,0.7405879,19.594719,0.88459104,1
United States,1986,32.98007,50.622242,28.556665,0.73037577,19.40125,0.86410654,1
United States,1987,35.55542,48.717613,28.763357,0.6689153,21.71402,0.8335714,1
United States,1988,36.82601,48.147594,30.732946,0.6998795,20.646446,0.83368003,1
United States,1989,38.55781,45.42807,30.48422,0.7096529,23.089434,0.78164667,1
United States,1990,40.450905,44.53395,29.135319,0.728383,22.487543,0.74890083,1
United States,1991,41.929802,44.07586,29.298744,0.7153512,21.450317,0.7664478,1
United States,1992,43.26595,43.876476,30.87227,0.6919296,22.31473,0.7631576,1
United States,1993,43.68463,42.569714,30.406937,0.65881693,23.15995,0.73990214,1
United States,1994,44.378178,43.852634,30.6736,0.59629065,22.67926,0.76810324,1
United States,1995,43.929974,43.57684,30.29897,0.5952844,22.156689,0.7869862,1
United States,1996,45.05335,44.196247,28.304554,0.5545958,21.175478,0.7260164,1
United States,1997,45.405514,43.19774,28.045769,0.5343011,21.130096,0.6451938,1
United States,1998,45.674503,43.688656,30.7252,0.5846659,21.89473,0.6955508,1
United States,1999,48.19316,44.201424,31.08716,0.5745681,21.773108,0.7560107,1
United States,2000,47.748344,43.83818,29.769653,0.5441981,22.211346,0.7255975,1
United States,2001,47.91369,43.109226,29.370678,0.56404597,21.645264,0.6949852,1
United States,2002,49.638294,44.041275,30.159466,0.5838615,22.810863,0.79525965,1
United States,2003,49.952423,42.346375,30.303465,0.5432892,24.105942,0.7746901,1
United States,2004,52.141594,42.863266,30.11687,0.5327751,24.980116,0.77403176,1
United States,2005,52.854584,42.438354,29.310087,0.48213986,23.413918,0.7734327,1
United States,2006,53.180275,42.568314,28.964525,0.5220642,24.286026,0.80317575,1
United States,2007,52.851562,42.0344,29.661898,0.531827,22.597631,0.8228267,1
United States,2008,51.772427,40.707714,29.17152,0.5015736,21.647917,0.8426436,1
United States,2009,48.90485,39.73582,29.162338,0.46146116,21.478006,0.82260466,1
United States,2010,51.12,38.78,28.08,0.44,21.46,0.8,1
United States,2011,51.610004,36.960003,26.900002,0.40000004,21.510002,0.8000001,1
United States,2012,49.649998,37.05,27.289999,0.40999997,21.049997,0.80999994,1
United States,2013,50.12,36.31,27.699999,0.42999998,21.07,0.81,1
United States,2014,50.610004,37.050003,25.870003,0.46000004,21.620003,0.8000001,1
United States,2015,54.05,34.77,26.33,0.47,21.72,0.8,1
United States,2016,54.839996,35.619995,26.469997,0.46999997,21.679998,0.79999995,1
United States,2017,54.999996,36.57,26.419998,0.49999997,22.38,0.79999995,1
United States,2018,56.06,36.61,29.63,0.54,22.29,0.8,1
United States,2019,57.469997,37.119995,30.349998,0.60999995,22.539999,0.79999995,1
United States,2020,57.889996,37.46,30.189999,0.61,22.429998,0.79999995,1
United States,2021,57.67,37.81,29.73,0.7,22.36,0.92,1
Uruguay,1961,2.9524481,76.24145,7.0296383,21.781837,4.1776133,0.26110083,1
Uruguay,1962,3.0334573,68.58426,7.332529,22.178389,3.3950615,0.26115856,1
Uruguay,1963,2.9535055,71.55721,7.2431207,19.398703,3.7772722,0.26119435,1
Uruguay,1964,2.8445308,82.993965,7.53851,18.735708,4.563311,0.27138636,1
Uruguay,1965,2.996203,73.83931,6.7062664,15.664711,5.6706657,0.26141366,1
Uruguay,1966,2.9875193,64.27693,7.624712,20.902576,4.244892,0.28165165,1
Uruguay,1967,2.9192672,65.60298,9.1201935,16.659954,3.6239178,0.27179384,1
Uruguay,1968,3.4455469,79.65056,7.838115,19.2326,3.66719,0.34253973,1
Uruguay,1969,3.8489685,81.271675,7.3855863,17.783846,4.181471,0.17128918,1
Uruguay,1970,4.380759,85.711815,7.8148713,24.431543,3.54489,0.14098994,1
Uruguay,1971,5.1729517,71.45704,9.281178,20.179533,3.957559,0.16071305,1
Uruguay,1972,5.911894,61.40967,7.8025,23.00737,6.8021793,0.21006729,1
Uruguay,1973,6.893787,65.90381,7.4608083,16.523205,5.3817296,0.22879812,1
Uruguay,1974,6.0070496,74.30136,9.4608555,17.338305,4.5918794,0.19792585,1
Uruguay,1975,5.153596,81.39331,9.361216,11.676886,5.0550566,0.29561734,1
Uruguay,1976,5.219825,73.91312,9.584424,11.511139,5.9472585,0.26541483,1
Uruguay,1977,5.2341404,73.42526,9.142561,11.892202,6.2063355,0.25532392,1
Uruguay,1978,4.9049897,68.39463,9.023609,11.402382,6.772621,0.24574098,1
Uruguay,1979,4.8057775,64.621956,9.6804905,9.650947,6.6965756,0.26589343,1
Uruguay,1980,4.5510764,74.752174,8.490078,8.203785,6.7229567,0.1776993,1
Uruguay,1981,4.2054706,72.98718,8.678113,11.349824,4.4231653,0.25727585,1
Uruguay,1982,5.542737,76.91415,7.7439666,11.521753,3.1828594,0.30737895,1
Uruguay,1983,5.631564,58.907948,7.3200397,10.925433,2.959799,0.35755965,1
Uruguay,1984,5.790471,58.34248,6.3575788,12.386832,3.472293,0.28852862,1
Uruguay,1985,5.6471004,55.534798,6.4637885,13.11681,2.7588127,0.33862683,1
Uruguay,1986,5.8204036,52.572994,5.650974,11.07272,3.837081,0.19932888,1
Uruguay,1987,6.1123786,57.344677,6.242005,14.368576,5.165109,0.12962629,1
Uruguay,1988,7.2094126,56.76789,6.451576,15.535636,3.799151,0.22934507,1
Uruguay,1989,7.548262,53.59565,6.660817,12.882898,5.7833447,0.33902365,1
Uruguay,1990,7.2935576,46.964127,7.16385,11.793413,5.0885286,0.5886729,1
Uruguay,1991,8.051327,61.293972,7.032424,15.713073,5.823726,0.7891499,1
Uruguay,1992,8.323345,60.66438,7.3429513,17.096872,5.2421064,0.8503418,1
Uruguay,1993,10.220102,61.681328,7.8253922,16.793032,7.013796,0.8516752,1
Uruguay,1994,10.285522,63.68996,8.198314,17.25961,7.3453684,0.87301505,1
Uruguay,1995,11.495964,51.520813,8.109478,13.4957,6.4011617,0.78381574,1
Uruguay,1996,11.797604,52.394646,8.274428,15.642898,4.751253,0.8958931,1
Uruguay,1997,12.32774,50.631428,8.59817,13.54741,5.906832,1.0079918,1
Uruguay,1998,14.993557,51.135498,9.928439,11.714347,6.2355437,0.92826873,1
Uruguay,1999,17.377733,48.13693,11.161309,11.908087,8.022821,0.9587019,1
Uruguay,2000,16.563505,40.62195,10.722903,10.480805,7.847995,1.0591766,1
Uruguay,2001,16.17672,43.279026,10.59298,15.89451,7.5390573,1.098606,1
Uruguay,2002,13.09481,40.069515,8.786908,16.678017,6.542372,0.8354106,1
Uruguay,2003,9.15072,26.327152,8.678619,14.765706,7.061423,0.6729948,1
Uruguay,2004,12.117168,28.206522,9.087876,12.097107,5.5068917,0.9428922,1
Uruguay,2005,15.193512,22.720114,9.059983,9.561089,6.734855,1.0623431,1
Uruguay,2006,17.18984,21.940851,9.040955,10.233719,7.2568192,1.30302,1
Uruguay,2007,14.119562,19.61496,10.900543,14.941866,7.490989,1.0730066,1
Uruguay,2008,20.227728,28.630014,10.801507,14.686435,7.528931,1.2447833,1
Uruguay,2009,18.959375,27.369017,10.529636,12.770199,5.8576126,0.83393115,1
Uruguay,2010,17.629982,33.49997,11.05999,4.8899956,5.419995,0.9399991,1
Uruguay,2011,19.120052,29.870079,13.2600355,4.2700114,7.240019,0.69000185,1
Uruguay,2012,21.129972,28.259966,13.889983,5.0999937,6.509992,0.69999915,1
Uruguay,2013,11.849976,29.44994,15.669968,1.7599963,6.9299855,0.7699984,1
Uruguay,2014,16.91,33.9,15.44,2.16,9.23,0.99,1
Uruguay,2015,9.98,32.58,15.91,1.5,8.63,1.01,1
Uruguay,2016,10.140006,26.170015,17.44001,1.6600009,8.270005,0.9600006,1
Uruguay,2017,9.279986,31.379953,17.949974,0.90999866,9.259987,0.91999865,1
Uruguay,2018,9.549989,26.559969,19.139977,1.5399982,10.179989,1.0599988,1
Uruguay,2019,21.059986,28.299982,19.129988,1.3799992,9.219995,1.0799993,1
Uruguay,2020,21.19002,20.660019,18.410017,2.5500023,9.220009,1.090001,1
Uruguay,2021,23.319965,16.259977,20.729969,0.63999903,9.229986,1.8199974,1
Uzbekistan,1992,3.142099,16.358864,1.675786,3.122149,1.2967391,0.13964884,0
Uzbekistan,1993,1.7250713,17.569801,1.2264957,3.3504274,0.93732196,0.0897436,0
Uzbekistan,1994,2.2134347,23.111448,0.9073088,3.2304182,0.64807767,0.08973384,0
Uzbekistan,1995,2.4619322,22.536148,0.6777789,3.6081758,0.63790953,0.08970603,0
Uzbekistan,1996,1.4248244,21.691208,0.40851608,3.2382374,0.31884181,0.089674264,0
Uzbekistan,1997,1.3849185,23.41409,0.1893054,2.7598734,0.4981721,0.039853767,0
Uzbekistan,1998,1.3153324,22.320791,0.6775955,3.378013,0.51816124,0.09964639,0
Uzbekistan,1999,1.2755927,15.4466305,0.8271421,2.9697392,0.438485,0.07972454,0
Uzbekistan,2000,1.0160487,15.8284445,0.6574433,3.1876037,0.39845046,0.23907027,0
Uzbekistan,2001,0.636212,16.04447,0.4870998,2.972303,0.318106,0.13917138,0
Uzbekistan,2002,0.65367764,16.678682,0.26741356,2.7830818,0.26741356,0.13865888,0
Uzbekistan,2003,0.937095,17.716026,0.562257,2.8606057,0.23673978,0.28606057,0
Uzbekistan,2004,0.91401523,19.007586,0.815734,2.6535926,0.26535928,0.21621865,0
Uzbekistan,2005,1.0682837,19.670141,0.92127216,2.7736173,0.28422228,0.2156169,0
Uzbekistan,2006,1.1738926,20.533339,0.86085457,3.101033,0.26412585,0.17608391,0
Uzbekistan,2007,1.0253693,20.20466,0.83006096,3.0370464,0.30272812,0.15624675,0
Uzbekistan,2008,1.0038544,21.15891,0.8089312,3.1772478,0.43857715,0.1656847,0
Uzbekistan,2009,1.0113916,22.11447,0.7682687,3.3161979,0.45707124,0.17504857,0
Uzbekistan,2010,1.6699997,25.169996,1.0199999,4.6399994,0.5199999,0.20999996,0
Uzbekistan,2011,1.7600003,25.710003,1.1000003,4.750001,0.8700001,0.22000004,0
Uzbekistan,2012,1.9199995,26.229994,1.1499997,4.8799987,1.2499996,0.21999994,0
Uzbekistan,2013,1.8800007,26.75001,1.1600003,4.920002,1.6100006,0.23000008,0
Uzbekistan,2014,2.0199997,27.529999,1.1799998,5.0299997,1.9099997,0.48999995,0
Uzbekistan,2015,2.0600002,27.790005,1.2400001,5.1200004,2.2800002,0.15000002,0
Uzbekistan,2016,2.1200001,28.120005,1.1300001,5.1900005,2.2900002,0.15000002,0
Uzbekistan,2017,2.11,28.18,1.11,5.24,2.79,0.15,0
Uzbekistan,2018,2.3500001,29.510002,0.120000005,5.4900002,3.0500002,0.16000001,0
Uzbekistan,2019,2.7400002,29.860004,0.19000001,5.8700004,4.0900006,0.21000001,0
Uzbekistan,2020,4.3399997,29.369999,0.13,4.8699994,4.03,0.18999998,0
Uzbekistan,2021,6.4699993,30.419998,0.15999998,4.9699993,3.9599998,0.22999999,0
Vanuatu,1961,1.439639,18.248665,19.896805,0.23828506,28.058067,0.14892818,1
Vanuatu,1962,1.4611685,18.746693,19.333149,0.24849805,29.23331,0.14909883,1
Vanuatu,1963,1.4513541,22.674921,18.778135,0.23857875,29.822344,0.13917094,1
Vanuatu,1964,1.4497911,23.961271,18.51959,0.23832181,31.716661,0.13902105,1
Vanuatu,1965,1.4465123,22.936136,18.388538,0.23778284,30.792877,0.14861427,1
Vanuatu,1966,1.4517009,23.414848,16.837755,0.23701239,31.65103,0.31601653,1
Vanuatu,1967,1.4339918,22.655079,16.640278,0.22904035,33.061478,0.13941586,1
Vanuatu,1968,1.4655077,23.250082,16.42755,0.22774783,35.122677,0.10892288,1
Vanuatu,1969,1.4952828,22.862087,16.212013,0.2262599,35.46378,0.10821126,1
Vanuatu,1970,2.666077,23.027872,16.738665,0.21484868,43.282246,0.18555114,1
Vanuatu,1971,3.3607981,25.279472,16.62762,0.22535965,49.02062,0.17636842,1
Vanuatu,1972,3.9952753,23.43175,16.481737,0.21596082,47.207073,0.078531206,1
Vanuatu,1973,4.350897,21.145557,15.959837,0.20625019,48.547367,0.06875007,1
Vanuatu,1974,4.4079304,28.93134,15.4915695,0.20616156,43.22521,0.07853774,1
Vanuatu,1975,3.8522615,23.48605,14.791508,0.20584603,33.37646,0.07841753,1
Vanuatu,1976,3.803011,24.470272,14.488591,0.20530392,51.501957,0.07821102,1
Vanuatu,1977,3.8196442,17.470976,15.502688,0.20462379,50.66875,0.07795192,1
Vanuatu,1978,3.4779274,16.505583,15.815828,0.19429764,49.33217,0.06800417,1
Vanuatu,1979,3.3990412,16.084225,16.642569,0.21550117,44.83404,0.06856856,1
Vanuatu,1980,4.87861,17.256733,17.61993,0.20613845,36.398163,0.07852893,1
Vanuatu,1981,3.8288352,11.516033,18.189426,0.19685528,37.579674,0.07874211,1
Vanuatu,1982,4.213814,10.216787,18.5662,0.1955366,33.016354,0.06843781,1
Vanuatu,1983,3.6292207,9.84096,21.022089,0.33259705,31.606503,0.07825813,1
Vanuatu,1984,3.9013143,14.549262,19.496794,0.30310962,36.43182,0.0977773,1
Vanuatu,1985,3.8569872,11.336613,22.751343,0.2831712,37.50554,0.12693882,1
Vanuatu,1986,4.131312,10.552385,21.328873,0.22410421,36.743343,0.068205625,1
Vanuatu,1987,4.3333454,11.251152,18.450724,0.3400607,31.635365,0.44693696,1
Vanuatu,1988,3.728151,10.0999,14.98039,0.21303721,34.173107,0.058101054,1
Vanuatu,1989,3.7013662,9.472,13.736829,0.28173128,29.64979,2.496722,1
Vanuatu,1990,3.8673956,10.403976,14.651292,0.20457256,31.835388,2.8250499,1
Vanuatu,1991,4.3339753,12.230791,16.203602,0.20498532,30.27926,1.3860912,1
Vanuatu,1992,4.4469175,12.109299,16.214146,0.20524235,30.004478,1.8765014,1
Vanuatu,1993,4.7341356,10.422972,15.708275,0.2558992,30.747274,0.93501633,1
Vanuatu,1994,4.79489,9.973764,15.526779,0.21660693,31.024021,1.6639351,1
Vanuatu,1995,5.2776003,12.032142,15.370026,0.20677164,32.11853,1.0437045,1
Vanuatu,1996,5.1681213,9.814508,16.301731,0.18703677,33.341766,2.4905422,1
Vanuatu,1997,4.6372128,8.129798,16.024797,0.20544614,31.110415,2.4457874,1
Vanuatu,1998,5.628666,10.606001,15.836092,0.19442715,30.875032,2.0025995,1
Vanuatu,1999,5.9190717,10.158016,15.88397,0.19311817,31.0534,1.9118699,1
Vanuatu,2000,6.452805,10.690469,15.525258,0.24077632,31.117931,1.8684243,1
Vanuatu,2001,6.599169,10.196099,15.135883,0.23020355,29.485239,1.8224448,1
Vanuatu,2002,6.535735,8.292034,14.933339,0.19194523,27.976017,1.7754934,1
Vanuatu,2003,6.1445236,8.9287615,14.31482,0.17281474,28.1688,2.0161717,1
Vanuatu,2004,6.09798,8.585187,14.078171,0.20166548,28.809355,2.1510985,1
Vanuatu,2005,6.0402403,9.238014,14.394786,0.21126437,28.81838,2.093438,1
Vanuatu,2006,8.052833,8.101052,14.52403,0.26039097,29.501333,1.1090726,1
Vanuatu,2007,8.025084,11.13685,15.722612,0.21194698,31.849852,1.2331461,1
Vanuatu,2008,10.155279,10.270679,15.886856,0.23080178,33.802845,1.480978,1
Vanuatu,2009,10.234543,7.9698377,15.293992,0.2505632,33.421276,2.1201503,1
Vanuatu,2010,10.68939,8.679505,14.659163,0.24998574,32.798126,1.5299127,1
Vanuatu,2011,11.579124,7.419439,14.698888,0.2799788,34.057426,1.599879,1
Vanuatu,2012,11.329164,9.599292,14.298944,0.22998302,32.427605,1.6498781,1
Vanuatu,2013,11.249274,10.699309,14.059093,0.3999742,32.747887,1.4599059,1
Vanuatu,2014,10.57953,13.789387,13.71939,0.44997996,32.768543,0.3799831,1
Vanuatu,2015,12.69954,9.66965,13.569509,0.2899895,33.78878,0.10999602,1
Vanuatu,2016,14.129052,9.819341,13.85907,0.2699819,33.017784,0.10999262,1
Vanuatu,2017,16.049446,9.55967,14.029516,0.25999102,31.058928,0.11999586,1
Vanuatu,2018,17.34959,8.4897995,14.919648,0.23999433,31.169266,0.119997166,1
Vanuatu,2019,15.409291,8.5196085,13.089397,0.15999264,31.618546,0.10999494,1
Vanuatu,2020,15.159805,8.329893,12.879835,0.18999755,30.879602,0.08999885,1
Vanuatu,2021,20.899607,9.139829,13.179753,0.11999775,30.159433,0.08999831,1
Venezuela,1961,4.889708,15.349026,4.3495116,0.5588238,9.798044,0.27009815,1
Venezuela,1962,5.059606,15.048127,4.5741825,0.78414553,9.783149,0.14936106,1
Venezuela,1963,5.426803,15.447675,4.556643,0.52396715,9.992803,0.02806967,1
Venezuela,1964,6.3565183,15.966299,4.5564423,0.49689594,11.344229,0.009375395,1
Venezuela,1965,6.3374367,16.073618,3.9339054,0.57271653,11.45433,0.0,1
Venezuela,1966,6.60606,16.79236,3.7493854,0.6201991,11.144789,0.0,1
Venezuela,1967,7.1920953,16.931978,3.80758,0.61109304,9.382628,0.0,1
Venezuela,1968,7.4505186,16.4156,4.054512,0.555026,10.140984,0.0,1
Venezuela,1969,7.6782804,18.051025,4.2772264,0.6123782,10.862647,0.0,1
Venezuela,1970,8.22564,16.819592,4.2686443,0.6327416,9.245582,0.0,1
Venezuela,1971,8.576321,17.38008,3.8759286,0.64440864,9.770372,0.0,0
Venezuela,1972,9.593094,17.30183,4.082775,0.63763624,10.297348,0.0,1
Venezuela,1973,10.6150675,18.18906,5.9386997,0.71723425,10.940212,0.0,1
Venezuela,1974,11.546145,19.112186,5.3164186,0.74987453,10.161761,0.009613777,1
Venezuela,1975,12.434087,19.782381,5.9849925,0.7735047,9.610795,0.009668808,1
Venezuela,1976,13.433228,20.242249,6.205937,0.729538,9.172726,0.019454347,1
Venezuela,1977,14.026007,20.280449,6.205505,0.7928168,10.443649,0.04893931,1
Venezuela,1978,16.086527,22.466007,6.527153,0.74821055,12.562062,0.04922438,1
Venezuela,1979,15.797736,22.296867,5.9649563,0.64298856,10.742856,0.019784264,1
Venezuela,1980,17.269085,21.884098,5.9747066,0.4863133,11.582197,0.07939809,1
Venezuela,1981,20.026114,21.318764,6.2942057,0.49717262,11.504575,0.03977381,1
Venezuela,1982,21.400717,21.142036,5.641193,0.50740886,12.496188,0.059695162,1
Venezuela,1983,19.351507,20.286747,5.9895153,0.4377719,11.551208,0.009949361,1
Venezuela,1984,21.381948,16.994123,6.05938,0.40793854,12.347603,0.0,1
Venezuela,1985,20.217438,17.778605,6.6097383,0.40813145,10.979732,0.0,1
Venezuela,1986,18.9278,16.63654,7.4515758,0.408442,11.416451,0.0,1
Venezuela,1987,19.533716,15.48538,7.159371,0.43873584,13.83015,0.0,1
Venezuela,1988,21.011065,15.93048,7.7755914,0.4391862,13.355252,0.0,1
Venezuela,1989,14.175792,16.753208,7.182801,0.4495494,13.366603,0.0,1
Venezuela,1990,12.503932,18.351095,5.33741,0.33983508,12.973703,0.009995149,1
Venezuela,1991,15.554452,15.914324,5.428064,0.44983953,13.285261,0.009996434,1
Venezuela,1992,17.202965,16.82312,6.4373674,0.4098324,13.274571,0.009995912,1
Venezuela,1993,18.189602,17.709873,6.266417,0.45973715,15.930891,0.009994286,1
Venezuela,1994,17.918541,15.420139,5.5664406,0.34977633,17.74865,0.009993609,1
Venezuela,1995,19.82628,13.620574,6.245678,0.32977182,20.675694,0.009993085,1
Venezuela,1996,20.65616,14.710144,5.9959826,0.30979243,19.726782,0.009993304,1
Venezuela,1997,20.424421,17.506645,5.75561,0.4096875,18.905579,0.009992378,1
Venezuela,1998,22.160357,16.61527,5.1054745,0.38965458,20.851517,0.009991143,1
Venezuela,1999,26.495697,15.645649,5.355088,0.34967923,16.714668,0.019981671,1
Venezuela,2000,28.38705,16.886349,5.1258564,0.38968495,15.3975525,0.019983845,1
Venezuela,2001,35.255527,16.27332,4.7480507,0.2598933,19.681921,0.02998769,1
Venezuela,2002,35.244278,16.421993,4.630562,0.27003276,19.182327,0.020002427,1
Venezuela,2003,27.26582,16.179388,4.5926647,0.28016254,17.830345,0.010005806,1
Venezuela,2004,29.738583,15.820525,5.386989,0.26033774,20.005955,0.01001299,1
Venezuela,2005,31.647745,15.8739805,5.2211766,0.310665,14.290591,0.010021452,1
Venezuela,2006,31.703672,19.43355,6.310636,0.31101704,13.333602,0.020065615,1
Venezuela,2007,34.1416,22.787863,8.18876,0.3114743,15.161765,0.020095116,1
Venezuela,2008,41.474575,27.411472,9.02978,0.312066,13.348371,0.010066644,1
Venezuela,2009,40.76382,25.679188,7.688621,0.33297178,14.539767,0.020180108,1
Venezuela,2010,44.51999,19.159996,8.119998,0.3799999,10.489998,0.03999999,1
Venezuela,2011,45.800003,20.350002,8.740001,0.39000002,10.300001,0.040000003,1
Venezuela,2012,39.150005,24.510002,7.3000007,0.31000003,11.960001,0.040000003,1
Venezuela,2013,40.019997,26.279999,7.4299994,0.32999998,11.009999,0.039999995,1
Venezuela,2014,43.6,25.05,8.79,0.33,11.05,0.04,1
Venezuela,2015,31.059998,18.24,7.0699997,0.33,8.51,0.04,1
Venezuela,2016,21.479998,15.0599985,6.4599996,0.31999996,9.659999,0.019999998,0
Venezuela,2017,15.89,14.18,4.53,0.32,9.45,0.0,0
Venezuela,2018,15.119999,15.219999,4.6699996,0.27999997,9.739999,0.009999999,0
Venezuela,2019,16.749996,12.439997,4.709999,0.3499999,10.009998,0.0,0
Venezuela,2020,16.079994,11.999996,4.4999986,0.33999988,10.179997,0.009999997,0
Venezuela,2021,16.280005,13.020003,5.9400015,0.35000008,10.290003,0.010000003,0
Vietnam,1961,1.6545855,1.9875203,7.4355454,0.030266806,14.074065,0.040355742,0
Vietnam,1962,1.7407748,1.9735528,7.4387755,0.030362349,15.747939,0.05060392,0
Vietnam,1963,2.057157,1.9355516,7.316588,0.030401336,17.693577,0.050668895,0
Vietnam,1964,1.777074,1.9700135,7.2504616,0.030464126,17.719967,0.050773542,0
Vietnam,1965,1.9049345,2.0169895,7.29376,0.030560445,18.01029,0.06112089,0
Vietnam,1966,1.8008399,2.0873373,7.418233,0.030696135,17.793526,0.07162432,0
Vietnam,1967,1.7795641,1.964721,7.632581,0.030859493,18.165955,0.07200548,0
Vietnam,1968,1.779884,2.0489361,7.223017,0.08278529,18.533558,0.062088974,0
Vietnam,1969,1.6749691,2.0390928,6.8975434,0.031210603,19.298555,0.052017674,0
Vietnam,1970,1.6707542,2.1615381,6.4428463,0.03132664,14.786175,0.06265328,0
Vietnam,1971,1.6939241,2.0598953,6.4097247,0.041825283,16.09228,0.07319425,0
Vietnam,1972,1.9781153,2.0932436,6.3320622,0.041864872,18.117023,0.083729744,0
Vietnam,1973,1.969232,1.9797066,6.2324095,0.041898552,18.131598,0.083797105,0
Vietnam,1974,1.9279658,1.9593999,5.7734194,0.0419123,12.51082,0.0838246,0
Vietnam,1975,1.5180825,1.9159248,5.2557063,0.0314086,11.610714,0.0628172,0
Vietnam,1976,1.5968823,1.8056252,5.1872582,0.03131142,12.618502,0.073059976,0
Vietnam,1977,1.5178425,1.7985394,5.2396755,0.031188544,11.841251,0.08316945,0
Vietnam,1978,1.5120212,1.8641356,5.323143,0.031068927,11.443722,0.08285047,0
Vietnam,1979,1.6259347,1.978048,5.3852615,0.031068815,11.4851055,0.08285017,0
Vietnam,1980,1.8137226,1.9380921,5.503352,0.020728257,10.51959,0.082913026,0
Vietnam,1981,2.1109786,1.9868033,7.2849455,0.031043801,10.337585,0.072435535,0
Vietnam,1982,2.2321339,2.0771244,8.081151,0.031001857,11.264008,0.062003713,0
Vietnam,1983,2.6426466,2.1884415,8.939578,0.030968513,12.624831,0.061937027,0
Vietnam,1984,2.6818252,2.300181,9.056317,0.04125885,12.418914,0.051573563,0
Vietnam,1985,2.4431741,2.371013,9.308803,0.051543757,12.576676,0.061852507,0
Vietnam,1986,2.1742394,2.225762,10.108668,0.051522262,12.530214,0.14426233,0
Vietnam,1987,2.6476042,2.2870357,10.569814,0.051509812,12.712622,0.16483139,0
Vietnam,1988,2.5136328,2.4106147,10.270868,0.051508866,12.207602,0.1545266,0
Vietnam,1989,2.5442,2.4308953,10.763923,0.041201618,13.771641,0.16480647,0
Vietnam,1990,2.5334325,2.4510446,10.648656,0.041194025,13.058506,0.1647761,0
Vietnam,1991,2.4099743,2.4202733,10.103354,0.030897107,12.204358,0.18538266,0
Vietnam,1992,2.5137799,2.4828727,11.569569,0.030907128,11.62108,0.18544279,0
Vietnam,1993,2.3603504,2.4015791,12.059432,0.041228827,12.121276,0.20614415,0
Vietnam,1994,2.3403506,2.4228299,13.031732,0.041239657,15.031855,0.2165082,0
Vietnam,1995,2.3705003,2.4426458,13.563384,0.051532615,16.490437,0.2267435,0
Vietnam,1996,2.6255524,2.3475528,13.972057,0.061777703,16.59761,0.22651824,0
Vietnam,1997,3.742435,2.159097,14.322011,0.061688486,15.9361925,0.24675395,0
Vietnam,1998,3.8888955,2.1137533,15.063058,0.06156563,16.427763,0.22574064,0
Vietnam,1999,4.1692076,2.2843568,15.990498,0.061462514,18.961187,0.23560633,0
Vietnam,2000,4.6279554,2.3446941,16.894085,0.061433032,20.713171,0.24573213,0
Vietnam,2001,4.8330197,2.436989,18.359333,0.061436694,19.792856,0.21502843,0
Vietnam,2002,5.33312,2.4976609,20.32932,0.0716542,20.44192,0.22519892,0
Vietnam,2003,5.606258,2.5166779,21.913511,0.07161278,24.69618,0.23529916,1
Vietnam,2004,5.152651,2.7092311,24.250174,0.09201162,26.489124,0.2249173,1
Vietnam,2005,4.802087,3.0958138,27.4332,0.112389274,27.617111,0.25543016,1
Vietnam,2006,5.433825,3.3808193,29.722612,0.12256747,24.881197,0.26556286,1
Vietnam,2007,6.9436603,4.3397875,31.39964,0.15316898,29.71478,0.2859154,1
Vietnam,2008,8.941322,5.1545296,32.50926,0.13269085,30.906763,0.30620968,1
Vietnam,2009,10.1475525,5.68059,35.072796,0.1529782,35.0626,0.3059564,1
Vietnam,2010,11.879999,3.3599997,25.259998,0.18999998,33.839996,0.019999998,1
Vietnam,2011,15.860002,5.2400007,25.530005,0.15000004,33.460003,0.020000003,1
Vietnam,2012,12.61,5.59,25.73,0.13,34.47,0.02,1
Vietnam,2013,13.050001,5.6100006,26.010002,0.14000002,33.520004,0.020000001,1
Vietnam,2014,8.75,2.56,26.569998,0.11999999,32.39,0.02,1
Vietnam,2015,9.32,2.71,27.62,0.15,35.21,0.03,1
Vietnam,2016,9.63,2.83,28.770002,0.16,35.66,0.030000001,1
Vietnam,2017,9.87,2.85,29.04,0.18,38.34,0.03,1
Vietnam,2018,11.31,3.03,29.63,0.21,39.22,0.01,1
Vietnam,2019,13.900001,3.6100001,25.530003,0.23000002,40.200005,0.25000003,1
Vietnam,2020,16.41,3.98,27.25,0.23,39.84,0.03,1
Vietnam,2021,19.620003,5.1800003,27.300001,0.23000002,39.500004,0.26000002,1
World,1961,2.8606536,9.31699,7.9661255,1.9071022,8.959408,0.88402134,0
World,1962,2.9296641,9.633132,8.232852,1.9067644,9.166372,0.86400265,0
World,1963,3.0001924,9.871921,8.683726,1.8714072,9.426348,0.8416382,1
World,1964,3.0608664,9.834268,8.65929,1.8266462,9.508434,0.8392699,0
World,1965,3.2439153,9.840205,9.19931,1.7945064,9.869785,0.8085139,1
World,1966,3.371054,10.132875,9.373896,1.7939527,9.975165,0.8082644,1
World,1967,3.501115,10.345549,9.596013,1.8048002,10.187752,0.80870825,1
World,1968,3.5710557,10.624385,9.578716,1.8052576,10.535602,0.8089132,1
World,1969,3.7491255,10.714606,9.293885,1.7759016,10.428489,0.82875407,0
World,1970,4.005873,10.656018,9.412816,1.7562696,10.734952,0.8189347,0
World,1971,4.1053166,10.381715,10.144869,1.7664703,10.825799,0.8092211,0
World,1972,4.3141,10.296582,10.395303,1.7276144,11.264046,0.81938285,0
World,1973,4.4037013,10.169983,10.298342,1.6390457,11.47332,0.80964905,0
World,1974,4.4931316,10.635391,10.31939,1.5602523,11.632767,0.80975115,0
World,1975,4.524114,10.984312,10.1249275,1.6002325,11.557235,0.80011624,0
World,1976,4.7131653,11.343215,10.029062,1.5512935,11.609999,0.8003488,0
World,1977,4.9309397,11.255192,9.970578,1.5316546,11.42318,0.79053146,0
World,1978,5.19745,11.116219,10.464067,1.5513302,11.481819,0.7806056,0
World,1979,5.5120835,10.619157,11.300758,1.5311342,11.340272,0.7902629,0
World,1980,5.687397,10.476264,11.710507,1.5699586,11.374794,0.7701683,0
World,1981,5.901639,10.36241,11.566423,1.5790339,11.7144575,0.75004107,0
World,1982,6.0058417,10.187249,11.3805275,1.5778894,11.715829,0.7297739,0
World,1983,6.0626035,10.222633,11.661886,1.5871205,11.770323,0.73934186,0
World,1984,6.063089,10.302321,11.850135,1.577389,12.145895,0.7295424,0
World,1985,6.24157,10.304013,12.207051,1.5875083,12.414118,0.7395225,0
World,1986,6.5582976,10.522862,12.002177,1.6075226,12.810869,0.7002092,0
World,1987,6.9534097,10.366005,12.368192,1.6372566,13.2361355,0.7002724,0
World,1988,7.1815968,10.259423,12.863738,1.6474266,13.258331,0.7004029,0
World,1989,7.2112412,10.190441,12.863829,1.6868979,13.505047,0.68067807,0
World,1990,7.544888,10.197927,12.860828,1.7160922,13.393409,0.66079414,0
World,1991,7.826428,10.093529,12.8041935,1.7151114,12.892906,0.6702734,0
World,1992,8.059556,9.764083,12.976083,1.6946744,12.828292,0.7093986,0
World,1993,8.381488,9.512792,13.07394,1.7018749,13.2313385,0.68861985,1
World,1994,8.731943,9.538271,13.225747,1.7011555,13.884576,0.7178287,1
World,1995,9.228646,9.47435,13.258193,1.7297568,14.870012,0.74694043,1
World,1996,9.301187,9.458334,13.141486,1.6500521,15.292447,0.74645215,1
World,1997,9.774761,9.470526,13.003572,1.697825,15.339309,0.72623724,1
World,1998,10.011499,9.393747,13.688593,1.735588,15.40457,0.74522424,1
World,1999,10.375123,9.385616,13.745323,1.7438828,15.518598,0.7445792,1
World,2000,10.756576,9.366735,13.888608,1.771556,15.669952,0.7536454,1
World,2001,10.989528,9.082981,13.717355,1.7305572,15.887884,0.8212814,1
World,2002,11.310658,9.249736,13.908789,1.7385986,15.930642,0.80092746,1
World,2003,11.485796,9.182781,14.257218,1.7565362,16.150373,0.79044133,1
World,2004,11.729183,9.184448,14.059421,1.8037398,16.506657,0.7507458,0
World,2005,11.933326,9.234932,14.134903,1.8314002,16.706656,0.76957774,0
World,2006,12.205134,9.343644,14.39505,1.8297968,17.149479,0.79810286,0
World,2007,12.737679,9.480333,14.624022,1.8668963,17.589664,0.836214,0
World,2008,13.210182,9.344261,14.890595,1.8455402,17.872599,0.8547765,0
World,2009,13.341542,9.227496,14.961934,1.8338556,18.105686,0.8829676,0
World,2010,13.81428,9.311556,15.285564,1.7675169,18.267632,0.7702029,0
World,2011,14.197546,9.103016,14.888663,1.7771614,18.364002,0.7799764,0
World,2012,14.3158455,9.097457,14.92102,1.8254439,18.681036,0.79367125,0
World,2013,14.582076,9.086518,14.939189,1.8748384,19.026138,0.8035022,0
World,2014,14.620739,9.036291,15.106774,1.9342227,19.50093,0.78360814,0
World,2015,14.877936,8.877169,15.314356,1.9142945,19.718224,0.78357136,0
World,2016,15.165007,8.817326,15.323698,1.9241408,19.876177,0.7438689,0
World,2017,15.313856,8.847124,15.264265,1.943987,20.104397,0.68436277,0
World,2018,15.760029,9.035484,15.224445,1.9638047,20.272812,0.69427437,0
World,2019,16.407326,9.093097,14.847089,1.9279354,20.402327,0.6757712,0
World,2020,16.853485,9.291279,13.276094,1.9476906,20.20232,0.66579217,0
World,2021,16.961702,9.3503,13.891306,1.9773748,20.032099,0.6558128,0
Yemen,1961,0.25705752,3.406012,0.073445,4.4342422,2.3686013,0.34886378,0
Yemen,1962,0.26593697,3.347138,0.064191684,4.520929,2.0449638,0.33929893,0
Yemen,1963,0.24755283,3.254861,0.10085485,4.474288,2.2279754,0.33923906,0
Yemen,1964,0.27485,3.2523916,0.09161667,4.480055,2.9042482,0.39395165,0
Yemen,1965,0.2742526,3.2818892,0.08227578,4.516026,2.3951392,0.3839536,0
Yemen,1966,0.291669,3.1172125,0.08203191,4.083366,2.2968934,0.38281557,0
Yemen,1967,0.25427696,3.0513234,0.00908132,4.086594,2.588176,0.33600885,0
Yemen,1968,0.22598542,2.5491154,0.0,3.859831,2.8112586,0.30734017,0
Yemen,1969,0.23354869,2.2905736,0.0,3.2786644,1.90432,0.2964272,0
Yemen,1970,0.23163494,2.2094412,0.0,3.2161622,2.414349,0.2939982,0
Yemen,1971,0.22045228,2.3103397,0.0,3.5272365,2.248613,0.27336082,0
Yemen,1972,0.21792337,2.3448555,0.008716935,3.2165492,2.9201732,0.26150805,0
Yemen,1973,0.21553057,2.2328968,0.008621223,3.1467464,4.448551,0.31898525,0
Yemen,1974,0.20511134,2.401512,0.0,3.350152,4.1705976,0.2905744,0
Yemen,1975,0.20399049,2.5583808,0.0,3.5613341,5.2952533,0.28898653,0
Yemen,1976,0.28842267,2.4940078,0.0,3.3338268,7.812861,0.25449058,0
Yemen,1977,2.08895,2.7512999,0.0,3.3966665,6.4961247,0.4755333,0
Yemen,1978,4.6170607,3.2029793,0.0,3.3477948,7.0022583,0.28111255,0
Yemen,1979,6.4762316,3.4648268,0.0,3.35361,7.194862,0.25665382,0
Yemen,1980,4.458185,3.8654783,0.0,3.3758512,8.220584,0.34359807,0
Yemen,1981,7.013948,3.7269688,0.0,3.416388,6.893166,0.29332623,0
Yemen,1982,5.911365,3.7617779,0.0,3.3890672,5.3392973,0.32070455,0
Yemen,1983,4.3782945,3.594902,0.0,3.4469278,5.483749,0.3655832,0
Yemen,1984,7.2814293,3.4922922,0.0,3.3700619,5.317015,0.32303703,0
Yemen,1985,7.2315254,3.5501802,0.0,3.4714818,5.841183,0.3235386,0
Yemen,1986,6.8483353,3.209884,0.0,3.209884,5.0640945,0.27988088,0
Yemen,1987,5.198201,3.1189208,0.0,3.1101842,5.0409446,0.2533577,0
Yemen,1988,7.1424193,3.099705,0.0,3.1346312,4.942065,0.20082596,0
Yemen,1989,5.2531133,3.0555608,0.0,3.2131543,4.649005,0.19261415,0
Yemen,1990,3.6052818,2.988241,0.0,3.446614,4.663066,0.19392712,0
Yemen,1991,3.4403129,2.8698983,0.0,2.8966365,6.1943455,0.17825456,0
Yemen,1992,3.776655,2.8821843,0.0,2.846044,5.6198072,0.17166615,0
Yemen,1993,5.4768624,3.0040314,0.0,2.7109554,5.5501313,0.17401402,0
Yemen,1994,5.1096587,2.9898908,0.0,2.44375,5.424384,0.16661932,0
Yemen,1995,4.0288396,2.769827,0.0,2.3594823,5.353133,0.1678683,0
Yemen,1996,4.613408,2.6442704,0.0,2.3723419,4.575901,0.15940638,0
Yemen,1997,4.6170745,2.679972,0.0,2.491904,5.0026145,0.15985799,0
Yemen,1998,5.258521,2.8409183,0.0,2.5398939,4.9386826,0.16932626,0
Yemen,1999,5.388832,2.7743552,0.0,2.5392404,5.388832,0.16928269,0
Yemen,2000,6.810271,3.000658,0.0,2.5303354,4.6091614,0.15050322,0
Yemen,2001,7.3463225,3.1457329,0.009418362,2.5712128,4.7656913,0.15069379,0
Yemen,2002,8.322192,3.2835863,0.0,2.54761,5.982166,0.15096948,0
Yemen,2003,10.3397,3.7427068,0.0,2.2115993,7.939075,0.17957431,0
Yemen,2004,9.715023,3.6987088,0.0,2.223009,8.731222,0.1513538,0
Yemen,2005,10.079127,3.6651373,0.00944623,2.1915252,6.9807634,0.16058591,0
Yemen,2006,8.757196,3.5649593,0.0,2.2763066,6.1328588,0.1128747,0
Yemen,2007,9.916695,3.854413,0.0,2.423041,3.555041,0.112264454,0
Yemen,2008,8.940604,4.0842094,0.0093034385,2.586356,2.5491424,0.111641265,0
Yemen,2009,10.361223,4.264754,0.009251093,2.6643147,3.2471335,0.1202642,0
Yemen,2010,10.040002,4.570001,0.010000002,2.8600006,2.7800004,0.100000024,0
Yemen,2011,9.250001,4.4300003,0.0,3.3800004,2.3300002,0.13,0
Yemen,2012,10.29,4.36,0.0,3.78,4.94,0.12,0
Yemen,2013,10.199997,4.2999988,0.0,4.3499985,5.1099987,0.10999997,0
Yemen,2014,11.069996,2.8999991,0.009999996,4.9199986,5.009999,0.10999996,0
Yemen,2015,8.279996,2.5599988,0.0,4.539998,4.2799983,0.09999996,0
Yemen,2016,8.739997,2.2499993,0.0,4.009999,3.5899987,0.089999974,0
Yemen,2017,8.410001,2.1300004,0.0,3.9000008,3.3600004,0.09000002,0
Yemen,2018,9.069999,2.0399997,0.0,3.7699995,2.8499994,0.07999999,0
Yemen,2019,10.459998,2.4099998,0.0,4.1699996,2.6699996,0.09999999,0
Yemen,2020,10.780002,2.9800007,0.010000002,4.250001,2.6000004,0.12000002,0
Yemen,2021,10.739999,2.9499998,0.009999999,3.9399996,2.5499997,0.14999999,0
Yugoslavia,1961,3.4861,6.2589054,21.619848,2.350857,1.4667741,0.10046398,1
Yugoslavia,1962,3.3822048,7.5070896,19.199282,2.7699957,0.9634767,0.1806519,1
Yugoslavia,1963,3.4085548,6.4361534,18.757074,2.1654348,1.1629186,0.21052836,0
Yugoslavia,1964,3.7363322,6.210525,21.085733,1.9733443,1.6127331,0.1702886,1
Yugoslavia,1965,4.0869927,6.4552503,24.54194,2.088463,1.7087427,0.13989706,1
Yugoslavia,1966,4.575194,6.9774194,20.812645,2.3922582,2.3822904,0.12958065,1
Yugoslavia,1967,4.812543,7.6563177,24.808458,2.2670655,2.2670655,0.14914905,1
Yugoslavia,1968,5.378137,9.178555,25.134356,2.6493776,2.1929305,0.15876418,1
Yugoslavia,1969,6.0557237,9.554366,21.64599,2.3489466,2.408414,0.16848984,1
Yugoslavia,1970,7.1555877,9.70266,24.34089,2.0614436,2.9732358,0.18830493,1
Yugoslavia,1971,7.4067326,9.37724,27.290047,2.3665898,2.9706147,0.24755122,1
Yugoslavia,1972,7.169963,8.861085,24.417433,2.3339465,2.8778749,0.20768167,1
Yugoslavia,1973,8.210359,9.387506,25.758764,2.2652676,3.1456554,0.21762395,1
Yugoslavia,1974,8.804287,10.317833,31.200811,2.1466634,3.6701016,0.14838687,1
Yugoslavia,1975,8.866207,13.784183,29.052662,2.562888,3.1862934,0.15832514,1
Yugoslavia,1976,9.6532135,15.241395,28.039816,2.710021,2.8682706,0.08901529,1
Yugoslavia,1977,10.658578,13.525914,32.311905,2.4817283,3.2826047,0.1384231,1
Yugoslavia,1978,11.733664,14.009164,35.349392,2.651452,3.5616517,0.10882825,1
Yugoslavia,1979,12.162468,14.5771475,34.191475,2.8501146,2.7808409,0.11875477,1
Yugoslavia,1980,12.18711,13.9819565,33.497196,2.7368937,3.421117,0.09916282,1
Yugoslavia,1981,12.454834,15.130833,34.320427,2.3974562,3.5414703,0.10942745,1
Yugoslavia,1982,11.267441,15.202103,33.68309,2.2852833,3.2292047,0.099360146,1
Yugoslavia,1983,10.976735,14.97008,34.251385,2.4635568,3.9734786,0.09933697,1
Yugoslavia,1984,12.145853,15.115061,38.051693,2.3315256,3.6268177,0.19927569,1
Yugoslavia,1985,11.504684,15.223269,35.341515,2.5322268,3.738524,0.26917374,1
Yugoslavia,1986,13.608646,14.4273615,35.70397,2.6458483,4.0835924,0.27956134,1
Yugoslavia,1987,14.226464,14.176406,37.443336,2.6230354,4.0246577,0.27031285,1
Yugoslavia,1988,13.736767,14.328782,38.43084,2.8798041,4.1240406,0.33112735,1
Yugoslavia,1989,11.936697,14.930918,37.00577,2.8234105,3.9588034,0.32152718,1
Yugoslavia,1990,12.573453,17.956335,38.584026,2.8119543,4.7602367,0.33140892,1
Yugoslavia,1991,9.893001,13.903678,31.857641,2.3568914,2.188542,0.29708713,1
Zambia,1961,1.2323518,9.030674,0.91686976,0.38449377,8.291263,3.9139495,0
Zambia,1962,1.2295283,8.695224,0.8459155,0.39344907,9.403433,3.786947,0
Zambia,1963,1.2469108,8.365104,0.7167283,0.38290963,13.44111,3.8094602,0
Zambia,1964,1.3822331,7.37191,0.8626703,0.40192595,13.126314,3.8918197,0
Zambia,1965,1.4782007,7.6455283,0.8125209,0.35241872,13.068861,4.287761,0
Zambia,1966,1.8080376,8.189921,1.1434616,0.3713807,13.6629,4.163373,0
Zambia,1967,1.9228922,7.9941554,1.1225005,0.38067406,13.95805,4.148371,0
Zambia,1968,1.8137573,8.893261,1.043398,0.44856364,14.276025,4.329614,0
Zambia,1969,2.2435834,8.447579,1.1315465,0.66332036,15.792878,4.184771,0
Zambia,1970,2.319807,7.742479,1.1158566,0.34258756,16.855309,4.0425334,0
Zambia,1971,1.9794283,7.966953,0.87646323,0.33482867,14.496112,3.899769,0
Zambia,1972,2.9829907,8.701215,1.218963,0.38650045,15.360916,4.0235686,0
Zambia,1973,2.7907977,7.0567317,1.255859,0.32891548,13.027045,3.976887,0
Zambia,1974,3.3770037,6.0024486,1.2626187,0.3607482,11.062944,4.1786666,0
Zambia,1975,4.2178245,5.8485823,1.2482345,0.22146095,13.478919,4.0366297,0
Zambia,1976,4.83934,5.4354177,1.1315367,0.21216314,11.375986,4.1321297,0
Zambia,1977,4.4189024,5.29052,1.3682381,0.24324231,11.026985,3.9425526,0
Zambia,1978,4.116593,5.0720487,1.3925264,0.22361737,9.381765,3.9946196,0
Zambia,1979,4.0162883,4.9642954,1.2028477,0.23445338,9.418909,3.9245455,0
Zambia,1980,4.1907077,4.9061947,1.2572123,0.1839823,9.904379,3.9147341,0
Zambia,1981,3.1846247,5.222375,1.3004738,0.19455907,7.5263643,3.9219012,0
Zambia,1982,3.0812514,5.353802,1.3307729,0.23544446,10.154821,4.0742126,0
Zambia,1983,2.7003942,4.756376,1.0126477,0.24549036,9.19566,3.9789898,0
Zambia,1984,2.1584315,4.3680105,0.84905124,0.22504973,10.505732,3.9281406,0
Zambia,1985,2.3930354,4.724711,0.87949175,0.24543954,10.318687,3.886126,0
Zambia,1986,2.3194213,4.6797137,0.8889412,0.2554429,8.174172,3.8520787,0
Zambia,1987,2.2767723,4.6964808,0.9086669,0.26545325,8.964152,3.8082333,0
Zambia,1988,2.4090726,4.624195,0.93913007,0.27561426,8.370507,3.7769363,0
Zambia,1989,2.4294732,4.573126,1.255568,0.2756125,9.238122,3.7360804,0
Zambia,1990,2.459726,7.1852574,1.2349662,0.27557096,8.583525,3.7253113,0
Zambia,1991,2.6417732,7.303126,1.2035878,0.28559712,8.94531,3.6821625,0
Zambia,1992,2.8332489,6.685652,1.1720273,0.27517167,9.162196,3.6587636,0
Zambia,1993,3.0449777,6.273265,1.1711452,0.29533228,9.043279,3.6254582,0
Zambia,1994,2.8803551,5.9439135,1.1908182,0.30533803,9.038006,3.6029885,0
Zambia,1995,2.881118,5.0088696,1.1198692,0.3155995,8.857147,3.573401,0
Zambia,1996,3.088195,4.698541,1.1924714,0.31595397,8.204611,3.536646,0
Zambia,1997,3.2858727,5.5308785,1.1429121,0.31634176,7.7962937,3.520578,0
Zambia,1998,3.4435554,5.6302648,1.1648823,0.3882941,8.031557,3.4844286,0
Zambia,1999,3.4769502,5.972173,1.1248957,0.46018457,7.3834057,3.4360447,0
Zambia,2000,3.5334108,5.3716016,1.0518534,0.5208206,7.3017015,3.3904402,0
Zambia,2001,3.5888915,5.3375864,1.0471836,0.5795094,6.5474396,3.4363892,0
Zambia,2002,3.6096487,5.641972,0.8594402,0.6066637,6.6733003,3.3872054,0
Zambia,2003,3.5988379,5.468625,0.8142622,0.66347295,7.056939,3.4782064,0
Zambia,2004,3.4459777,5.0141473,0.8390206,0.6891955,7.021804,3.2262342,0
Zambia,2005,3.3820257,5.117669,0.8628628,0.7140934,6.9128203,3.4613693,0
Zambia,2006,3.0509112,4.8322496,1.0924231,0.68891543,6.032931,2.80487,0
Zambia,2007,2.9391122,4.7260146,1.425616,0.6835145,6.9425545,2.7242935,0
Zambia,2008,2.9948046,4.5745883,1.81239,0.6590509,6.571125,2.3163702,0
Zambia,2009,3.004484,5.1134005,1.7429858,0.6644532,7.2126875,2.4170687,0
Zambia,2010,3.1199987,11.159996,1.6599994,0.67999977,6.6499977,2.709999,0
Zambia,2011,3.0899968,10.83999,1.8499981,0.66999936,6.339994,2.6699975,0
Zambia,2012,3.1099994,10.969999,3.3599994,0.6499999,8.259999,2.5899997,0
Zambia,2013,3.140001,12.110003,2.3500006,0.65000015,9.600003,2.5300007,0
Zambia,2014,3.2299988,11.579995,2.1199992,0.6599998,10.749996,2.579999,0
Zambia,2015,3.31,11.55,1.69,0.67,12.3,2.57,0
Zambia,2016,3.4800005,10.340001,1.6900002,0.64000005,12.450001,2.5700002,0
Zambia,2017,3.489999,11.609996,1.6899996,0.6299998,12.859996,2.3099992,0
Zambia,2018,3.3199985,11.649995,1.7899992,0.62999976,13.029994,2.269999,0
Zambia,2019,2.7200005,9.460001,1.5600002,0.5400001,13.070002,2.1900003,0
Zambia,2020,3.3300006,10.530003,1.6100004,0.8000002,12.690002,2.1800005,0
Zambia,2021,3.2399998,10.299999,1.8699999,0.80999994,12.329999,2.0999997,0
Zimbabwe,1961,0.898652,10.902328,1.3430403,0.6813955,1.5010451,2.16269,0
Zimbabwe,1962,0.90016294,10.2579,1.4442174,0.70232487,1.5332445,2.0970829,0
Zimbabwe,1963,0.8920433,10.139559,1.5462084,0.73345786,1.437181,2.0814345,0
Zimbabwe,1964,0.8738074,7.149333,1.5093037,0.8539482,1.8965592,2.015715,0
Zimbabwe,1965,0.8949098,6.3240294,1.282704,0.8949098,1.9389713,2.0284622,0
Zimbabwe,1966,0.91588455,7.436584,1.1249452,0.8661082,2.1005611,1.9611876,0
Zimbabwe,1967,0.91694933,4.2458744,1.7043297,0.9269162,2.0232687,2.003335,0
Zimbabwe,1968,0.9076991,4.6781416,1.994943,1.047345,2.0547912,2.0448165,0
Zimbabwe,1969,0.8985422,5.17161,1.876955,1.2879106,2.0167282,1.9867768,0
Zimbabwe,1970,0.90053225,6.2637024,1.9511533,1.4208398,1.7210172,2.1112478,0
Zimbabwe,1971,0.89358026,8.40367,1.5963963,1.5160744,1.7269193,2.0482066,0
Zimbabwe,1972,0.8863865,11.956145,1.5108861,1.5108861,1.8634262,1.984297,0
Zimbabwe,1973,0.9793884,13.065243,1.857809,1.5246149,1.7063572,2.1001318,0
Zimbabwe,1974,1.0210289,7.3696046,1.8095462,1.4253968,1.4456152,2.0319486,0
Zimbabwe,1975,1.0018393,6.3045034,1.7810476,1.325666,1.3357857,1.9632002,0
Zimbabwe,1976,1.0338854,7.3486953,1.6825979,1.1656551,1.317697,1.8853205,0
Zimbabwe,1977,1.0300266,7.026617,1.692915,1.1626042,1.3563716,1.9988636,0
Zimbabwe,1978,1.120838,6.8806996,1.5359632,1.3180224,1.5774757,1.9718446,0
Zimbabwe,1979,1.1091843,6.052977,1.2359482,0.9190384,1.7641312,1.9542772,0
Zimbabwe,1980,1.0752672,8.312643,1.2200147,0.54797274,2.7812202,1.9851087,0
Zimbabwe,1981,1.0591581,8.210998,1.2306409,0.7363671,2.703375,1.8661357,0
Zimbabwe,1982,1.1405902,9.013691,1.3222771,0.50468594,2.5436172,1.8572444,0
Zimbabwe,1983,1.1832266,7.3825254,1.4158267,0.5562177,1.9012531,1.8405749,0
Zimbabwe,1984,1.0763351,6.40724,1.066181,0.7412497,2.0308208,1.8175848,0
Zimbabwe,1985,1.0602822,6.4330587,0.927747,0.7442366,2.0186143,1.8249089,0
Zimbabwe,1986,1.0541878,7.6351857,0.9416047,0.85972595,2.2004893,1.8525048,0
Zimbabwe,1987,1.2630806,6.520782,1.0885084,0.9447432,2.1667478,1.8381417,0
Zimbabwe,1988,1.4314375,6.3333383,1.101898,0.94742626,2.3582673,1.8330637,0
Zimbabwe,1989,1.5901504,6.670371,1.1461474,1.0119139,2.4781566,1.8276403,0
Zimbabwe,1990,1.655069,7.4167776,1.1068274,1.086139,2.565357,1.83092,0
Zimbabwe,1991,1.6651026,7.260261,1.0445675,1.065252,2.1615305,1.8305786,0
Zimbabwe,1992,1.5788115,7.099493,1.021584,1.052541,2.2289107,1.4033881,0
Zimbabwe,1993,1.5682014,4.3307285,0.71659535,0.98661673,3.042934,1.6720558,0
Zimbabwe,1994,1.4945925,4.536404,0.842024,1.0209541,3.5365007,1.7998263,0
Zimbabwe,1995,1.651516,4.6263623,1.0057309,1.0269042,3.5147648,1.9585286,0
Zimbabwe,1996,1.8439547,4.8642254,0.90078247,1.0915363,3.465363,2.066501,0
Zimbabwe,1997,1.9188945,5.353822,0.94354486,1.0601628,3.2546997,2.024911,0
Zimbabwe,1998,1.9591951,5.125678,0.9743024,1.0802048,2.5416586,2.075688,0
Zimbabwe,1999,1.9238504,6.5432053,1.0042076,1.1521962,2.1669743,2.1352625,0
Zimbabwe,2000,2.0602841,7.1211867,1.5848339,1.172777,2.1659396,2.1870706,0
Zimbabwe,2001,3.191403,9.045832,2.3354306,1.1624316,1.511161,2.2720253,0
Zimbabwe,2002,2.7212975,7.552128,2.1939142,1.3079104,1.3184581,2.331034,0
Zimbabwe,2003,3.3477495,7.7554445,2.2248366,1.2593415,1.1648909,2.4452214,0
Zimbabwe,2004,3.7888353,8.412676,2.212763,1.1794446,1.5030091,2.672016,0
Zimbabwe,2005,4.2110896,8.349395,2.2563121,1.2165369,1.1021616,2.6514266,0
Zimbabwe,2006,4.3649945,8.420415,2.2598908,1.1557432,1.3930833,2.7036135,0
Zimbabwe,2007,4.594377,8.370158,2.2511427,1.2176635,1.1255714,2.6911387,0
Zimbabwe,2008,4.919919,8.291541,2.240957,1.1306646,1.1714092,2.6993346,0
Zimbabwe,2009,6.1498113,8.243796,2.5717392,1.0469927,1.3824369,2.8970184,0
Zimbabwe,2010,6.1899977,50.53998,1.7099994,1.9099993,2.3299992,2.3399992,1
Zimbabwe,2011,6.8599954,52.639965,1.9899987,1.8999987,3.179998,2.3899984,1
Zimbabwe,2012,6.9499993,52.599995,2.0899997,1.9399999,3.2399998,2.3299997,1
Zimbabwe,2013,5.19,51.52,1.97,1.94,3.83,2.43,1
Zimbabwe,2014,4.719997,39.939976,2.0399988,1.9299989,3.8199978,2.6299987,0
Zimbabwe,2015,4.880001,44.060013,1.6700003,1.7800004,4.370001,2.6500008,0
Zimbabwe,2016,5.169998,43.699986,1.5699996,1.4399996,4.3099985,2.609999,0
Zimbabwe,2017,5.0899997,41.409996,0.73999995,1.8099998,3.9299996,2.4999998,0
Zimbabwe,2018,4.379997,40.98997,0.51999956,1.8199987,3.1199975,2.3899982,0
Zimbabwe,2019,4.470001,40.98001,0.6900002,1.7700005,2.0200005,2.3700006,0
Zimbabwe,2020,7.2100034,40.120018,0.6400003,1.7600008,1.9800009,2.270001,0
Zimbabwe,2021,7.3299975,43.769985,0.7299998,1.9099994,1.9399993,2.2299993,0
